log,arm,task,n_labels,n_train_samples,seed,value,run
BPI17,gin0,future_activity_set,all,20446,0,0.7385589480400085,2026-09-06T22:33:26
BPI17,gin0,future_activity_set,all,20446,1,0.728927731513977,2026-09-06T22:33:57
BPI17,gin0,future_activity_set,all,20446,2,0.7249171733856201,2026-09-06T22:26:20
BPI17,gin0,next_3_activities,all,20446,0,0.7007601261138916,2026-09-06T22:33:26
BPI17,gin0,next_3_activities,all,20446,1,0.7017114758491516,2026-09-06T22:33:57
BPI17,gin0,next_3_activities,all,20446,2,0.7015193700790405,2026-09-06T22:26:20
BPI17,gin0,next_5_activities,all,20446,0,0.6474946737289429,2026-09-06T22:33:26
BPI17,gin0,next_5_activities,all,20446,1,0.6503838896751404,2026-09-06T22:33:57
BPI17,gin0,next_5_activities,all,20446,2,0.6475921273231506,2026-09-06T22:26:20
BPI17,gin0,next_activity,all,20446,0,0.7860001921653748,2026-09-06T22:33:26
BPI17,gin0,next_activity,all,20446,1,0.7871458530426025,2026-09-06T22:33:57
BPI17,gin0,next_activity,all,20446,2,0.786849319934845,2026-09-06T22:26:20
BPI17,gin0,next_time,all,20446,0,0.5864304900169373,2026-09-06T22:33:26
BPI17,gin0,next_time,all,20446,1,0.5845814347267151,2026-09-06T22:33:57
BPI17,gin0,next_time,all,20446,2,0.5812879204750061,2026-09-06T22:26:20
BPI17,gin0,remaining_count,all,20446,0,8.513689041137695,2026-09-06T22:33:26
BPI17,gin0,remaining_count,all,20446,1,8.442998886108398,2026-09-06T22:33:57
BPI17,gin0,remaining_count,all,20446,2,8.591960906982422,2026-09-06T22:26:20
BPI17,gin0,remaining_time,all,20446,0,7.386633396148682,2026-09-06T22:33:26
BPI17,gin0,remaining_time,all,20446,1,7.417748928070068,2026-09-06T22:33:57
BPI17,gin0,remaining_time,all,20446,2,7.302549362182617,2026-09-06T22:26:20
BPI17,gin11,future_activity_set,all,20446,0,0.7544200420379639,2026-09-06T22:17:38
BPI17,gin11,future_activity_set,all,20446,1,0.7473845481872559,2026-09-06T22:05:12
BPI17,gin11,future_activity_set,all,20446,2,0.7466601133346558,2026-09-06T22:18:50
BPI17,gin11,next_3_activities,all,20446,0,0.7138151526451111,2026-09-06T22:17:38
BPI17,gin11,next_3_activities,all,20446,1,0.7139054536819458,2026-09-06T22:05:12
BPI17,gin11,next_3_activities,all,20446,2,0.7133568525314331,2026-09-06T22:18:50
BPI17,gin11,next_5_activities,all,20446,0,0.654022216796875,2026-09-06T22:17:38
BPI17,gin11,next_5_activities,all,20446,1,0.6574600338935852,2026-09-06T22:05:12
BPI17,gin11,next_5_activities,all,20446,2,0.6558012962341309,2026-09-06T22:18:50
BPI17,gin11,next_activity,all,20446,0,0.798191249370575,2026-09-06T22:17:38
BPI17,gin11,next_activity,all,20446,1,0.7970051765441895,2026-09-06T22:05:12
BPI17,gin11,next_activity,all,20446,2,0.7978745102882385,2026-09-06T22:18:50
BPI17,gin11,next_time,all,20446,0,0.587480902671814,2026-09-06T22:17:38
BPI17,gin11,next_time,all,20446,1,0.5848737359046936,2026-09-06T22:05:12
BPI17,gin11,next_time,all,20446,2,0.5879705548286438,2026-09-06T22:18:50
BPI17,gin11,remaining_count,all,20446,0,8.188902854919434,2026-09-06T22:17:38
BPI17,gin11,remaining_count,all,20446,1,8.190924644470215,2026-09-06T22:05:12
BPI17,gin11,remaining_count,all,20446,2,8.224862098693848,2026-09-06T22:18:50
BPI17,gin11,remaining_time,all,20446,0,7.2088623046875,2026-09-06T22:17:38
BPI17,gin11,remaining_time,all,20446,1,7.51080322265625,2026-09-06T22:05:12
BPI17,gin11,remaining_time,all,20446,2,7.374589920043945,2026-09-06T22:18:50
BPI17,gin15_s1,future_activity_set,all,20446,0,0.7698537111282349,2026-09-07T19:04:50
BPI17,gin15_s1,future_activity_set,all,20446,1,0.7711043357849121,2026-09-07T19:06:27
BPI17,gin15_s1,future_activity_set,all,20446,2,0.7703477144241333,2026-09-07T19:03:13
BPI17,gin15_s1,next_3_activities,all,20446,0,0.737186849117279,2026-09-07T19:04:50
BPI17,gin15_s1,next_3_activities,all,20446,1,0.7394900321960449,2026-09-07T19:06:27
BPI17,gin15_s1,next_3_activities,all,20446,2,0.7379415035247803,2026-09-07T19:03:13
BPI17,gin15_s1,next_5_activities,all,20446,0,0.6780553460121155,2026-09-07T19:04:50
BPI17,gin15_s1,next_5_activities,all,20446,1,0.6768606901168823,2026-09-07T19:06:27
BPI17,gin15_s1,next_5_activities,all,20446,2,0.676915168762207,2026-09-07T19:03:13
BPI17,gin15_s1,next_activity,all,20446,0,0.8301749229431152,2026-09-07T19:04:50
BPI17,gin15_s1,next_activity,all,20446,1,0.8310712575912476,2026-09-07T19:06:27
BPI17,gin15_s1,next_activity,all,20446,2,0.8309162259101868,2026-09-07T19:03:13
BPI17,gin15_s1,next_time,all,20446,0,0.5688863396644592,2026-09-07T19:04:50
BPI17,gin15_s1,next_time,all,20446,1,0.5650742650032043,2026-09-07T19:06:27
BPI17,gin15_s1,next_time,all,20446,2,0.580595850944519,2026-09-07T19:03:13
BPI17,gin15_s1,remaining_count,all,20446,0,8.082240104675293,2026-09-07T19:04:50
BPI17,gin15_s1,remaining_count,all,20446,1,8.096532821655273,2026-09-07T19:06:27
BPI17,gin15_s1,remaining_count,all,20446,2,8.098992347717285,2026-09-07T19:03:13
BPI17,gin15_s1,remaining_time,all,20446,0,7.013081073760986,2026-09-07T19:04:50
BPI17,gin15_s1,remaining_time,all,20446,1,6.948225498199463,2026-09-07T19:06:27
BPI17,gin15_s1,remaining_time,all,20446,2,7.066689968109131,2026-09-07T19:03:13
BPI17,gin15_s2,future_activity_set,all,20446,0,0.7634553909301758,2026-09-07T19:33:04
BPI17,gin15_s2,future_activity_set,all,20446,1,0.7654242515563965,2026-09-07T19:42:53
BPI17,gin15_s2,future_activity_set,all,20446,2,0.7487279772758484,2026-09-07T19:49:51
BPI17,gin15_s2,next_3_activities,all,20446,0,0.7248309254646301,2026-09-07T19:33:04
BPI17,gin15_s2,next_3_activities,all,20446,1,0.7241387963294983,2026-09-07T19:42:53
BPI17,gin15_s2,next_3_activities,all,20446,2,0.7264118790626526,2026-09-07T19:49:51
BPI17,gin15_s2,next_5_activities,all,20446,0,0.6630722284317017,2026-09-07T19:33:04
BPI17,gin15_s2,next_5_activities,all,20446,1,0.6576405167579651,2026-09-07T19:42:53
BPI17,gin15_s2,next_5_activities,all,20446,2,0.6628387570381165,2026-09-07T19:49:51
BPI17,gin15_s2,next_activity,all,20446,0,0.8137720227241516,2026-09-07T19:33:04
BPI17,gin15_s2,next_activity,all,20446,1,0.8161913156509399,2026-09-07T19:42:53
BPI17,gin15_s2,next_activity,all,20446,2,0.8155848383903503,2026-09-07T19:49:51
BPI17,gin15_s2,next_time,all,20446,0,0.5912081003189087,2026-09-07T19:33:04
BPI17,gin15_s2,next_time,all,20446,1,0.5911899209022522,2026-09-07T19:42:53
BPI17,gin15_s2,next_time,all,20446,2,0.5797156095504761,2026-09-07T19:49:51
BPI17,gin15_s2,remaining_count,all,20446,0,8.16561508178711,2026-09-07T19:33:04
BPI17,gin15_s2,remaining_count,all,20446,1,8.093300819396973,2026-09-07T19:42:53
BPI17,gin15_s2,remaining_count,all,20446,2,8.121188163757324,2026-09-07T19:49:51
BPI17,gin15_s2,remaining_time,all,20446,0,7.026691436767578,2026-09-07T19:33:04
BPI17,gin15_s2,remaining_time,all,20446,1,7.297799587249756,2026-09-07T19:42:53
BPI17,gin15_s2,remaining_time,all,20446,2,7.184762954711914,2026-09-07T19:49:51
BPI17,latent0,future_activity_set,all,20446,0,0.7600947022438049,2026-09-06T22:37:26
BPI17,latent0,future_activity_set,all,20446,1,0.7644477486610413,2026-09-06T22:36:55
BPI17,latent0,future_activity_set,all,20446,2,0.7390882968902588,2026-09-06T22:55:44
BPI17,latent0,next_3_activities,all,20446,0,0.7136693596839905,2026-09-06T22:37:26
BPI17,latent0,next_3_activities,all,20446,1,0.711921751499176,2026-09-06T22:36:55
BPI17,latent0,next_3_activities,all,20446,2,0.7138082385063171,2026-09-06T22:55:44
BPI17,latent0,next_5_activities,all,20446,0,0.6551796197891235,2026-09-06T22:37:26
BPI17,latent0,next_5_activities,all,20446,1,0.6485962271690369,2026-09-06T22:36:55
BPI17,latent0,next_5_activities,all,20446,2,0.6535037159919739,2026-09-06T22:55:44
BPI17,latent0,next_activity,all,20446,0,0.8016079664230347,2026-09-06T22:37:26
BPI17,latent0,next_activity,all,20446,1,0.7971264719963074,2026-09-06T22:36:55
BPI17,latent0,next_activity,all,20446,2,0.800563395023346,2026-09-06T22:55:44
BPI17,latent0,next_time,all,20446,0,0.5861517190933228,2026-09-06T22:37:26
BPI17,latent0,next_time,all,20446,1,0.5786967277526855,2026-09-06T22:36:55
BPI17,latent0,next_time,all,20446,2,0.5758053064346313,2026-09-06T22:55:44
BPI17,latent0,remaining_count,all,20446,0,8.14990234375,2026-09-06T22:37:26
BPI17,latent0,remaining_count,all,20446,1,8.119732856750488,2026-09-06T22:36:55
BPI17,latent0,remaining_count,all,20446,2,8.14539623260498,2026-09-06T22:55:44
BPI17,latent0,remaining_time,all,20446,0,7.0344743728637695,2026-09-06T22:37:26
BPI17,latent0,remaining_time,all,20446,1,7.2001471519470215,2026-09-06T22:36:55
BPI17,latent0,remaining_time,all,20446,2,6.983383655548096,2026-09-06T22:55:44
BPI17,latent0_s1,future_activity_set,all,20446,0,0.7675400376319885,2026-09-07T18:44:52
BPI17,latent0_s1,future_activity_set,all,20446,1,0.7687510848045349,2026-09-07T18:42:39
BPI17,latent0_s1,future_activity_set,all,20446,2,0.772515594959259,2026-09-07T19:00:22
BPI17,latent0_s1,next_3_activities,all,20446,0,0.711227297782898,2026-09-07T18:44:52
BPI17,latent0_s1,next_3_activities,all,20446,1,0.7114958167076111,2026-09-07T18:42:39
BPI17,latent0_s1,next_3_activities,all,20446,2,0.7120906710624695,2026-09-07T19:00:22
BPI17,latent0_s1,next_5_activities,all,20446,0,0.6540494561195374,2026-09-07T18:44:52
BPI17,latent0_s1,next_5_activities,all,20446,1,0.6497521996498108,2026-09-07T18:42:39
BPI17,latent0_s1,next_5_activities,all,20446,2,0.6533747911453247,2026-09-07T19:00:22
BPI17,latent0_s1,next_activity,all,20446,0,0.8075315952301025,2026-09-07T18:44:52
BPI17,latent0_s1,next_activity,all,20446,1,0.8073631525039673,2026-09-07T18:42:39
BPI17,latent0_s1,next_activity,all,20446,2,0.8081044554710388,2026-09-07T19:00:22
BPI17,latent0_s1,next_time,all,20446,0,0.5907040238380432,2026-09-07T18:44:52
BPI17,latent0_s1,next_time,all,20446,1,0.5909423828125,2026-09-07T18:42:39
BPI17,latent0_s1,next_time,all,20446,2,0.5908921957015991,2026-09-07T19:00:22
BPI17,latent0_s1,remaining_count,all,20446,0,8.106450080871582,2026-09-07T18:44:52
BPI17,latent0_s1,remaining_count,all,20446,1,8.099865913391113,2026-09-07T18:42:39
BPI17,latent0_s1,remaining_count,all,20446,2,8.12328052520752,2026-09-07T19:00:22
BPI17,latent0_s1,remaining_time,all,20446,0,7.117942810058594,2026-09-07T18:44:52
BPI17,latent0_s1,remaining_time,all,20446,1,7.211963176727295,2026-09-07T18:42:39
BPI17,latent0_s1,remaining_time,all,20446,2,7.414665222167969,2026-09-07T19:00:22
BPI17,latent0_s2,future_activity_set,all,20446,0,0.7635423541069031,2026-09-07T19:57:56
BPI17,latent0_s2,future_activity_set,all,20446,1,0.7653557658195496,2026-09-07T19:50:23
BPI17,latent0_s2,future_activity_set,all,20446,2,0.7695390582084656,2026-09-07T20:05:09
BPI17,latent0_s2,next_3_activities,all,20446,0,0.7128869891166687,2026-09-07T19:57:56
BPI17,latent0_s2,next_3_activities,all,20446,1,0.7119263410568237,2026-09-07T19:50:23
BPI17,latent0_s2,next_3_activities,all,20446,2,0.7123198509216309,2026-09-07T20:05:09
BPI17,latent0_s2,next_5_activities,all,20446,0,0.6562252640724182,2026-09-07T19:57:56
BPI17,latent0_s2,next_5_activities,all,20446,1,0.6527803540229797,2026-09-07T19:50:23
BPI17,latent0_s2,next_5_activities,all,20446,2,0.6533031463623047,2026-09-07T20:05:09
BPI17,latent0_s2,next_activity,all,20446,0,0.7900369167327881,2026-09-07T19:57:56
BPI17,latent0_s2,next_activity,all,20446,1,0.7899492979049683,2026-09-07T19:50:23
BPI17,latent0_s2,next_activity,all,20446,2,0.7943364977836609,2026-09-07T20:05:09
BPI17,latent0_s2,next_time,all,20446,0,0.5918155312538147,2026-09-07T19:57:56
BPI17,latent0_s2,next_time,all,20446,1,0.5917941927909851,2026-09-07T19:50:23
BPI17,latent0_s2,next_time,all,20446,2,0.5835252404212952,2026-09-07T20:05:09
BPI17,latent0_s2,remaining_count,all,20446,0,8.10913372039795,2026-09-07T19:57:56
BPI17,latent0_s2,remaining_count,all,20446,1,8.133532524108887,2026-09-07T19:50:23
BPI17,latent0_s2,remaining_count,all,20446,2,8.126461029052734,2026-09-07T20:05:09
BPI17,latent0_s2,remaining_time,all,20446,0,7.048277854919434,2026-09-07T19:57:56
BPI17,latent0_s2,remaining_time,all,20446,1,7.353794097900391,2026-09-07T19:50:23
BPI17,latent0_s2,remaining_time,all,20446,2,7.180891990661621,2026-09-07T20:05:09
BPI17,mlp15,future_activity_set,all,20446,0,0.7488698959350586,2026-09-06T21:16:52
BPI17,mlp15,future_activity_set,all,20446,1,0.7613440752029419,2026-09-06T21:25:36
BPI17,mlp15,future_activity_set,all,20446,2,0.7469991445541382,2026-09-06T21:15:59
BPI17,mlp15,next_3_activities,all,20446,0,0.7066348791122437,2026-09-06T21:16:52
BPI17,mlp15,next_3_activities,all,20446,1,0.7050053477287292,2026-09-06T21:25:36
BPI17,mlp15,next_3_activities,all,20446,2,0.7058363556861877,2026-09-06T21:15:59
BPI17,mlp15,next_5_activities,all,20446,0,0.6466209292411804,2026-09-06T21:16:52
BPI17,mlp15,next_5_activities,all,20446,1,0.6458803415298462,2026-09-06T21:25:36
BPI17,mlp15,next_5_activities,all,20446,2,0.6437718272209167,2026-09-06T21:15:59
BPI17,mlp15,next_activity,all,20446,0,0.7966142892837524,2026-09-06T21:16:52
BPI17,mlp15,next_activity,all,20446,1,0.7974634170532227,2026-09-06T21:25:36
BPI17,mlp15,next_activity,all,20446,2,0.7993031740188599,2026-09-06T21:15:59
BPI17,mlp15,next_time,all,20446,0,0.5520025491714478,2026-09-06T21:16:52
BPI17,mlp15,next_time,all,20446,1,0.5542521476745605,2026-09-06T21:25:36
BPI17,mlp15,next_time,all,20446,2,0.5811965465545654,2026-09-06T21:15:59
BPI17,mlp15,remaining_count,all,20446,0,8.06482219696045,2026-09-06T21:16:52
BPI17,mlp15,remaining_count,all,20446,1,8.104252815246582,2026-09-06T21:25:36
BPI17,mlp15,remaining_count,all,20446,2,8.141837120056152,2026-09-06T21:15:59
BPI17,mlp15,remaining_time,all,20446,0,7.149087905883789,2026-09-06T21:16:52
BPI17,mlp15,remaining_time,all,20446,1,7.134209156036377,2026-09-06T21:25:36
BPI17,mlp15,remaining_time,all,20446,2,7.327439785003662,2026-09-06T21:15:59
BPI17,norole,future_activity_set,all,20446,0,0.7155119180679321,2026-09-06T23:01:51
BPI17,norole,future_activity_set,all,20446,1,0.7101973295211792,2026-09-06T23:08:04
BPI17,norole,future_activity_set,all,20446,2,0.7221470475196838,2026-09-06T23:15:46
BPI17,norole,next_3_activities,all,20446,0,0.5861514806747437,2026-09-06T23:01:51
BPI17,norole,next_3_activities,all,20446,1,0.5836169123649597,2026-09-06T23:08:04
BPI17,norole,next_3_activities,all,20446,2,0.5860797762870789,2026-09-06T23:15:46
BPI17,norole,next_5_activities,all,20446,0,0.5457471609115601,2026-09-06T23:01:51
BPI17,norole,next_5_activities,all,20446,1,0.5465880036354065,2026-09-06T23:08:04
BPI17,norole,next_5_activities,all,20446,2,0.547076404094696,2026-09-06T23:15:46
BPI17,norole,next_activity,all,20446,0,0.6313381195068359,2026-09-06T23:01:51
BPI17,norole,next_activity,all,20446,1,0.6308596134185791,2026-09-06T23:08:04
BPI17,norole,next_activity,all,20446,2,0.6335013508796692,2026-09-06T23:15:46
BPI17,norole,next_time,all,20446,0,0.7302117943763733,2026-09-06T23:01:51
BPI17,norole,next_time,all,20446,1,0.6413156986236572,2026-09-06T23:08:04
BPI17,norole,next_time,all,20446,2,0.6962129473686218,2026-09-06T23:15:46
BPI17,norole,remaining_count,all,20446,0,8.872312545776367,2026-09-06T23:01:51
BPI17,norole,remaining_count,all,20446,1,8.914822578430176,2026-09-06T23:08:04
BPI17,norole,remaining_count,all,20446,2,8.810532569885254,2026-09-06T23:15:46
BPI17,norole,remaining_time,all,20446,0,8.005146026611328,2026-09-06T23:01:51
BPI17,norole,remaining_time,all,20446,1,7.903372764587402,2026-09-06T23:08:04
BPI17,norole,remaining_time,all,20446,2,7.7558159828186035,2026-09-06T23:15:46
BPI17,pfm,future_activity_set,0,0,0,0.29954928159713745,2026-09-06T20:35:45
BPI17,pfm,future_activity_set,0,0,1,0.3382357954978943,2026-09-06T20:39:16
BPI17,pfm,future_activity_set,0,0,2,0.2911808490753174,2026-09-06T20:54:59
BPI17,pfm,future_activity_set,10,10,0,0.6329940557479858,2026-09-06T20:35:45
BPI17,pfm,future_activity_set,10,10,1,0.7184500694274902,2026-09-06T20:39:16
BPI17,pfm,future_activity_set,10,10,2,0.6634923815727234,2026-09-06T20:54:59
BPI17,pfm,future_activity_set,100,100,0,0.7252269983291626,2026-09-06T20:35:45
BPI17,pfm,future_activity_set,100,100,1,0.6858580112457275,2026-09-06T20:39:16
BPI17,pfm,future_activity_set,100,100,2,0.7113099694252014,2026-09-06T20:54:59
BPI17,pfm,future_activity_set,1000,1000,0,0.7340132594108582,2026-09-06T20:35:45
BPI17,pfm,future_activity_set,1000,1000,1,0.7337783575057983,2026-09-06T20:39:16
BPI17,pfm,future_activity_set,1000,1000,2,0.7337788939476013,2026-09-06T20:54:59
BPI17,pfm,future_activity_set,30,30,0,0.7462313175201416,2026-09-06T20:35:45
BPI17,pfm,future_activity_set,30,30,1,0.7351933717727661,2026-09-06T20:39:16
BPI17,pfm,future_activity_set,30,30,2,0.6944187879562378,2026-09-06T20:54:59
BPI17,pfm,future_activity_set,300,300,0,0.7548023462295532,2026-09-06T20:35:45
BPI17,pfm,future_activity_set,300,300,1,0.7204347252845764,2026-09-06T20:39:16
BPI17,pfm,future_activity_set,300,300,2,0.7294044494628906,2026-09-06T20:54:59
BPI17,pfm,future_activity_set,5000,5000,0,0.743869960308075,2026-09-06T20:35:45
BPI17,pfm,future_activity_set,5000,5000,1,0.7511669993400574,2026-09-06T20:39:16
BPI17,pfm,future_activity_set,5000,5000,2,0.7471776604652405,2026-09-06T20:54:59
BPI17,pfm,future_activity_set,all,20446,0,0.7661005258560181,2026-09-06T20:35:45
BPI17,pfm,future_activity_set,all,20446,1,0.7683237195014954,2026-09-06T20:39:16
BPI17,pfm,future_activity_set,all,20446,2,0.7701911330223083,2026-09-06T20:54:59
BPI17,pfm,next_3_activities,0,0,0,0.03413283824920654,2026-09-06T20:35:45
BPI17,pfm,next_3_activities,0,0,1,0.07014753669500351,2026-09-06T20:39:16
BPI17,pfm,next_3_activities,0,0,2,0.06394409388303757,2026-09-06T20:54:59
BPI17,pfm,next_3_activities,10,10,0,0.5377484560012817,2026-09-06T20:35:45
BPI17,pfm,next_3_activities,10,10,1,0.5596526265144348,2026-09-06T20:39:16
BPI17,pfm,next_3_activities,10,10,2,0.5735039114952087,2026-09-06T20:54:59
BPI17,pfm,next_3_activities,100,100,0,0.5772953629493713,2026-09-06T20:35:45
BPI17,pfm,next_3_activities,100,100,1,0.5713164806365967,2026-09-06T20:39:16
BPI17,pfm,next_3_activities,100,100,2,0.583283543586731,2026-09-06T20:54:59
BPI17,pfm,next_3_activities,1000,1000,0,0.6790180206298828,2026-09-06T20:35:45
BPI17,pfm,next_3_activities,1000,1000,1,0.6662916541099548,2026-09-06T20:39:16
BPI17,pfm,next_3_activities,1000,1000,2,0.6752750873565674,2026-09-06T20:54:59
BPI17,pfm,next_3_activities,30,30,0,0.5808114409446716,2026-09-06T20:35:45
BPI17,pfm,next_3_activities,30,30,1,0.5782675743103027,2026-09-06T20:39:16
BPI17,pfm,next_3_activities,30,30,2,0.5851584672927856,2026-09-06T20:54:59
BPI17,pfm,next_3_activities,300,300,0,0.6385937333106995,2026-09-06T20:35:45
BPI17,pfm,next_3_activities,300,300,1,0.6357998847961426,2026-09-06T20:39:16
BPI17,pfm,next_3_activities,300,300,2,0.6377002596855164,2026-09-06T20:54:59
BPI17,pfm,next_3_activities,5000,5000,0,0.7023827433586121,2026-09-06T20:35:45
BPI17,pfm,next_3_activities,5000,5000,1,0.6939595341682434,2026-09-06T20:39:16
BPI17,pfm,next_3_activities,5000,5000,2,0.7000471949577332,2026-09-06T20:54:59
BPI17,pfm,next_3_activities,all,20446,0,0.7058571577072144,2026-09-06T20:35:45
BPI17,pfm,next_3_activities,all,20446,1,0.7060192227363586,2026-09-06T20:39:16
BPI17,pfm,next_3_activities,all,20446,2,0.706630289554596,2026-09-06T20:54:59
BPI17,pfm,next_5_activities,0,0,0,0.03034435398876667,2026-09-06T20:35:45
BPI17,pfm,next_5_activities,0,0,1,0.049010198563337326,2026-09-06T20:39:16
BPI17,pfm,next_5_activities,0,0,2,0.04771959036588669,2026-09-06T20:54:59
BPI17,pfm,next_5_activities,10,10,0,0.5033833980560303,2026-09-06T20:35:45
BPI17,pfm,next_5_activities,10,10,1,0.5162379145622253,2026-09-06T20:39:16
BPI17,pfm,next_5_activities,10,10,2,0.5344725847244263,2026-09-06T20:54:59
BPI17,pfm,next_5_activities,100,100,0,0.542305052280426,2026-09-06T20:35:45
BPI17,pfm,next_5_activities,100,100,1,0.5298845767974854,2026-09-06T20:39:16
BPI17,pfm,next_5_activities,100,100,2,0.5415258407592773,2026-09-06T20:54:59
BPI17,pfm,next_5_activities,1000,1000,0,0.6257534623146057,2026-09-06T20:35:45
BPI17,pfm,next_5_activities,1000,1000,1,0.6175342202186584,2026-09-06T20:39:16
BPI17,pfm,next_5_activities,1000,1000,2,0.6252621412277222,2026-09-06T20:54:59
BPI17,pfm,next_5_activities,30,30,0,0.54940265417099,2026-09-06T20:35:45
BPI17,pfm,next_5_activities,30,30,1,0.5329169631004333,2026-09-06T20:39:16
BPI17,pfm,next_5_activities,30,30,2,0.5402796268463135,2026-09-06T20:54:59
BPI17,pfm,next_5_activities,300,300,0,0.5931272506713867,2026-09-06T20:35:45
BPI17,pfm,next_5_activities,300,300,1,0.5937976241111755,2026-09-06T20:39:16
BPI17,pfm,next_5_activities,300,300,2,0.5958688855171204,2026-09-06T20:54:59
BPI17,pfm,next_5_activities,5000,5000,0,0.6473585963249207,2026-09-06T20:35:45
BPI17,pfm,next_5_activities,5000,5000,1,0.6422019004821777,2026-09-06T20:39:16
BPI17,pfm,next_5_activities,5000,5000,2,0.6464031934738159,2026-09-06T20:54:59
BPI17,pfm,next_5_activities,all,20446,0,0.6529006361961365,2026-09-06T20:35:45
BPI17,pfm,next_5_activities,all,20446,1,0.6480576395988464,2026-09-06T20:39:16
BPI17,pfm,next_5_activities,all,20446,2,0.6482395529747009,2026-09-06T20:54:59
BPI17,pfm,next_activity,0,0,0,0.0328395813703537,2026-09-06T20:35:45
BPI17,pfm,next_activity,0,0,1,0.12094643712043762,2026-09-06T20:39:16
BPI17,pfm,next_activity,0,0,2,0.019469229504466057,2026-09-06T20:54:59
BPI17,pfm,next_activity,10,10,0,0.6076906323432922,2026-09-06T20:35:45
BPI17,pfm,next_activity,10,10,1,0.6200299263000488,2026-09-06T20:39:16
BPI17,pfm,next_activity,10,10,2,0.6221527457237244,2026-09-06T20:54:59
BPI17,pfm,next_activity,100,100,0,0.6502951979637146,2026-09-06T20:35:45
BPI17,pfm,next_activity,100,100,1,0.6337035298347473,2026-09-06T20:39:16
BPI17,pfm,next_activity,100,100,2,0.6447691321372986,2026-09-06T20:54:59
BPI17,pfm,next_activity,1000,1000,0,0.7613620758056641,2026-09-06T20:35:45
BPI17,pfm,next_activity,1000,1000,1,0.7354570627212524,2026-09-06T20:39:16
BPI17,pfm,next_activity,1000,1000,2,0.75076824426651,2026-09-06T20:54:59
BPI17,pfm,next_activity,30,30,0,0.654587984085083,2026-09-06T20:35:45
BPI17,pfm,next_activity,30,30,1,0.6193155646324158,2026-09-06T20:39:16
BPI17,pfm,next_activity,30,30,2,0.6413524150848389,2026-09-06T20:54:59
BPI17,pfm,next_activity,300,300,0,0.7206175923347473,2026-09-06T20:35:45
BPI17,pfm,next_activity,300,300,1,0.7099630832672119,2026-09-06T20:39:16
BPI17,pfm,next_activity,300,300,2,0.7063643932342529,2026-09-06T20:54:59
BPI17,pfm,next_activity,5000,5000,0,0.7908523678779602,2026-09-06T20:35:45
BPI17,pfm,next_activity,5000,5000,1,0.7782098054885864,2026-09-06T20:39:16
BPI17,pfm,next_activity,5000,5000,2,0.785481333732605,2026-09-06T20:54:59
BPI17,pfm,next_activity,all,20446,0,0.7944645285606384,2026-09-06T20:35:45
BPI17,pfm,next_activity,all,20446,1,0.796809732913971,2026-09-06T20:39:16
BPI17,pfm,next_activity,all,20446,2,0.7953675389289856,2026-09-06T20:54:59
BPI17,pfm,next_time,0,0,0,0.5920195579528809,2026-09-06T20:35:45
BPI17,pfm,next_time,0,0,1,0.5920200943946838,2026-09-06T20:39:16
BPI17,pfm,next_time,0,0,2,0.5920200347900391,2026-09-06T20:54:59
BPI17,pfm,next_time,10,10,0,0.5919758677482605,2026-09-06T20:35:45
BPI17,pfm,next_time,10,10,1,0.5918917655944824,2026-09-06T20:39:16
BPI17,pfm,next_time,10,10,2,0.5919786095619202,2026-09-06T20:54:59
BPI17,pfm,next_time,100,100,0,0.5919080376625061,2026-09-06T20:35:45
BPI17,pfm,next_time,100,100,1,0.5918819904327393,2026-09-06T20:39:16
BPI17,pfm,next_time,100,100,2,0.5918986797332764,2026-09-06T20:54:59
BPI17,pfm,next_time,1000,1000,0,0.5833525061607361,2026-09-06T20:35:45
BPI17,pfm,next_time,1000,1000,1,0.5842735171318054,2026-09-06T20:39:16
BPI17,pfm,next_time,1000,1000,2,0.580101490020752,2026-09-06T20:54:59
BPI17,pfm,next_time,30,30,0,0.5918546319007874,2026-09-06T20:35:45
BPI17,pfm,next_time,30,30,1,0.591954231262207,2026-09-06T20:39:16
BPI17,pfm,next_time,30,30,2,0.5919318795204163,2026-09-06T20:54:59
BPI17,pfm,next_time,300,300,0,0.5910313129425049,2026-09-06T20:35:45
BPI17,pfm,next_time,300,300,1,0.5874631404876709,2026-09-06T20:39:16
BPI17,pfm,next_time,300,300,2,0.59125155210495,2026-09-06T20:54:59
BPI17,pfm,next_time,5000,5000,0,0.5800855755805969,2026-09-06T20:35:45
BPI17,pfm,next_time,5000,5000,1,0.586500346660614,2026-09-06T20:39:16
BPI17,pfm,next_time,5000,5000,2,0.5611006021499634,2026-09-06T20:54:59
BPI17,pfm,next_time,all,20446,0,0.5829649567604065,2026-09-06T20:35:45
BPI17,pfm,next_time,all,20446,1,0.5848298072814941,2026-09-06T20:39:16
BPI17,pfm,next_time,all,20446,2,0.578643798828125,2026-09-06T20:54:59
BPI17,pfm,remaining_count,0,0,0,18.886613845825195,2026-09-06T20:35:45
BPI17,pfm,remaining_count,0,0,1,19.091327667236328,2026-09-06T20:39:16
BPI17,pfm,remaining_count,0,0,2,19.24669647216797,2026-09-06T20:54:59
BPI17,pfm,remaining_count,10,10,0,9.86998176574707,2026-09-06T20:35:45
BPI17,pfm,remaining_count,10,10,1,8.975191116333008,2026-09-06T20:39:16
BPI17,pfm,remaining_count,10,10,2,9.239779472351074,2026-09-06T20:54:59
BPI17,pfm,remaining_count,100,100,0,8.565450668334961,2026-09-06T20:35:45
BPI17,pfm,remaining_count,100,100,1,9.166959762573242,2026-09-06T20:39:16
BPI17,pfm,remaining_count,100,100,2,8.844627380371094,2026-09-06T20:54:59
BPI17,pfm,remaining_count,1000,1000,0,8.237022399902344,2026-09-06T20:35:45
BPI17,pfm,remaining_count,1000,1000,1,8.302236557006836,2026-09-06T20:39:16
BPI17,pfm,remaining_count,1000,1000,2,8.290997505187988,2026-09-06T20:54:59
BPI17,pfm,remaining_count,30,30,0,8.750457763671875,2026-09-06T20:35:45
BPI17,pfm,remaining_count,30,30,1,9.029744148254395,2026-09-06T20:39:16
BPI17,pfm,remaining_count,30,30,2,8.861528396606445,2026-09-06T20:54:59
BPI17,pfm,remaining_count,300,300,0,8.554391860961914,2026-09-06T20:35:45
BPI17,pfm,remaining_count,300,300,1,8.677865982055664,2026-09-06T20:39:16
BPI17,pfm,remaining_count,300,300,2,8.83653736114502,2026-09-06T20:54:59
BPI17,pfm,remaining_count,5000,5000,0,8.209097862243652,2026-09-06T20:35:45
BPI17,pfm,remaining_count,5000,5000,1,8.169102668762207,2026-09-06T20:39:16
BPI17,pfm,remaining_count,5000,5000,2,8.201791763305664,2026-09-06T20:54:59
BPI17,pfm,remaining_count,all,20446,0,8.154293060302734,2026-09-06T20:35:45
BPI17,pfm,remaining_count,all,20446,1,8.15488338470459,2026-09-06T20:39:16
BPI17,pfm,remaining_count,all,20446,2,8.140093803405762,2026-09-06T20:54:59
BPI17,pfm,remaining_time,0,0,0,12.445627212524414,2026-09-06T20:35:45
BPI17,pfm,remaining_time,0,0,1,12.445629119873047,2026-09-06T20:39:16
BPI17,pfm,remaining_time,0,0,2,12.445629119873047,2026-09-06T20:54:59
BPI17,pfm,remaining_time,10,10,0,9.499133110046387,2026-09-06T20:35:45
BPI17,pfm,remaining_time,10,10,1,10.326860427856445,2026-09-06T20:39:16
BPI17,pfm,remaining_time,10,10,2,10.240886688232422,2026-09-06T20:54:59
BPI17,pfm,remaining_time,100,100,0,10.639178276062012,2026-09-06T20:35:45
BPI17,pfm,remaining_time,100,100,1,10.660876274108887,2026-09-06T20:39:16
BPI17,pfm,remaining_time,100,100,2,10.151750564575195,2026-09-06T20:54:59
BPI17,pfm,remaining_time,1000,1000,0,7.575162887573242,2026-09-06T20:35:45
BPI17,pfm,remaining_time,1000,1000,1,7.640105247497559,2026-09-06T20:39:16
BPI17,pfm,remaining_time,1000,1000,2,7.512433052062988,2026-09-06T20:54:59
BPI17,pfm,remaining_time,30,30,0,10.671464920043945,2026-09-06T20:35:45
BPI17,pfm,remaining_time,30,30,1,10.343339920043945,2026-09-06T20:39:16
BPI17,pfm,remaining_time,30,30,2,10.465545654296875,2026-09-06T20:54:59
BPI17,pfm,remaining_time,300,300,0,7.811249732971191,2026-09-06T20:35:45
BPI17,pfm,remaining_time,300,300,1,8.062796592712402,2026-09-06T20:39:16
BPI17,pfm,remaining_time,300,300,2,8.29150390625,2026-09-06T20:54:59
BPI17,pfm,remaining_time,5000,5000,0,7.324954986572266,2026-09-06T20:35:45
BPI17,pfm,remaining_time,5000,5000,1,7.607378959655762,2026-09-06T20:39:16
BPI17,pfm,remaining_time,5000,5000,2,7.439311504364014,2026-09-06T20:54:59
BPI17,pfm,remaining_time,all,20446,0,7.194543361663818,2026-09-06T20:35:45
BPI17,pfm,remaining_time,all,20446,1,7.2172040939331055,2026-09-06T20:39:16
BPI17,pfm,remaining_time,all,20446,2,7.223012447357178,2026-09-06T20:54:59
BPI17,pfm_ft,future_activity_set,0,0,0,0.2995486259460449,2026-09-06T19:55:00
BPI17,pfm_ft,future_activity_set,0,0,1,0.3382360339164734,2026-09-06T19:58:30
BPI17,pfm_ft,future_activity_set,0,0,2,0.2911795675754547,2026-09-06T21:11:25
BPI17,pfm_ft,future_activity_set,10,10,0,0.6672561764717102,2026-09-06T19:55:00
BPI17,pfm_ft,future_activity_set,10,10,1,0.736089289188385,2026-09-06T19:58:30
BPI17,pfm_ft,future_activity_set,10,10,2,0.6609786748886108,2026-09-06T21:11:25
BPI17,pfm_ft,future_activity_set,100,100,0,0.7800072431564331,2026-09-06T19:55:00
BPI17,pfm_ft,future_activity_set,100,100,1,0.7251526117324829,2026-09-06T19:58:30
BPI17,pfm_ft,future_activity_set,100,100,2,0.7229024767875671,2026-09-06T21:11:25
BPI17,pfm_ft,future_activity_set,1000,1000,0,0.7831975221633911,2026-09-06T19:55:00
BPI17,pfm_ft,future_activity_set,1000,1000,1,0.7851598262786865,2026-09-06T19:58:30
BPI17,pfm_ft,future_activity_set,1000,1000,2,0.787331223487854,2026-09-06T21:11:25
BPI17,pfm_ft,future_activity_set,30,30,0,0.7617291212081909,2026-09-06T19:55:00
BPI17,pfm_ft,future_activity_set,30,30,1,0.7654460072517395,2026-09-06T19:58:30
BPI17,pfm_ft,future_activity_set,30,30,2,0.7237725257873535,2026-09-06T21:11:25
BPI17,pfm_ft,future_activity_set,300,300,0,0.7866582870483398,2026-09-06T19:55:00
BPI17,pfm_ft,future_activity_set,300,300,1,0.7772934436798096,2026-09-06T19:58:30
BPI17,pfm_ft,future_activity_set,300,300,2,0.7803926467895508,2026-09-06T21:11:25
BPI17,pfm_ft,future_activity_set,5000,5000,0,0.7863069772720337,2026-09-06T19:55:00
BPI17,pfm_ft,future_activity_set,5000,5000,1,0.7961216568946838,2026-09-06T19:58:30
BPI17,pfm_ft,future_activity_set,5000,5000,2,0.7898913025856018,2026-09-06T21:11:25
BPI17,pfm_ft,future_activity_set,all,20446,0,0.7992540597915649,2026-09-06T19:55:00
BPI17,pfm_ft,future_activity_set,all,20446,1,0.7986992597579956,2026-09-06T19:58:30
BPI17,pfm_ft,future_activity_set,all,20446,2,0.7940343022346497,2026-09-06T21:11:25
BPI17,pfm_ft,next_3_activities,0,0,0,0.03413515165448189,2026-09-06T19:55:00
BPI17,pfm_ft,next_3_activities,0,0,1,0.0701521709561348,2026-09-06T19:58:30
BPI17,pfm_ft,next_3_activities,0,0,2,0.06394409388303757,2026-09-06T21:11:25
BPI17,pfm_ft,next_3_activities,10,10,0,0.6443389058113098,2026-09-06T19:55:00
BPI17,pfm_ft,next_3_activities,10,10,1,0.6647176742553711,2026-09-06T19:58:30
BPI17,pfm_ft,next_3_activities,10,10,2,0.6706827282905579,2026-09-06T21:11:25
BPI17,pfm_ft,next_3_activities,100,100,0,0.7385247945785522,2026-09-06T19:55:00
BPI17,pfm_ft,next_3_activities,100,100,1,0.7145026326179504,2026-09-06T19:58:30
BPI17,pfm_ft,next_3_activities,100,100,2,0.7360897064208984,2026-09-06T21:11:25
BPI17,pfm_ft,next_3_activities,1000,1000,0,0.7864788174629211,2026-09-06T19:55:00
BPI17,pfm_ft,next_3_activities,1000,1000,1,0.7824674248695374,2026-09-06T19:58:30
BPI17,pfm_ft,next_3_activities,1000,1000,2,0.7830553650856018,2026-09-06T21:11:25
BPI17,pfm_ft,next_3_activities,30,30,0,0.7111625075340271,2026-09-06T19:55:00
BPI17,pfm_ft,next_3_activities,30,30,1,0.6842724084854126,2026-09-06T19:58:30
BPI17,pfm_ft,next_3_activities,30,30,2,0.6862561106681824,2026-09-06T21:11:25
BPI17,pfm_ft,next_3_activities,300,300,0,0.7692758440971375,2026-09-06T19:55:00
BPI17,pfm_ft,next_3_activities,300,300,1,0.7675281763076782,2026-09-06T19:58:30
BPI17,pfm_ft,next_3_activities,300,300,2,0.7778680324554443,2026-09-06T21:11:25
BPI17,pfm_ft,next_3_activities,5000,5000,0,0.7972838878631592,2026-09-06T19:55:00
BPI17,pfm_ft,next_3_activities,5000,5000,1,0.7955895066261292,2026-09-06T19:58:30
BPI17,pfm_ft,next_3_activities,5000,5000,2,0.7958534359931946,2026-09-06T21:11:25
BPI17,pfm_ft,next_3_activities,all,20446,0,0.7929785251617432,2026-09-06T19:55:00
BPI17,pfm_ft,next_3_activities,all,20446,1,0.7896546125411987,2026-09-06T19:58:30
BPI17,pfm_ft,next_3_activities,all,20446,2,0.7958325743675232,2026-09-06T21:11:25
BPI17,pfm_ft,next_5_activities,0,0,0,0.030341489240527153,2026-09-06T19:55:00
BPI17,pfm_ft,next_5_activities,0,0,1,0.049011632800102234,2026-09-06T19:58:30
BPI17,pfm_ft,next_5_activities,0,0,2,0.047723885625600815,2026-09-06T21:11:25
BPI17,pfm_ft,next_5_activities,10,10,0,0.5924153327941895,2026-09-06T19:55:00
BPI17,pfm_ft,next_5_activities,10,10,1,0.6000086069107056,2026-09-06T19:58:30
BPI17,pfm_ft,next_5_activities,10,10,2,0.6103764176368713,2026-09-06T21:11:25
BPI17,pfm_ft,next_5_activities,100,100,0,0.6813184022903442,2026-09-06T19:55:00
BPI17,pfm_ft,next_5_activities,100,100,1,0.659300684928894,2026-09-06T19:58:30
BPI17,pfm_ft,next_5_activities,100,100,2,0.6811307668685913,2026-09-06T21:11:25
BPI17,pfm_ft,next_5_activities,1000,1000,0,0.7148556113243103,2026-09-06T19:55:00
BPI17,pfm_ft,next_5_activities,1000,1000,1,0.7213659286499023,2026-09-06T19:58:30
BPI17,pfm_ft,next_5_activities,1000,1000,2,0.7183836698532104,2026-09-06T21:11:25
BPI17,pfm_ft,next_5_activities,30,30,0,0.6516386866569519,2026-09-06T19:55:00
BPI17,pfm_ft,next_5_activities,30,30,1,0.6282888054847717,2026-09-06T19:58:30
BPI17,pfm_ft,next_5_activities,30,30,2,0.629709780216217,2026-09-06T21:11:25
BPI17,pfm_ft,next_5_activities,300,300,0,0.7042471170425415,2026-09-06T19:55:00
BPI17,pfm_ft,next_5_activities,300,300,1,0.7031699419021606,2026-09-06T19:58:30
BPI17,pfm_ft,next_5_activities,300,300,2,0.7095943093299866,2026-09-06T21:11:25
BPI17,pfm_ft,next_5_activities,5000,5000,0,0.7335730195045471,2026-09-06T19:55:00
BPI17,pfm_ft,next_5_activities,5000,5000,1,0.7312754392623901,2026-09-06T19:58:30
BPI17,pfm_ft,next_5_activities,5000,5000,2,0.730844259262085,2026-09-06T21:11:25
BPI17,pfm_ft,next_5_activities,all,20446,0,0.7291926741600037,2026-09-06T19:55:00
BPI17,pfm_ft,next_5_activities,all,20446,1,0.7338466048240662,2026-09-06T19:58:30
BPI17,pfm_ft,next_5_activities,all,20446,2,0.7254784107208252,2026-09-06T21:11:25
BPI17,pfm_ft,next_activity,0,0,0,0.032853059470653534,2026-09-06T19:55:00
BPI17,pfm_ft,next_activity,0,0,1,0.120939701795578,2026-09-06T19:58:30
BPI17,pfm_ft,next_activity,0,0,2,0.019469229504466057,2026-09-06T21:11:25
BPI17,pfm_ft,next_activity,10,10,0,0.7512669563293457,2026-09-06T19:55:00
BPI17,pfm_ft,next_activity,10,10,1,0.765863835811615,2026-09-06T19:58:30
BPI17,pfm_ft,next_activity,10,10,2,0.7500943541526794,2026-09-06T21:11:25
BPI17,pfm_ft,next_activity,100,100,0,0.8330592513084412,2026-09-06T19:55:00
BPI17,pfm_ft,next_activity,100,100,1,0.828456461429596,2026-09-06T19:58:30
BPI17,pfm_ft,next_activity,100,100,2,0.8428309559822083,2026-09-06T21:11:25
BPI17,pfm_ft,next_activity,1000,1000,0,0.8792018294334412,2026-09-06T19:55:00
BPI17,pfm_ft,next_activity,1000,1000,1,0.8783190250396729,2026-09-06T19:58:30
BPI17,pfm_ft,next_activity,1000,1000,2,0.8760951161384583,2026-09-06T21:11:25
BPI17,pfm_ft,next_activity,30,30,0,0.7911691069602966,2026-09-06T19:55:00
BPI17,pfm_ft,next_activity,30,30,1,0.7857778072357178,2026-09-06T19:58:30
BPI17,pfm_ft,next_activity,30,30,2,0.7901986837387085,2026-09-06T21:11:25
BPI17,pfm_ft,next_activity,300,300,0,0.8587419390678406,2026-09-06T19:55:00
BPI17,pfm_ft,next_activity,300,300,1,0.8656225800514221,2026-09-06T19:58:30
BPI17,pfm_ft,next_activity,300,300,2,0.8676307797431946,2026-09-06T21:11:25
BPI17,pfm_ft,next_activity,5000,5000,0,0.887120246887207,2026-09-06T19:55:00
BPI17,pfm_ft,next_activity,5000,5000,1,0.8836361169815063,2026-09-06T19:58:30
BPI17,pfm_ft,next_activity,5000,5000,2,0.8842831254005432,2026-09-06T21:11:25
BPI17,pfm_ft,next_activity,all,20446,0,0.8878008723258972,2026-09-06T19:55:00
BPI17,pfm_ft,next_activity,all,20446,1,0.8859745860099792,2026-09-06T19:58:30
BPI17,pfm_ft,next_activity,all,20446,2,0.8859409093856812,2026-09-06T21:11:25
BPI17,pfm_ft,next_time,0,0,0,0.5920195579528809,2026-09-06T19:55:00
BPI17,pfm_ft,next_time,0,0,1,0.5920200943946838,2026-09-06T19:58:30
BPI17,pfm_ft,next_time,0,0,2,0.5920200347900391,2026-09-06T21:11:25
BPI17,pfm_ft,next_time,10,10,0,0.5273957848548889,2026-09-06T19:55:00
BPI17,pfm_ft,next_time,10,10,1,0.5475371479988098,2026-09-06T19:58:30
BPI17,pfm_ft,next_time,10,10,2,0.5181598663330078,2026-09-06T21:11:25
BPI17,pfm_ft,next_time,100,100,0,0.490085631608963,2026-09-06T19:55:00
BPI17,pfm_ft,next_time,100,100,1,0.47528696060180664,2026-09-06T19:58:30
BPI17,pfm_ft,next_time,100,100,2,0.49262386560440063,2026-09-06T21:11:25
BPI17,pfm_ft,next_time,1000,1000,0,0.458926260471344,2026-09-06T19:55:00
BPI17,pfm_ft,next_time,1000,1000,1,0.44635847210884094,2026-09-06T19:58:30
BPI17,pfm_ft,next_time,1000,1000,2,0.4228622317314148,2026-09-06T21:11:25
BPI17,pfm_ft,next_time,30,30,0,0.5111842751502991,2026-09-06T19:55:00
BPI17,pfm_ft,next_time,30,30,1,0.47973203659057617,2026-09-06T19:58:30
BPI17,pfm_ft,next_time,30,30,2,0.5508449077606201,2026-09-06T21:11:25
BPI17,pfm_ft,next_time,300,300,0,0.47520115971565247,2026-09-06T19:55:00
BPI17,pfm_ft,next_time,300,300,1,0.4906478822231293,2026-09-06T19:58:30
BPI17,pfm_ft,next_time,300,300,2,0.488921195268631,2026-09-06T21:11:25
BPI17,pfm_ft,next_time,5000,5000,0,0.472305029630661,2026-09-06T19:55:00
BPI17,pfm_ft,next_time,5000,5000,1,0.4682496190071106,2026-09-06T19:58:30
BPI17,pfm_ft,next_time,5000,5000,2,0.4068610966205597,2026-09-06T21:11:25
BPI17,pfm_ft,next_time,all,20446,0,0.4645378589630127,2026-09-06T19:55:00
BPI17,pfm_ft,next_time,all,20446,1,0.40003731846809387,2026-09-06T19:58:30
BPI17,pfm_ft,next_time,all,20446,2,0.4633515179157257,2026-09-06T21:11:25
BPI17,pfm_ft,remaining_count,0,0,0,18.886613845825195,2026-09-06T19:55:00
BPI17,pfm_ft,remaining_count,0,0,1,19.091327667236328,2026-09-06T19:58:30
BPI17,pfm_ft,remaining_count,0,0,2,19.24669647216797,2026-09-06T21:11:25
BPI17,pfm_ft,remaining_count,10,10,0,9.177167892456055,2026-09-06T19:55:00
BPI17,pfm_ft,remaining_count,10,10,1,8.717397689819336,2026-09-06T19:58:30
BPI17,pfm_ft,remaining_count,10,10,2,8.643689155578613,2026-09-06T21:11:25
BPI17,pfm_ft,remaining_count,100,100,0,8.178828239440918,2026-09-06T19:55:00
BPI17,pfm_ft,remaining_count,100,100,1,8.196340560913086,2026-09-06T19:58:30
BPI17,pfm_ft,remaining_count,100,100,2,8.196816444396973,2026-09-06T21:11:25
BPI17,pfm_ft,remaining_count,1000,1000,0,8.107149124145508,2026-09-06T19:55:00
BPI17,pfm_ft,remaining_count,1000,1000,1,8.096894264221191,2026-09-06T19:58:30
BPI17,pfm_ft,remaining_count,1000,1000,2,8.055240631103516,2026-09-06T21:11:25
BPI17,pfm_ft,remaining_count,30,30,0,8.53178882598877,2026-09-06T19:55:00
BPI17,pfm_ft,remaining_count,30,30,1,8.438005447387695,2026-09-06T19:58:30
BPI17,pfm_ft,remaining_count,30,30,2,8.218473434448242,2026-09-06T21:11:25
BPI17,pfm_ft,remaining_count,300,300,0,8.161802291870117,2026-09-06T19:55:00
BPI17,pfm_ft,remaining_count,300,300,1,8.216410636901855,2026-09-06T19:58:30
BPI17,pfm_ft,remaining_count,300,300,2,8.215471267700195,2026-09-06T21:11:25
BPI17,pfm_ft,remaining_count,5000,5000,0,8.204936027526855,2026-09-06T19:55:00
BPI17,pfm_ft,remaining_count,5000,5000,1,8.073534965515137,2026-09-06T19:58:30
BPI17,pfm_ft,remaining_count,5000,5000,2,8.073055267333984,2026-09-06T21:11:25
BPI17,pfm_ft,remaining_count,all,20446,0,8.031331062316895,2026-09-06T19:55:00
BPI17,pfm_ft,remaining_count,all,20446,1,8.06142807006836,2026-09-06T19:58:30
BPI17,pfm_ft,remaining_count,all,20446,2,8.05997371673584,2026-09-06T21:11:25
BPI17,pfm_ft,remaining_time,0,0,0,12.445627212524414,2026-09-06T19:55:00
BPI17,pfm_ft,remaining_time,0,0,1,12.445629119873047,2026-09-06T19:58:30
BPI17,pfm_ft,remaining_time,0,0,2,12.445629119873047,2026-09-06T21:11:25
BPI17,pfm_ft,remaining_time,10,10,0,7.130082607269287,2026-09-06T19:55:00
BPI17,pfm_ft,remaining_time,10,10,1,9.045233726501465,2026-09-06T19:58:30
BPI17,pfm_ft,remaining_time,10,10,2,7.721372604370117,2026-09-06T21:11:25
BPI17,pfm_ft,remaining_time,100,100,0,8.921144485473633,2026-09-06T19:55:00
BPI17,pfm_ft,remaining_time,100,100,1,7.239900588989258,2026-09-06T19:58:30
BPI17,pfm_ft,remaining_time,100,100,2,7.043476104736328,2026-09-06T21:11:25
BPI17,pfm_ft,remaining_time,1000,1000,0,6.838888168334961,2026-09-06T19:55:00
BPI17,pfm_ft,remaining_time,1000,1000,1,6.991702556610107,2026-09-06T19:58:30
BPI17,pfm_ft,remaining_time,1000,1000,2,6.849618911743164,2026-09-06T21:11:25
BPI17,pfm_ft,remaining_time,30,30,0,8.884488105773926,2026-09-06T19:55:00
BPI17,pfm_ft,remaining_time,30,30,1,7.244863033294678,2026-09-06T19:58:30
BPI17,pfm_ft,remaining_time,30,30,2,8.71777057647705,2026-09-06T21:11:25
BPI17,pfm_ft,remaining_time,300,300,0,6.975978374481201,2026-09-06T19:55:00
BPI17,pfm_ft,remaining_time,300,300,1,7.222971439361572,2026-09-06T19:58:30
BPI17,pfm_ft,remaining_time,300,300,2,6.945567607879639,2026-09-06T21:11:25
BPI17,pfm_ft,remaining_time,5000,5000,0,6.845793724060059,2026-09-06T19:55:00
BPI17,pfm_ft,remaining_time,5000,5000,1,6.786436557769775,2026-09-06T19:58:30
BPI17,pfm_ft,remaining_time,5000,5000,2,6.735278129577637,2026-09-06T21:11:25
BPI17,pfm_ft,remaining_time,all,20446,0,6.820840835571289,2026-09-06T19:55:00
BPI17,pfm_ft,remaining_time,all,20446,1,6.860452175140381,2026-09-06T19:58:30
BPI17,pfm_ft,remaining_time,all,20446,2,6.70089054107666,2026-09-06T21:11:25
BPI17,pfm_ft_s2,future_activity_set,0,0,0,0.4212449789047241,2026-09-14T23:04:39
BPI17,pfm_ft_s2,future_activity_set,0,0,1,0.3643186688423157,2026-09-14T23:18:33
BPI17,pfm_ft_s2,future_activity_set,0,0,2,0.31888341903686523,2026-09-14T23:25:16
BPI17,pfm_ft_s2,future_activity_set,10,10,0,0.6818194389343262,2026-09-14T23:04:39
BPI17,pfm_ft_s2,future_activity_set,10,10,1,0.7311108112335205,2026-09-14T23:18:33
BPI17,pfm_ft_s2,future_activity_set,10,10,2,0.6654632091522217,2026-09-14T23:25:16
BPI17,pfm_ft_s2,future_activity_set,100,100,0,0.786510705947876,2026-09-14T23:04:39
BPI17,pfm_ft_s2,future_activity_set,100,100,1,0.7254722714424133,2026-09-14T23:18:33
BPI17,pfm_ft_s2,future_activity_set,100,100,2,0.747231125831604,2026-09-14T23:25:16
BPI17,pfm_ft_s2,future_activity_set,1000,1000,0,0.7851426601409912,2026-09-14T23:04:39
BPI17,pfm_ft_s2,future_activity_set,1000,1000,1,0.7848447561264038,2026-09-14T23:18:33
BPI17,pfm_ft_s2,future_activity_set,1000,1000,2,0.7897179126739502,2026-09-14T23:25:16
BPI17,pfm_ft_s2,future_activity_set,30,30,0,0.7640044689178467,2026-09-14T23:04:39
BPI17,pfm_ft_s2,future_activity_set,30,30,1,0.7661997079849243,2026-09-14T23:18:33
BPI17,pfm_ft_s2,future_activity_set,30,30,2,0.7488881945610046,2026-09-14T23:25:16
BPI17,pfm_ft_s2,future_activity_set,300,300,0,0.7885012030601501,2026-09-14T23:04:39
BPI17,pfm_ft_s2,future_activity_set,300,300,1,0.7730725407600403,2026-09-14T23:18:33
BPI17,pfm_ft_s2,future_activity_set,300,300,2,0.7785849571228027,2026-09-14T23:25:16
BPI17,pfm_ft_s2,future_activity_set,5000,5000,0,0.7860965728759766,2026-09-14T23:04:39
BPI17,pfm_ft_s2,future_activity_set,5000,5000,1,0.79514479637146,2026-09-14T23:18:33
BPI17,pfm_ft_s2,future_activity_set,5000,5000,2,0.7913122177124023,2026-09-14T23:25:16
BPI17,pfm_ft_s2,future_activity_set,all,20446,0,0.8000809550285339,2026-09-14T23:04:39
BPI17,pfm_ft_s2,future_activity_set,all,20446,1,0.7990185618400574,2026-09-14T23:18:33
BPI17,pfm_ft_s2,future_activity_set,all,20446,2,0.7929102182388306,2026-09-14T23:25:16
BPI17,pfm_ft_s2,next_3_activities,0,0,0,0.020383410155773163,2026-09-14T23:04:39
BPI17,pfm_ft_s2,next_3_activities,0,0,1,0.024533700197935104,2026-09-14T23:18:33
BPI17,pfm_ft_s2,next_3_activities,0,0,2,0.022538412362337112,2026-09-14T23:25:16
BPI17,pfm_ft_s2,next_3_activities,10,10,0,0.6480146646499634,2026-09-14T23:04:39
BPI17,pfm_ft_s2,next_3_activities,10,10,1,0.6734441518783569,2026-09-14T23:18:33
BPI17,pfm_ft_s2,next_3_activities,10,10,2,0.6666203737258911,2026-09-14T23:25:16
BPI17,pfm_ft_s2,next_3_activities,100,100,0,0.7358651757240295,2026-09-14T23:04:39
BPI17,pfm_ft_s2,next_3_activities,100,100,1,0.7167108654975891,2026-09-14T23:18:33
BPI17,pfm_ft_s2,next_3_activities,100,100,2,0.7381381988525391,2026-09-14T23:25:16
BPI17,pfm_ft_s2,next_3_activities,1000,1000,0,0.7861038446426392,2026-09-14T23:04:39
BPI17,pfm_ft_s2,next_3_activities,1000,1000,1,0.7875921726226807,2026-09-14T23:18:33
BPI17,pfm_ft_s2,next_3_activities,1000,1000,2,0.7845367789268494,2026-09-14T23:25:16
BPI17,pfm_ft_s2,next_3_activities,30,30,0,0.7095977663993835,2026-09-14T23:04:39
BPI17,pfm_ft_s2,next_3_activities,30,30,1,0.6649931073188782,2026-09-14T23:18:33
BPI17,pfm_ft_s2,next_3_activities,30,30,2,0.6789370179176331,2026-09-14T23:25:16
BPI17,pfm_ft_s2,next_3_activities,300,300,0,0.7671948671340942,2026-09-14T23:04:39
BPI17,pfm_ft_s2,next_3_activities,300,300,1,0.7706900835037231,2026-09-14T23:18:33
BPI17,pfm_ft_s2,next_3_activities,300,300,2,0.7725326418876648,2026-09-14T23:25:16
BPI17,pfm_ft_s2,next_3_activities,5000,5000,0,0.795531690120697,2026-09-14T23:04:39
BPI17,pfm_ft_s2,next_3_activities,5000,5000,1,0.7933673858642578,2026-09-14T23:18:33
BPI17,pfm_ft_s2,next_3_activities,5000,5000,2,0.7950664162635803,2026-09-14T23:25:16
BPI17,pfm_ft_s2,next_3_activities,all,20446,0,0.7913443446159363,2026-09-14T23:04:39
BPI17,pfm_ft_s2,next_3_activities,all,20446,1,0.794904351234436,2026-09-14T23:18:33
BPI17,pfm_ft_s2,next_3_activities,all,20446,2,0.7935664653778076,2026-09-14T23:25:16
BPI17,pfm_ft_s2,next_5_activities,0,0,0,0.022408755496144295,2026-09-14T23:04:39
BPI17,pfm_ft_s2,next_5_activities,0,0,1,0.027236005291342735,2026-09-14T23:18:33
BPI17,pfm_ft_s2,next_5_activities,0,0,2,0.018625738099217415,2026-09-14T23:25:16
BPI17,pfm_ft_s2,next_5_activities,10,10,0,0.5887397527694702,2026-09-14T23:04:39
BPI17,pfm_ft_s2,next_5_activities,10,10,1,0.6115539073944092,2026-09-14T23:18:33
BPI17,pfm_ft_s2,next_5_activities,10,10,2,0.6088953018188477,2026-09-14T23:25:16
BPI17,pfm_ft_s2,next_5_activities,100,100,0,0.6686500906944275,2026-09-14T23:04:39
BPI17,pfm_ft_s2,next_5_activities,100,100,1,0.657485842704773,2026-09-14T23:18:33
BPI17,pfm_ft_s2,next_5_activities,100,100,2,0.6855382919311523,2026-09-14T23:25:16
BPI17,pfm_ft_s2,next_5_activities,1000,1000,0,0.7127714157104492,2026-09-14T23:04:39
BPI17,pfm_ft_s2,next_5_activities,1000,1000,1,0.7228327393531799,2026-09-14T23:18:33
BPI17,pfm_ft_s2,next_5_activities,1000,1000,2,0.722112238407135,2026-09-14T23:25:16
BPI17,pfm_ft_s2,next_5_activities,30,30,0,0.6407164931297302,2026-09-14T23:04:39
BPI17,pfm_ft_s2,next_5_activities,30,30,1,0.6177175641059875,2026-09-14T23:18:33
BPI17,pfm_ft_s2,next_5_activities,30,30,2,0.6282429695129395,2026-09-14T23:25:16
BPI17,pfm_ft_s2,next_5_activities,300,300,0,0.7041998505592346,2026-09-14T23:04:39
BPI17,pfm_ft_s2,next_5_activities,300,300,1,0.7103950381278992,2026-09-14T23:18:33
BPI17,pfm_ft_s2,next_5_activities,300,300,2,0.7122070789337158,2026-09-14T23:25:16
BPI17,pfm_ft_s2,next_5_activities,5000,5000,0,0.7343121767044067,2026-09-14T23:04:39
BPI17,pfm_ft_s2,next_5_activities,5000,5000,1,0.7346903085708618,2026-09-14T23:18:33
BPI17,pfm_ft_s2,next_5_activities,5000,5000,2,0.7331146597862244,2026-09-14T23:25:16
BPI17,pfm_ft_s2,next_5_activities,all,20446,0,0.7391465902328491,2026-09-14T23:04:39
BPI17,pfm_ft_s2,next_5_activities,all,20446,1,0.7264739871025085,2026-09-14T23:18:33
BPI17,pfm_ft_s2,next_5_activities,all,20446,2,0.7219059467315674,2026-09-14T23:25:16
BPI17,pfm_ft_s2,next_activity,0,0,0,0.03967301920056343,2026-09-14T23:04:39
BPI17,pfm_ft_s2,next_activity,0,0,1,0.016847724094986916,2026-09-14T23:18:33
BPI17,pfm_ft_s2,next_activity,0,0,2,0.017043156549334526,2026-09-14T23:25:16
BPI17,pfm_ft_s2,next_activity,10,10,0,0.7354300618171692,2026-09-14T23:04:39
BPI17,pfm_ft_s2,next_activity,10,10,1,0.7566986680030823,2026-09-14T23:18:33
BPI17,pfm_ft_s2,next_activity,10,10,2,0.763801634311676,2026-09-14T23:25:16
BPI17,pfm_ft_s2,next_activity,100,100,0,0.8376957774162292,2026-09-14T23:04:39
BPI17,pfm_ft_s2,next_activity,100,100,1,0.8276478052139282,2026-09-14T23:18:33
BPI17,pfm_ft_s2,next_activity,100,100,2,0.8476157188415527,2026-09-14T23:25:16
BPI17,pfm_ft_s2,next_activity,1000,1000,0,0.8800442218780518,2026-09-14T23:04:39
BPI17,pfm_ft_s2,next_activity,1000,1000,1,0.8774024844169617,2026-09-14T23:18:33
BPI17,pfm_ft_s2,next_activity,1000,1000,2,0.8759940266609192,2026-09-14T23:25:16
BPI17,pfm_ft_s2,next_activity,30,30,0,0.8010014295578003,2026-09-14T23:04:39
BPI17,pfm_ft_s2,next_activity,30,30,1,0.7813569903373718,2026-09-14T23:18:33
BPI17,pfm_ft_s2,next_activity,30,30,2,0.7868560552597046,2026-09-14T23:25:16
BPI17,pfm_ft_s2,next_activity,300,300,0,0.8690999150276184,2026-09-14T23:04:39
BPI17,pfm_ft_s2,next_activity,300,300,1,0.8588632345199585,2026-09-14T23:18:33
BPI17,pfm_ft_s2,next_activity,300,300,2,0.8691403865814209,2026-09-14T23:25:16
BPI17,pfm_ft_s2,next_activity,5000,5000,0,0.8826454877853394,2026-09-14T23:04:39
BPI17,pfm_ft_s2,next_activity,5000,5000,1,0.8824770450592041,2026-09-14T23:18:33
BPI17,pfm_ft_s2,next_activity,5000,5000,2,0.8842426538467407,2026-09-14T23:25:16
BPI17,pfm_ft_s2,next_activity,all,20446,0,0.8879626393318176,2026-09-14T23:04:39
BPI17,pfm_ft_s2,next_activity,all,20446,1,0.8892093896865845,2026-09-14T23:18:33
BPI17,pfm_ft_s2,next_activity,all,20446,2,0.8842224478721619,2026-09-14T23:25:16
BPI17,pfm_ft_s2,next_time,0,0,0,0.5920196771621704,2026-09-14T23:04:39
BPI17,pfm_ft_s2,next_time,0,0,1,0.5920201539993286,2026-09-14T23:18:33
BPI17,pfm_ft_s2,next_time,0,0,2,0.59201979637146,2026-09-14T23:25:16
BPI17,pfm_ft_s2,next_time,10,10,0,0.5340828895568848,2026-09-14T23:04:39
BPI17,pfm_ft_s2,next_time,10,10,1,0.6007816195487976,2026-09-14T23:18:33
BPI17,pfm_ft_s2,next_time,10,10,2,0.5042287111282349,2026-09-14T23:25:16
BPI17,pfm_ft_s2,next_time,100,100,0,0.506446123123169,2026-09-14T23:04:39
BPI17,pfm_ft_s2,next_time,100,100,1,0.4973274767398834,2026-09-14T23:18:33
BPI17,pfm_ft_s2,next_time,100,100,2,0.5180884003639221,2026-09-14T23:25:16
BPI17,pfm_ft_s2,next_time,1000,1000,0,0.4322807192802429,2026-09-14T23:04:39
BPI17,pfm_ft_s2,next_time,1000,1000,1,0.4859331548213959,2026-09-14T23:18:33
BPI17,pfm_ft_s2,next_time,1000,1000,2,0.48454999923706055,2026-09-14T23:25:16
BPI17,pfm_ft_s2,next_time,30,30,0,0.5420255661010742,2026-09-14T23:04:39
BPI17,pfm_ft_s2,next_time,30,30,1,0.496181845664978,2026-09-14T23:18:33
BPI17,pfm_ft_s2,next_time,30,30,2,0.5247557759284973,2026-09-14T23:25:16
BPI17,pfm_ft_s2,next_time,300,300,0,0.48255717754364014,2026-09-14T23:04:39
BPI17,pfm_ft_s2,next_time,300,300,1,0.49947255849838257,2026-09-14T23:18:33
BPI17,pfm_ft_s2,next_time,300,300,2,0.4893903136253357,2026-09-14T23:25:16
BPI17,pfm_ft_s2,next_time,5000,5000,0,0.4592684805393219,2026-09-14T23:04:39
BPI17,pfm_ft_s2,next_time,5000,5000,1,0.4077775478363037,2026-09-14T23:18:33
BPI17,pfm_ft_s2,next_time,5000,5000,2,0.4489070177078247,2026-09-14T23:25:16
BPI17,pfm_ft_s2,next_time,all,20446,0,0.40882188081741333,2026-09-14T23:04:39
BPI17,pfm_ft_s2,next_time,all,20446,1,0.4481237530708313,2026-09-14T23:18:33
BPI17,pfm_ft_s2,next_time,all,20446,2,0.42619672417640686,2026-09-14T23:25:16
BPI17,pfm_ft_s2,remaining_count,0,0,0,18.83648109436035,2026-09-14T23:04:39
BPI17,pfm_ft_s2,remaining_count,0,0,1,19.068695068359375,2026-09-14T23:18:33
BPI17,pfm_ft_s2,remaining_count,0,0,2,19.021516799926758,2026-09-14T23:25:16
BPI17,pfm_ft_s2,remaining_count,10,10,0,8.98258113861084,2026-09-14T23:04:39
BPI17,pfm_ft_s2,remaining_count,10,10,1,8.380906105041504,2026-09-14T23:18:33
BPI17,pfm_ft_s2,remaining_count,10,10,2,8.78345012664795,2026-09-14T23:25:16
BPI17,pfm_ft_s2,remaining_count,100,100,0,8.130146026611328,2026-09-14T23:04:39
BPI17,pfm_ft_s2,remaining_count,100,100,1,8.164917945861816,2026-09-14T23:18:33
BPI17,pfm_ft_s2,remaining_count,100,100,2,8.110273361206055,2026-09-14T23:25:16
BPI17,pfm_ft_s2,remaining_count,1000,1000,0,8.098480224609375,2026-09-14T23:04:39
BPI17,pfm_ft_s2,remaining_count,1000,1000,1,8.011083602905273,2026-09-14T23:18:33
BPI17,pfm_ft_s2,remaining_count,1000,1000,2,8.079092979431152,2026-09-14T23:25:16
BPI17,pfm_ft_s2,remaining_count,30,30,0,8.477235794067383,2026-09-14T23:04:39
BPI17,pfm_ft_s2,remaining_count,30,30,1,8.276769638061523,2026-09-14T23:18:33
BPI17,pfm_ft_s2,remaining_count,30,30,2,8.282282829284668,2026-09-14T23:25:16
BPI17,pfm_ft_s2,remaining_count,300,300,0,8.173748016357422,2026-09-14T23:04:39
BPI17,pfm_ft_s2,remaining_count,300,300,1,8.197722434997559,2026-09-14T23:18:33
BPI17,pfm_ft_s2,remaining_count,300,300,2,8.186718940734863,2026-09-14T23:25:16
BPI17,pfm_ft_s2,remaining_count,5000,5000,0,8.220270156860352,2026-09-14T23:04:39
BPI17,pfm_ft_s2,remaining_count,5000,5000,1,8.033600807189941,2026-09-14T23:18:33
BPI17,pfm_ft_s2,remaining_count,5000,5000,2,8.079377174377441,2026-09-14T23:25:16
BPI17,pfm_ft_s2,remaining_count,all,20446,0,8.055930137634277,2026-09-14T23:04:39
BPI17,pfm_ft_s2,remaining_count,all,20446,1,8.140024185180664,2026-09-14T23:18:33
BPI17,pfm_ft_s2,remaining_count,all,20446,2,8.064994812011719,2026-09-14T23:25:16
BPI17,pfm_ft_s2,remaining_time,0,0,0,12.445625305175781,2026-09-14T23:04:39
BPI17,pfm_ft_s2,remaining_time,0,0,1,12.445629119873047,2026-09-14T23:18:33
BPI17,pfm_ft_s2,remaining_time,0,0,2,12.445627212524414,2026-09-14T23:25:16
BPI17,pfm_ft_s2,remaining_time,10,10,0,8.79702377319336,2026-09-14T23:04:39
BPI17,pfm_ft_s2,remaining_time,10,10,1,8.886680603027344,2026-09-14T23:18:33
BPI17,pfm_ft_s2,remaining_time,10,10,2,7.643334865570068,2026-09-14T23:25:16
BPI17,pfm_ft_s2,remaining_time,100,100,0,8.7821626663208,2026-09-14T23:04:39
BPI17,pfm_ft_s2,remaining_time,100,100,1,6.997962474822998,2026-09-14T23:18:33
BPI17,pfm_ft_s2,remaining_time,100,100,2,6.927628040313721,2026-09-14T23:25:16
BPI17,pfm_ft_s2,remaining_time,1000,1000,0,6.796100616455078,2026-09-14T23:04:39
BPI17,pfm_ft_s2,remaining_time,1000,1000,1,6.855313777923584,2026-09-14T23:18:33
BPI17,pfm_ft_s2,remaining_time,1000,1000,2,6.960071563720703,2026-09-14T23:25:16
BPI17,pfm_ft_s2,remaining_time,30,30,0,7.417317867279053,2026-09-14T23:04:39
BPI17,pfm_ft_s2,remaining_time,30,30,1,7.1992645263671875,2026-09-14T23:18:33
BPI17,pfm_ft_s2,remaining_time,30,30,2,8.833507537841797,2026-09-14T23:25:16
BPI17,pfm_ft_s2,remaining_time,300,300,0,7.41441535949707,2026-09-14T23:04:39
BPI17,pfm_ft_s2,remaining_time,300,300,1,7.1320719718933105,2026-09-14T23:18:33
BPI17,pfm_ft_s2,remaining_time,300,300,2,7.001613616943359,2026-09-14T23:25:16
BPI17,pfm_ft_s2,remaining_time,5000,5000,0,6.910180568695068,2026-09-14T23:04:39
BPI17,pfm_ft_s2,remaining_time,5000,5000,1,6.737539768218994,2026-09-14T23:18:33
BPI17,pfm_ft_s2,remaining_time,5000,5000,2,6.724222660064697,2026-09-14T23:25:16
BPI17,pfm_ft_s2,remaining_time,all,20446,0,6.684048652648926,2026-09-14T23:04:39
BPI17,pfm_ft_s2,remaining_time,all,20446,1,6.901187896728516,2026-09-14T23:18:33
BPI17,pfm_ft_s2,remaining_time,all,20446,2,6.751156330108643,2026-09-14T23:25:16
BPI17,pfm_rft,future_activity_set,0,0,0,0.29954928159713745,2026-09-08T00:13:47
BPI17,pfm_rft,future_activity_set,0,0,1,0.3382357954978943,2026-09-08T00:21:10
BPI17,pfm_rft,future_activity_set,0,0,2,0.2911808490753174,2026-09-08T00:20:27
BPI17,pfm_rft,future_activity_set,10,10,0,0.6605930328369141,2026-09-08T00:13:47
BPI17,pfm_rft,future_activity_set,10,10,1,0.7375051379203796,2026-09-08T00:21:10
BPI17,pfm_rft,future_activity_set,10,10,2,0.6311007142066956,2026-09-08T00:20:27
BPI17,pfm_rft,future_activity_set,100,100,0,0.7218306064605713,2026-09-08T00:13:47
BPI17,pfm_rft,future_activity_set,100,100,1,0.6953336596488953,2026-09-08T00:21:10
BPI17,pfm_rft,future_activity_set,100,100,2,0.5218512415885925,2026-09-08T00:20:27
BPI17,pfm_rft,future_activity_set,1000,1000,0,0.728569507598877,2026-09-08T00:13:47
BPI17,pfm_rft,future_activity_set,1000,1000,1,0.7329160571098328,2026-09-08T00:21:10
BPI17,pfm_rft,future_activity_set,1000,1000,2,0.7242641448974609,2026-09-08T00:20:27
BPI17,pfm_rft,future_activity_set,30,30,0,0.7381441593170166,2026-09-08T00:13:47
BPI17,pfm_rft,future_activity_set,30,30,1,0.7381713390350342,2026-09-08T00:21:10
BPI17,pfm_rft,future_activity_set,30,30,2,0.5250725746154785,2026-09-08T00:20:27
BPI17,pfm_rft,future_activity_set,300,300,0,0.7520578503608704,2026-09-08T00:13:47
BPI17,pfm_rft,future_activity_set,300,300,1,0.7190569043159485,2026-09-08T00:21:10
BPI17,pfm_rft,future_activity_set,300,300,2,0.7372810244560242,2026-09-08T00:20:27
BPI17,pfm_rft,future_activity_set,5000,5000,0,0.7452170252799988,2026-09-08T00:13:47
BPI17,pfm_rft,future_activity_set,5000,5000,1,0.7645020484924316,2026-09-08T00:21:10
BPI17,pfm_rft,future_activity_set,5000,5000,2,0.7434915900230408,2026-09-08T00:20:27
BPI17,pfm_rft,future_activity_set,all,20446,0,0.7800167202949524,2026-09-08T00:13:47
BPI17,pfm_rft,future_activity_set,all,20446,1,0.7803611159324646,2026-09-08T00:21:10
BPI17,pfm_rft,future_activity_set,all,20446,2,0.7856048345565796,2026-09-08T00:20:27
BPI17,pfm_rft,next_3_activities,0,0,0,0.03413283824920654,2026-09-08T00:13:47
BPI17,pfm_rft,next_3_activities,0,0,1,0.07014753669500351,2026-09-08T00:21:10
BPI17,pfm_rft,next_3_activities,0,0,2,0.06394409388303757,2026-09-08T00:20:27
BPI17,pfm_rft,next_3_activities,10,10,0,0.561446487903595,2026-09-08T00:13:47
BPI17,pfm_rft,next_3_activities,10,10,1,0.589359700679779,2026-09-08T00:21:10
BPI17,pfm_rft,next_3_activities,10,10,2,0.593264639377594,2026-09-08T00:20:27
BPI17,pfm_rft,next_3_activities,100,100,0,0.6185783743858337,2026-09-08T00:13:47
BPI17,pfm_rft,next_3_activities,100,100,1,0.5968316197395325,2026-09-08T00:21:10
BPI17,pfm_rft,next_3_activities,100,100,2,0.6105023622512817,2026-09-08T00:20:27
BPI17,pfm_rft,next_3_activities,1000,1000,0,0.7187733054161072,2026-09-08T00:13:47
BPI17,pfm_rft,next_3_activities,1000,1000,1,0.7167201638221741,2026-09-08T00:21:10
BPI17,pfm_rft,next_3_activities,1000,1000,2,0.7157595157623291,2026-09-08T00:20:27
BPI17,pfm_rft,next_3_activities,30,30,0,0.6093727350234985,2026-09-08T00:13:47
BPI17,pfm_rft,next_3_activities,30,30,1,0.5897809863090515,2026-09-08T00:21:10
BPI17,pfm_rft,next_3_activities,30,30,2,0.598319947719574,2026-09-08T00:20:27
BPI17,pfm_rft,next_3_activities,300,300,0,0.6758584380149841,2026-09-08T00:13:47
BPI17,pfm_rft,next_3_activities,300,300,1,0.6747010350227356,2026-09-08T00:21:10
BPI17,pfm_rft,next_3_activities,300,300,2,0.6662060618400574,2026-09-08T00:20:27
BPI17,pfm_rft,next_3_activities,5000,5000,0,0.7587044835090637,2026-09-08T00:13:47
BPI17,pfm_rft,next_3_activities,5000,5000,1,0.7540959119796753,2026-09-08T00:21:10
BPI17,pfm_rft,next_3_activities,5000,5000,2,0.7588341236114502,2026-09-08T00:20:27
BPI17,pfm_rft,next_3_activities,all,20446,0,0.7750464081764221,2026-09-08T00:13:47
BPI17,pfm_rft,next_3_activities,all,20446,1,0.7775323987007141,2026-09-08T00:21:10
BPI17,pfm_rft,next_3_activities,all,20446,2,0.7729353904724121,2026-09-08T00:20:27
BPI17,pfm_rft,next_5_activities,0,0,0,0.03034435398876667,2026-09-08T00:13:47
BPI17,pfm_rft,next_5_activities,0,0,1,0.049010198563337326,2026-09-08T00:21:10
BPI17,pfm_rft,next_5_activities,0,0,2,0.04771959036588669,2026-09-08T00:20:27
BPI17,pfm_rft,next_5_activities,10,10,0,0.5098020434379578,2026-09-08T00:13:47
BPI17,pfm_rft,next_5_activities,10,10,1,0.5414499044418335,2026-09-08T00:21:10
BPI17,pfm_rft,next_5_activities,10,10,2,0.5367701649665833,2026-09-08T00:20:27
BPI17,pfm_rft,next_5_activities,100,100,0,0.5754841566085815,2026-09-08T00:13:47
BPI17,pfm_rft,next_5_activities,100,100,1,0.5586116909980774,2026-09-08T00:21:10
BPI17,pfm_rft,next_5_activities,100,100,2,0.5692330598831177,2026-09-08T00:20:27
BPI17,pfm_rft,next_5_activities,1000,1000,0,0.6725806593894958,2026-09-08T00:13:47
BPI17,pfm_rft,next_5_activities,1000,1000,1,0.6705494523048401,2026-09-08T00:21:10
BPI17,pfm_rft,next_5_activities,1000,1000,2,0.6646851301193237,2026-09-08T00:20:27
BPI17,pfm_rft,next_5_activities,30,30,0,0.5670586824417114,2026-09-08T00:13:47
BPI17,pfm_rft,next_5_activities,30,30,1,0.5483570098876953,2026-09-08T00:21:10
BPI17,pfm_rft,next_5_activities,30,30,2,0.5638056397438049,2026-09-08T00:20:27
BPI17,pfm_rft,next_5_activities,300,300,0,0.6285696029663086,2026-09-08T00:13:47
BPI17,pfm_rft,next_5_activities,300,300,1,0.6166504621505737,2026-09-08T00:21:10
BPI17,pfm_rft,next_5_activities,300,300,2,0.6314616203308105,2026-09-08T00:20:27
BPI17,pfm_rft,next_5_activities,5000,5000,0,0.6990832686424255,2026-09-08T00:13:47
BPI17,pfm_rft,next_5_activities,5000,5000,1,0.7003480792045593,2026-09-08T00:21:10
BPI17,pfm_rft,next_5_activities,5000,5000,2,0.6990431547164917,2026-09-08T00:20:27
BPI17,pfm_rft,next_5_activities,all,20446,0,0.7161448001861572,2026-09-08T00:13:47
BPI17,pfm_rft,next_5_activities,all,20446,1,0.7088853120803833,2026-09-08T00:21:10
BPI17,pfm_rft,next_5_activities,all,20446,2,0.7095785737037659,2026-09-08T00:20:27
BPI17,pfm_rft,next_activity,0,0,0,0.0328395813703537,2026-09-08T00:13:47
BPI17,pfm_rft,next_activity,0,0,1,0.12094643712043762,2026-09-08T00:21:10
BPI17,pfm_rft,next_activity,0,0,2,0.019469229504466057,2026-09-08T00:20:27
BPI17,pfm_rft,next_activity,10,10,0,0.6801156401634216,2026-09-08T00:13:47
BPI17,pfm_rft,next_activity,10,10,1,0.6420599818229675,2026-09-08T00:21:10
BPI17,pfm_rft,next_activity,10,10,2,0.6670889854431152,2026-09-08T00:20:27
BPI17,pfm_rft,next_activity,100,100,0,0.7220597267150879,2026-09-08T00:13:47
BPI17,pfm_rft,next_activity,100,100,1,0.6779658794403076,2026-09-08T00:21:10
BPI17,pfm_rft,next_activity,100,100,2,0.6980618238449097,2026-09-08T00:20:27
BPI17,pfm_rft,next_activity,1000,1000,0,0.8119120001792908,2026-09-08T00:13:47
BPI17,pfm_rft,next_activity,1000,1000,1,0.8142369985580444,2026-09-08T00:21:10
BPI17,pfm_rft,next_activity,1000,1000,2,0.7938041090965271,2026-09-08T00:20:27
BPI17,pfm_rft,next_activity,30,30,0,0.7072809338569641,2026-09-08T00:13:47
BPI17,pfm_rft,next_activity,30,30,1,0.6649459600448608,2026-09-08T00:21:10
BPI17,pfm_rft,next_activity,30,30,2,0.6928255558013916,2026-09-08T00:20:27
BPI17,pfm_rft,next_activity,300,300,0,0.7804000377655029,2026-09-08T00:13:47
BPI17,pfm_rft,next_activity,300,300,1,0.7655133605003357,2026-09-08T00:21:10
BPI17,pfm_rft,next_activity,300,300,2,0.7375596165657043,2026-09-08T00:20:27
BPI17,pfm_rft,next_activity,5000,5000,0,0.8516793847084045,2026-09-08T00:13:47
BPI17,pfm_rft,next_activity,5000,5000,1,0.8471776843070984,2026-09-08T00:21:10
BPI17,pfm_rft,next_activity,5000,5000,2,0.8569628000259399,2026-09-08T00:20:27
BPI17,pfm_rft,next_activity,all,20446,0,0.8723616600036621,2026-09-08T00:13:47
BPI17,pfm_rft,next_activity,all,20446,1,0.8688101172447205,2026-09-08T00:21:10
BPI17,pfm_rft,next_activity,all,20446,2,0.8736016154289246,2026-09-08T00:20:27
BPI17,pfm_rft,next_time,0,0,0,0.5920195579528809,2026-09-08T00:13:47
BPI17,pfm_rft,next_time,0,0,1,0.5920200943946838,2026-09-08T00:21:10
BPI17,pfm_rft,next_time,0,0,2,0.5920200347900391,2026-09-08T00:20:27
BPI17,pfm_rft,next_time,10,10,0,0.5913501977920532,2026-09-08T00:13:47
BPI17,pfm_rft,next_time,10,10,1,0.5919424295425415,2026-09-08T00:21:10
BPI17,pfm_rft,next_time,10,10,2,0.5918769836425781,2026-09-08T00:20:27
BPI17,pfm_rft,next_time,100,100,0,0.5817742943763733,2026-09-08T00:13:47
BPI17,pfm_rft,next_time,100,100,1,0.591924786567688,2026-09-08T00:21:10
BPI17,pfm_rft,next_time,100,100,2,0.5908103585243225,2026-09-08T00:20:27
BPI17,pfm_rft,next_time,1000,1000,0,0.5637710690498352,2026-09-08T00:13:47
BPI17,pfm_rft,next_time,1000,1000,1,0.5488103032112122,2026-09-08T00:21:10
BPI17,pfm_rft,next_time,1000,1000,2,0.5292333960533142,2026-09-08T00:20:27
BPI17,pfm_rft,next_time,30,30,0,0.5916441679000854,2026-09-08T00:13:47
BPI17,pfm_rft,next_time,30,30,1,0.5916517376899719,2026-09-08T00:21:10
BPI17,pfm_rft,next_time,30,30,2,0.5917385816574097,2026-09-08T00:20:27
BPI17,pfm_rft,next_time,300,300,0,0.5539426803588867,2026-09-08T00:13:47
BPI17,pfm_rft,next_time,300,300,1,0.544897735118866,2026-09-08T00:21:10
BPI17,pfm_rft,next_time,300,300,2,0.566814124584198,2026-09-08T00:20:27
BPI17,pfm_rft,next_time,5000,5000,0,0.5307535529136658,2026-09-08T00:13:47
BPI17,pfm_rft,next_time,5000,5000,1,0.5369231104850769,2026-09-08T00:21:10
BPI17,pfm_rft,next_time,5000,5000,2,0.5145494341850281,2026-09-08T00:20:27
BPI17,pfm_rft,next_time,all,20446,0,0.5162056088447571,2026-09-08T00:13:47
BPI17,pfm_rft,next_time,all,20446,1,0.49132832884788513,2026-09-08T00:21:10
BPI17,pfm_rft,next_time,all,20446,2,0.49180206656455994,2026-09-08T00:20:27
BPI17,pfm_rft,remaining_count,0,0,0,18.886613845825195,2026-09-08T00:13:47
BPI17,pfm_rft,remaining_count,0,0,1,19.091327667236328,2026-09-08T00:21:10
BPI17,pfm_rft,remaining_count,0,0,2,19.24669647216797,2026-09-08T00:20:27
BPI17,pfm_rft,remaining_count,10,10,0,9.602779388427734,2026-09-08T00:13:47
BPI17,pfm_rft,remaining_count,10,10,1,8.926959037780762,2026-09-08T00:21:10
BPI17,pfm_rft,remaining_count,10,10,2,9.037166595458984,2026-09-08T00:20:27
BPI17,pfm_rft,remaining_count,100,100,0,8.598746299743652,2026-09-08T00:13:47
BPI17,pfm_rft,remaining_count,100,100,1,8.888405799865723,2026-09-08T00:21:10
BPI17,pfm_rft,remaining_count,100,100,2,8.668624877929688,2026-09-08T00:20:27
BPI17,pfm_rft,remaining_count,1000,1000,0,8.223897933959961,2026-09-08T00:13:47
BPI17,pfm_rft,remaining_count,1000,1000,1,8.229753494262695,2026-09-08T00:21:10
BPI17,pfm_rft,remaining_count,1000,1000,2,8.160282135009766,2026-09-08T00:20:27
BPI17,pfm_rft,remaining_count,30,30,0,8.963249206542969,2026-09-08T00:13:47
BPI17,pfm_rft,remaining_count,30,30,1,8.696300506591797,2026-09-08T00:21:10
BPI17,pfm_rft,remaining_count,30,30,2,8.419384002685547,2026-09-08T00:20:27
BPI17,pfm_rft,remaining_count,300,300,0,8.365833282470703,2026-09-08T00:13:47
BPI17,pfm_rft,remaining_count,300,300,1,8.339250564575195,2026-09-08T00:21:10
BPI17,pfm_rft,remaining_count,300,300,2,8.37765884399414,2026-09-08T00:20:27
BPI17,pfm_rft,remaining_count,5000,5000,0,8.091517448425293,2026-09-08T00:13:47
BPI17,pfm_rft,remaining_count,5000,5000,1,8.074579238891602,2026-09-08T00:21:10
BPI17,pfm_rft,remaining_count,5000,5000,2,8.139655113220215,2026-09-08T00:20:27
BPI17,pfm_rft,remaining_count,all,20446,0,8.159394264221191,2026-09-08T00:13:47
BPI17,pfm_rft,remaining_count,all,20446,1,8.12039566040039,2026-09-08T00:21:10
BPI17,pfm_rft,remaining_count,all,20446,2,8.099605560302734,2026-09-08T00:20:27
BPI17,pfm_rft,remaining_time,0,0,0,12.445627212524414,2026-09-08T00:13:47
BPI17,pfm_rft,remaining_time,0,0,1,12.445629119873047,2026-09-08T00:21:10
BPI17,pfm_rft,remaining_time,0,0,2,12.445629119873047,2026-09-08T00:20:27
BPI17,pfm_rft,remaining_time,10,10,0,7.450995922088623,2026-09-08T00:13:47
BPI17,pfm_rft,remaining_time,10,10,1,9.164538383483887,2026-09-08T00:21:10
BPI17,pfm_rft,remaining_time,10,10,2,8.476313591003418,2026-09-08T00:20:27
BPI17,pfm_rft,remaining_time,100,100,0,9.18558406829834,2026-09-08T00:13:47
BPI17,pfm_rft,remaining_time,100,100,1,7.275557041168213,2026-09-08T00:21:10
BPI17,pfm_rft,remaining_time,100,100,2,8.485099792480469,2026-09-08T00:20:27
BPI17,pfm_rft,remaining_time,1000,1000,0,6.880305290222168,2026-09-08T00:13:47
BPI17,pfm_rft,remaining_time,1000,1000,1,6.888317584991455,2026-09-08T00:21:10
BPI17,pfm_rft,remaining_time,1000,1000,2,6.95879602432251,2026-09-08T00:20:27
BPI17,pfm_rft,remaining_time,30,30,0,7.5484771728515625,2026-09-08T00:13:47
BPI17,pfm_rft,remaining_time,30,30,1,8.199204444885254,2026-09-08T00:21:10
BPI17,pfm_rft,remaining_time,30,30,2,8.718932151794434,2026-09-08T00:20:27
BPI17,pfm_rft,remaining_time,300,300,0,7.123248100280762,2026-09-08T00:13:47
BPI17,pfm_rft,remaining_time,300,300,1,7.117342472076416,2026-09-08T00:21:10
BPI17,pfm_rft,remaining_time,300,300,2,7.350503921508789,2026-09-08T00:20:27
BPI17,pfm_rft,remaining_time,5000,5000,0,6.8077898025512695,2026-09-08T00:13:47
BPI17,pfm_rft,remaining_time,5000,5000,1,6.851171970367432,2026-09-08T00:21:10
BPI17,pfm_rft,remaining_time,5000,5000,2,6.879303932189941,2026-09-08T00:20:27
BPI17,pfm_rft,remaining_time,all,20446,0,6.803102970123291,2026-09-08T00:13:47
BPI17,pfm_rft,remaining_time,all,20446,1,6.847487926483154,2026-09-08T00:21:10
BPI17,pfm_rft,remaining_time,all,20446,2,7.024692535400391,2026-09-08T00:20:27
BPI17,pfm_s2,future_activity_set,0,0,0,0.4212459325790405,2026-09-15T00:11:26
BPI17,pfm_s2,future_activity_set,0,0,1,0.3643159866333008,2026-09-14T23:58:04
BPI17,pfm_s2,future_activity_set,0,0,2,0.31888341903686523,2026-09-15T00:29:15
BPI17,pfm_s2,future_activity_set,10,10,0,0.6876378655433655,2026-09-15T00:11:26
BPI17,pfm_s2,future_activity_set,10,10,1,0.7328680157661438,2026-09-14T23:58:04
BPI17,pfm_s2,future_activity_set,10,10,2,0.6922620534896851,2026-09-15T00:29:15
BPI17,pfm_s2,future_activity_set,100,100,0,0.7147418856620789,2026-09-15T00:11:26
BPI17,pfm_s2,future_activity_set,100,100,1,0.671830952167511,2026-09-14T23:58:04
BPI17,pfm_s2,future_activity_set,100,100,2,0.7021304368972778,2026-09-15T00:29:15
BPI17,pfm_s2,future_activity_set,1000,1000,0,0.7254568338394165,2026-09-15T00:11:26
BPI17,pfm_s2,future_activity_set,1000,1000,1,0.7190966606140137,2026-09-14T23:58:04
BPI17,pfm_s2,future_activity_set,1000,1000,2,0.7294018864631653,2026-09-15T00:29:15
BPI17,pfm_s2,future_activity_set,30,30,0,0.7467027306556702,2026-09-15T00:11:26
BPI17,pfm_s2,future_activity_set,30,30,1,0.7182309031486511,2026-09-14T23:58:04
BPI17,pfm_s2,future_activity_set,30,30,2,0.6941069960594177,2026-09-15T00:29:15
BPI17,pfm_s2,future_activity_set,300,300,0,0.7417941093444824,2026-09-15T00:11:26
BPI17,pfm_s2,future_activity_set,300,300,1,0.7092300057411194,2026-09-14T23:58:04
BPI17,pfm_s2,future_activity_set,300,300,2,0.7319700717926025,2026-09-15T00:29:15
BPI17,pfm_s2,future_activity_set,5000,5000,0,0.7415235638618469,2026-09-15T00:11:26
BPI17,pfm_s2,future_activity_set,5000,5000,1,0.7517583966255188,2026-09-14T23:58:04
BPI17,pfm_s2,future_activity_set,5000,5000,2,0.7509002685546875,2026-09-15T00:29:15
BPI17,pfm_s2,future_activity_set,all,20446,0,0.7634504437446594,2026-09-15T00:11:26
BPI17,pfm_s2,future_activity_set,all,20446,1,0.7654215097427368,2026-09-14T23:58:04
BPI17,pfm_s2,future_activity_set,all,20446,2,0.7487316727638245,2026-09-15T00:29:15
BPI17,pfm_s2,next_3_activities,0,0,0,0.020388038828969002,2026-09-15T00:11:26
BPI17,pfm_s2,next_3_activities,0,0,1,0.0245360154658556,2026-09-14T23:58:04
BPI17,pfm_s2,next_3_activities,0,0,2,0.022538412362337112,2026-09-15T00:29:15
BPI17,pfm_s2,next_3_activities,10,10,0,0.5178534388542175,2026-09-15T00:11:26
BPI17,pfm_s2,next_3_activities,10,10,1,0.5280335545539856,2026-09-14T23:58:04
BPI17,pfm_s2,next_3_activities,10,10,2,0.5404682159423828,2026-09-15T00:29:15
BPI17,pfm_s2,next_3_activities,100,100,0,0.5741797685623169,2026-09-15T00:11:26
BPI17,pfm_s2,next_3_activities,100,100,1,0.5618399977684021,2026-09-14T23:58:04
BPI17,pfm_s2,next_3_activities,100,100,2,0.5565300583839417,2026-09-15T00:29:15
BPI17,pfm_s2,next_3_activities,1000,1000,0,0.6818975210189819,2026-09-15T00:11:26
BPI17,pfm_s2,next_3_activities,1000,1000,1,0.6728215217590332,2026-09-14T23:58:04
BPI17,pfm_s2,next_3_activities,1000,1000,2,0.686404287815094,2026-09-15T00:29:15
BPI17,pfm_s2,next_3_activities,30,30,0,0.5684346556663513,2026-09-15T00:11:26
BPI17,pfm_s2,next_3_activities,30,30,1,0.5565555095672607,2026-09-14T23:58:04
BPI17,pfm_s2,next_3_activities,30,30,2,0.551368236541748,2026-09-15T00:29:15
BPI17,pfm_s2,next_3_activities,300,300,0,0.6446374654769897,2026-09-15T00:11:26
BPI17,pfm_s2,next_3_activities,300,300,1,0.6316936016082764,2026-09-14T23:58:04
BPI17,pfm_s2,next_3_activities,300,300,2,0.6340129375457764,2026-09-15T00:29:15
BPI17,pfm_s2,next_3_activities,5000,5000,0,0.7135188579559326,2026-09-15T00:11:26
BPI17,pfm_s2,next_3_activities,5000,5000,1,0.7143452167510986,2026-09-14T23:58:04
BPI17,pfm_s2,next_3_activities,5000,5000,2,0.7138591408729553,2026-09-15T00:29:15
BPI17,pfm_s2,next_3_activities,all,20446,0,0.7248378396034241,2026-09-15T00:11:26
BPI17,pfm_s2,next_3_activities,all,20446,1,0.724136471748352,2026-09-14T23:58:04
BPI17,pfm_s2,next_3_activities,all,20446,2,0.726423442363739,2026-09-15T00:29:15
BPI17,pfm_s2,next_5_activities,0,0,0,0.02241305261850357,2026-09-15T00:11:26
BPI17,pfm_s2,next_5_activities,0,0,1,0.027236005291342735,2026-09-14T23:58:04
BPI17,pfm_s2,next_5_activities,0,0,2,0.018625738099217415,2026-09-15T00:29:15
BPI17,pfm_s2,next_5_activities,10,10,0,0.4826233386993408,2026-09-15T00:11:26
BPI17,pfm_s2,next_5_activities,10,10,1,0.48599812388420105,2026-09-14T23:58:04
BPI17,pfm_s2,next_5_activities,10,10,2,0.5066092014312744,2026-09-15T00:29:15
BPI17,pfm_s2,next_5_activities,100,100,0,0.5343852043151855,2026-09-15T00:11:26
BPI17,pfm_s2,next_5_activities,100,100,1,0.5220119953155518,2026-09-14T23:58:04
BPI17,pfm_s2,next_5_activities,100,100,2,0.5211582779884338,2026-09-15T00:29:15
BPI17,pfm_s2,next_5_activities,1000,1000,0,0.6236950755119324,2026-09-15T00:11:26
BPI17,pfm_s2,next_5_activities,1000,1000,1,0.615249514579773,2026-09-14T23:58:04
BPI17,pfm_s2,next_5_activities,1000,1000,2,0.627031147480011,2026-09-15T00:29:15
BPI17,pfm_s2,next_5_activities,30,30,0,0.5345112681388855,2026-09-15T00:11:26
BPI17,pfm_s2,next_5_activities,30,30,1,0.5148255228996277,2026-09-14T23:58:04
BPI17,pfm_s2,next_5_activities,30,30,2,0.5141035914421082,2026-09-15T00:29:15
BPI17,pfm_s2,next_5_activities,300,300,0,0.5927204489707947,2026-09-15T00:11:26
BPI17,pfm_s2,next_5_activities,300,300,1,0.5792456865310669,2026-09-14T23:58:04
BPI17,pfm_s2,next_5_activities,300,300,2,0.5873990058898926,2026-09-15T00:29:15
BPI17,pfm_s2,next_5_activities,5000,5000,0,0.6528562307357788,2026-09-15T00:11:26
BPI17,pfm_s2,next_5_activities,5000,5000,1,0.6507878303527832,2026-09-14T23:58:04
BPI17,pfm_s2,next_5_activities,5000,5000,2,0.6535266041755676,2026-09-15T00:29:15
BPI17,pfm_s2,next_5_activities,all,20446,0,0.6630579233169556,2026-09-15T00:11:26
BPI17,pfm_s2,next_5_activities,all,20446,1,0.657659113407135,2026-09-14T23:58:04
BPI17,pfm_s2,next_5_activities,all,20446,2,0.6628287434577942,2026-09-15T00:29:15
BPI17,pfm_s2,next_activity,0,0,0,0.03967301920056343,2026-09-15T00:11:26
BPI17,pfm_s2,next_activity,0,0,1,0.01686120219528675,2026-09-14T23:58:04
BPI17,pfm_s2,next_activity,0,0,2,0.017043156549334526,2026-09-15T00:29:15
BPI17,pfm_s2,next_activity,10,10,0,0.5752082467079163,2026-09-15T00:11:26
BPI17,pfm_s2,next_activity,10,10,1,0.6008437275886536,2026-09-14T23:58:04
BPI17,pfm_s2,next_activity,10,10,2,0.6055071949958801,2026-09-15T00:29:15
BPI17,pfm_s2,next_activity,100,100,0,0.6281707286834717,2026-09-15T00:11:26
BPI17,pfm_s2,next_activity,100,100,1,0.6037145853042603,2026-09-14T23:58:04
BPI17,pfm_s2,next_activity,100,100,2,0.6103997826576233,2026-09-15T00:29:15
BPI17,pfm_s2,next_activity,1000,1000,0,0.7696983814239502,2026-09-15T00:11:26
BPI17,pfm_s2,next_activity,1000,1000,1,0.7556271553039551,2026-09-14T23:58:04
BPI17,pfm_s2,next_activity,1000,1000,2,0.7718414068222046,2026-09-15T00:29:15
BPI17,pfm_s2,next_activity,30,30,0,0.6228199005126953,2026-09-15T00:11:26
BPI17,pfm_s2,next_activity,30,30,1,0.6168962717056274,2026-09-14T23:58:04
BPI17,pfm_s2,next_activity,30,30,2,0.6077647805213928,2026-09-15T00:29:15
BPI17,pfm_s2,next_activity,300,300,0,0.7125643491744995,2026-09-15T00:11:26
BPI17,pfm_s2,next_activity,300,300,1,0.7079682946205139,2026-09-14T23:58:04
BPI17,pfm_s2,next_activity,300,300,2,0.6993557214736938,2026-09-15T00:29:15
BPI17,pfm_s2,next_activity,5000,5000,0,0.8037105202674866,2026-09-15T00:11:26
BPI17,pfm_s2,next_activity,5000,5000,1,0.8004892468452454,2026-09-14T23:58:04
BPI17,pfm_s2,next_activity,5000,5000,2,0.8060355186462402,2026-09-15T00:29:15
BPI17,pfm_s2,next_activity,all,20446,0,0.8137787580490112,2026-09-15T00:11:26
BPI17,pfm_s2,next_activity,all,20446,1,0.8168113231658936,2026-09-14T23:58:04
BPI17,pfm_s2,next_activity,all,20446,2,0.815524160861969,2026-09-15T00:29:15
BPI17,pfm_s2,next_time,0,0,0,0.5920196771621704,2026-09-15T00:11:26
BPI17,pfm_s2,next_time,0,0,1,0.5920201539993286,2026-09-14T23:58:04
BPI17,pfm_s2,next_time,0,0,2,0.59201979637146,2026-09-15T00:29:15
BPI17,pfm_s2,next_time,10,10,0,0.5919760465621948,2026-09-15T00:11:26
BPI17,pfm_s2,next_time,10,10,1,0.5919928550720215,2026-09-14T23:58:04
BPI17,pfm_s2,next_time,10,10,2,0.5919630527496338,2026-09-15T00:29:15
BPI17,pfm_s2,next_time,100,100,0,0.5919052958488464,2026-09-15T00:11:26
BPI17,pfm_s2,next_time,100,100,1,0.5919720530509949,2026-09-14T23:58:04
BPI17,pfm_s2,next_time,100,100,2,0.5919790267944336,2026-09-15T00:29:15
BPI17,pfm_s2,next_time,1000,1000,0,0.5770605206489563,2026-09-15T00:11:26
BPI17,pfm_s2,next_time,1000,1000,1,0.5838216543197632,2026-09-14T23:58:04
BPI17,pfm_s2,next_time,1000,1000,2,0.5830767154693604,2026-09-15T00:29:15
BPI17,pfm_s2,next_time,30,30,0,0.5919153094291687,2026-09-15T00:11:26
BPI17,pfm_s2,next_time,30,30,1,0.5919893980026245,2026-09-14T23:58:04
BPI17,pfm_s2,next_time,30,30,2,0.5918949842453003,2026-09-15T00:29:15
BPI17,pfm_s2,next_time,300,300,0,0.5855058431625366,2026-09-15T00:11:26
BPI17,pfm_s2,next_time,300,300,1,0.5889790058135986,2026-09-14T23:58:04
BPI17,pfm_s2,next_time,300,300,2,0.5896482467651367,2026-09-15T00:29:15
BPI17,pfm_s2,next_time,5000,5000,0,0.5845659375190735,2026-09-15T00:11:26
BPI17,pfm_s2,next_time,5000,5000,1,0.5837385058403015,2026-09-14T23:58:04
BPI17,pfm_s2,next_time,5000,5000,2,0.5826696753501892,2026-09-15T00:29:15
BPI17,pfm_s2,next_time,all,20446,0,0.591215968132019,2026-09-15T00:11:26
BPI17,pfm_s2,next_time,all,20446,1,0.5938150882720947,2026-09-14T23:58:04
BPI17,pfm_s2,next_time,all,20446,2,0.5777711868286133,2026-09-15T00:29:15
BPI17,pfm_s2,remaining_count,0,0,0,18.83648109436035,2026-09-15T00:11:26
BPI17,pfm_s2,remaining_count,0,0,1,19.068695068359375,2026-09-14T23:58:04
BPI17,pfm_s2,remaining_count,0,0,2,19.021516799926758,2026-09-15T00:29:15
BPI17,pfm_s2,remaining_count,10,10,0,9.266358375549316,2026-09-15T00:11:26
BPI17,pfm_s2,remaining_count,10,10,1,8.995993614196777,2026-09-14T23:58:04
BPI17,pfm_s2,remaining_count,10,10,2,9.12341022491455,2026-09-15T00:29:15
BPI17,pfm_s2,remaining_count,100,100,0,8.518857955932617,2026-09-15T00:11:26
BPI17,pfm_s2,remaining_count,100,100,1,8.762639999389648,2026-09-14T23:58:04
BPI17,pfm_s2,remaining_count,100,100,2,8.697653770446777,2026-09-15T00:29:15
BPI17,pfm_s2,remaining_count,1000,1000,0,8.264732360839844,2026-09-15T00:11:26
BPI17,pfm_s2,remaining_count,1000,1000,1,8.332252502441406,2026-09-14T23:58:04
BPI17,pfm_s2,remaining_count,1000,1000,2,8.310998916625977,2026-09-15T00:29:15
BPI17,pfm_s2,remaining_count,30,30,0,8.832367897033691,2026-09-15T00:11:26
BPI17,pfm_s2,remaining_count,30,30,1,8.822497367858887,2026-09-14T23:58:04
BPI17,pfm_s2,remaining_count,30,30,2,8.638548851013184,2026-09-15T00:29:15
BPI17,pfm_s2,remaining_count,300,300,0,8.64167594909668,2026-09-15T00:11:26
BPI17,pfm_s2,remaining_count,300,300,1,8.755311012268066,2026-09-14T23:58:04
BPI17,pfm_s2,remaining_count,300,300,2,8.883452415466309,2026-09-15T00:29:15
BPI17,pfm_s2,remaining_count,5000,5000,0,8.147705078125,2026-09-15T00:11:26
BPI17,pfm_s2,remaining_count,5000,5000,1,8.145684242248535,2026-09-14T23:58:04
BPI17,pfm_s2,remaining_count,5000,5000,2,8.148750305175781,2026-09-15T00:29:15
BPI17,pfm_s2,remaining_count,all,20446,0,8.167013168334961,2026-09-15T00:11:26
BPI17,pfm_s2,remaining_count,all,20446,1,8.094837188720703,2026-09-14T23:58:04
BPI17,pfm_s2,remaining_count,all,20446,2,8.124693870544434,2026-09-15T00:29:15
BPI17,pfm_s2,remaining_time,0,0,0,12.445625305175781,2026-09-15T00:11:26
BPI17,pfm_s2,remaining_time,0,0,1,12.445629119873047,2026-09-14T23:58:04
BPI17,pfm_s2,remaining_time,0,0,2,12.445627212524414,2026-09-15T00:29:15
BPI17,pfm_s2,remaining_time,10,10,0,9.969596862792969,2026-09-15T00:11:26
BPI17,pfm_s2,remaining_time,10,10,1,10.345483779907227,2026-09-14T23:58:04
BPI17,pfm_s2,remaining_time,10,10,2,10.655598640441895,2026-09-15T00:29:15
BPI17,pfm_s2,remaining_time,100,100,0,11.678418159484863,2026-09-15T00:11:26
BPI17,pfm_s2,remaining_time,100,100,1,10.85173511505127,2026-09-14T23:58:04
BPI17,pfm_s2,remaining_time,100,100,2,10.757113456726074,2026-09-15T00:29:15
BPI17,pfm_s2,remaining_time,1000,1000,0,7.656787872314453,2026-09-15T00:11:26
BPI17,pfm_s2,remaining_time,1000,1000,1,7.636213779449463,2026-09-14T23:58:04
BPI17,pfm_s2,remaining_time,1000,1000,2,7.400667667388916,2026-09-15T00:29:15
BPI17,pfm_s2,remaining_time,30,30,0,14.039737701416016,2026-09-15T00:11:26
BPI17,pfm_s2,remaining_time,30,30,1,9.915458679199219,2026-09-14T23:58:04
BPI17,pfm_s2,remaining_time,30,30,2,10.650776863098145,2026-09-15T00:29:15
BPI17,pfm_s2,remaining_time,300,300,0,7.753544330596924,2026-09-15T00:11:26
BPI17,pfm_s2,remaining_time,300,300,1,8.04599666595459,2026-09-14T23:58:04
BPI17,pfm_s2,remaining_time,300,300,2,8.789732933044434,2026-09-15T00:29:15
BPI17,pfm_s2,remaining_time,5000,5000,0,7.67838191986084,2026-09-15T00:11:26
BPI17,pfm_s2,remaining_time,5000,5000,1,7.148774147033691,2026-09-14T23:58:04
BPI17,pfm_s2,remaining_time,5000,5000,2,7.196070194244385,2026-09-15T00:29:15
BPI17,pfm_s2,remaining_time,all,20446,0,7.069910049438477,2026-09-15T00:11:26
BPI17,pfm_s2,remaining_time,all,20446,1,7.075218677520752,2026-09-14T23:58:04
BPI17,pfm_s2,remaining_time,all,20446,2,7.18801212310791,2026-09-15T00:29:15
BPI17,pfm_scratch,future_activity_set,0,0,0,0.3374895453453064,2026-09-15T02:17:17
BPI17,pfm_scratch,future_activity_set,0,0,1,0.3247460722923279,2026-09-15T01:48:03
BPI17,pfm_scratch,future_activity_set,0,0,2,0.25287801027297974,2026-09-15T02:03:32
BPI17,pfm_scratch,future_activity_set,10,10,0,0.7121838927268982,2026-09-15T02:17:17
BPI17,pfm_scratch,future_activity_set,10,10,1,0.7329745292663574,2026-09-15T01:48:03
BPI17,pfm_scratch,future_activity_set,10,10,2,0.7060366868972778,2026-09-15T02:03:32
BPI17,pfm_scratch,future_activity_set,100,100,0,0.747801661491394,2026-09-15T02:17:17
BPI17,pfm_scratch,future_activity_set,100,100,1,0.7317119836807251,2026-09-15T01:48:03
BPI17,pfm_scratch,future_activity_set,100,100,2,0.6935486793518066,2026-09-15T02:03:32
BPI17,pfm_scratch,future_activity_set,1000,1000,0,0.7727317214012146,2026-09-15T02:17:17
BPI17,pfm_scratch,future_activity_set,1000,1000,1,0.7852192521095276,2026-09-15T01:48:03
BPI17,pfm_scratch,future_activity_set,1000,1000,2,0.7855580449104309,2026-09-15T02:03:32
BPI17,pfm_scratch,future_activity_set,30,30,0,0.7638223767280579,2026-09-15T02:17:17
BPI17,pfm_scratch,future_activity_set,30,30,1,0.7324012517929077,2026-09-15T01:48:03
BPI17,pfm_scratch,future_activity_set,30,30,2,0.7291859984397888,2026-09-15T02:03:32
BPI17,pfm_scratch,future_activity_set,300,300,0,0.7421672344207764,2026-09-15T02:17:17
BPI17,pfm_scratch,future_activity_set,300,300,1,0.7566672563552856,2026-09-15T01:48:03
BPI17,pfm_scratch,future_activity_set,300,300,2,0.7389786839485168,2026-09-15T02:03:32
BPI17,pfm_scratch,future_activity_set,5000,5000,0,0.7854183316230774,2026-09-15T02:17:17
BPI17,pfm_scratch,future_activity_set,5000,5000,1,0.7867633700370789,2026-09-15T01:48:03
BPI17,pfm_scratch,future_activity_set,5000,5000,2,0.7871807217597961,2026-09-15T02:03:32
BPI17,pfm_scratch,future_activity_set,all,20446,0,0.7969114184379578,2026-09-15T02:17:17
BPI17,pfm_scratch,future_activity_set,all,20446,1,0.7905754446983337,2026-09-15T01:48:03
BPI17,pfm_scratch,future_activity_set,all,20446,2,0.7917842268943787,2026-09-15T02:03:32
BPI17,pfm_scratch,next_3_activities,0,0,0,0.06190482899546623,2026-09-15T02:17:17
BPI17,pfm_scratch,next_3_activities,0,0,1,0.011404617689549923,2026-09-15T01:48:03
BPI17,pfm_scratch,next_3_activities,0,0,2,0.06835363060235977,2026-09-15T02:03:32
BPI17,pfm_scratch,next_3_activities,10,10,0,0.39151376485824585,2026-09-15T02:17:17
BPI17,pfm_scratch,next_3_activities,10,10,1,0.5999147891998291,2026-09-15T01:48:03
BPI17,pfm_scratch,next_3_activities,10,10,2,0.5785545706748962,2026-09-15T02:03:32
BPI17,pfm_scratch,next_3_activities,100,100,0,0.6471697688102722,2026-09-15T02:17:17
BPI17,pfm_scratch,next_3_activities,100,100,1,0.656363844871521,2026-09-15T01:48:03
BPI17,pfm_scratch,next_3_activities,100,100,2,0.6783421039581299,2026-09-15T02:03:32
BPI17,pfm_scratch,next_3_activities,1000,1000,0,0.7862311005592346,2026-09-15T02:17:17
BPI17,pfm_scratch,next_3_activities,1000,1000,1,0.7796017527580261,2026-09-15T01:48:03
BPI17,pfm_scratch,next_3_activities,1000,1000,2,0.7843654751777649,2026-09-15T02:03:32
BPI17,pfm_scratch,next_3_activities,30,30,0,0.6367928981781006,2026-09-15T02:17:17
BPI17,pfm_scratch,next_3_activities,30,30,1,0.6560004353523254,2026-09-15T01:48:03
BPI17,pfm_scratch,next_3_activities,30,30,2,0.6913716793060303,2026-09-15T02:03:32
BPI17,pfm_scratch,next_3_activities,300,300,0,0.7722015976905823,2026-09-15T02:17:17
BPI17,pfm_scratch,next_3_activities,300,300,1,0.7733173370361328,2026-09-15T01:48:03
BPI17,pfm_scratch,next_3_activities,300,300,2,0.7778310179710388,2026-09-15T02:03:32
BPI17,pfm_scratch,next_3_activities,5000,5000,0,0.7957122325897217,2026-09-15T02:17:17
BPI17,pfm_scratch,next_3_activities,5000,5000,1,0.7856524586677551,2026-09-15T01:48:03
BPI17,pfm_scratch,next_3_activities,5000,5000,2,0.7881384491920471,2026-09-15T02:03:32
BPI17,pfm_scratch,next_3_activities,all,20446,0,0.7959668636322021,2026-09-15T02:17:17
BPI17,pfm_scratch,next_3_activities,all,20446,1,0.797073245048523,2026-09-15T01:48:03
BPI17,pfm_scratch,next_3_activities,all,20446,2,0.7947261333465576,2026-09-15T02:03:32
BPI17,pfm_scratch,next_5_activities,0,0,0,0.03126683086156845,2026-09-15T02:17:17
BPI17,pfm_scratch,next_5_activities,0,0,1,0.038576461374759674,2026-09-15T01:48:03
BPI17,pfm_scratch,next_5_activities,0,0,2,0.0068397982977330685,2026-09-15T02:03:32
BPI17,pfm_scratch,next_5_activities,10,10,0,0.5693835020065308,2026-09-15T02:17:17
BPI17,pfm_scratch,next_5_activities,10,10,1,0.5407522916793823,2026-09-15T01:48:03
BPI17,pfm_scratch,next_5_activities,10,10,2,0.5181244015693665,2026-09-15T02:03:32
BPI17,pfm_scratch,next_5_activities,100,100,0,0.5883071422576904,2026-09-15T02:17:17
BPI17,pfm_scratch,next_5_activities,100,100,1,0.45714202523231506,2026-09-15T01:48:03
BPI17,pfm_scratch,next_5_activities,100,100,2,0.6144043803215027,2026-09-15T02:03:32
BPI17,pfm_scratch,next_5_activities,1000,1000,0,0.7212843298912048,2026-09-15T02:17:17
BPI17,pfm_scratch,next_5_activities,1000,1000,1,0.7226694822311401,2026-09-15T01:48:03
BPI17,pfm_scratch,next_5_activities,1000,1000,2,0.7224875092506409,2026-09-15T02:03:32
BPI17,pfm_scratch,next_5_activities,30,30,0,0.5798329710960388,2026-09-15T02:17:17
BPI17,pfm_scratch,next_5_activities,30,30,1,0.581239640712738,2026-09-15T01:48:03
BPI17,pfm_scratch,next_5_activities,30,30,2,0.614716649055481,2026-09-15T02:03:32
BPI17,pfm_scratch,next_5_activities,300,300,0,0.7100957036018372,2026-09-15T02:17:17
BPI17,pfm_scratch,next_5_activities,300,300,1,0.7047814130783081,2026-09-15T01:48:03
BPI17,pfm_scratch,next_5_activities,300,300,2,0.7094510793685913,2026-09-15T02:03:32
BPI17,pfm_scratch,next_5_activities,5000,5000,0,0.734462559223175,2026-09-15T02:17:17
BPI17,pfm_scratch,next_5_activities,5000,5000,1,0.723656415939331,2026-09-15T01:48:03
BPI17,pfm_scratch,next_5_activities,5000,5000,2,0.7270140051841736,2026-09-15T02:03:32
BPI17,pfm_scratch,next_5_activities,all,20446,0,0.7322179675102234,2026-09-15T02:17:17
BPI17,pfm_scratch,next_5_activities,all,20446,1,0.7352904677391052,2026-09-15T01:48:03
BPI17,pfm_scratch,next_5_activities,all,20446,2,0.7337449193000793,2026-09-15T02:03:32
BPI17,pfm_scratch,next_activity,0,0,0,0.11091193556785583,2026-09-15T02:17:17
BPI17,pfm_scratch,next_activity,0,0,1,0.01921314373612404,2026-09-15T01:48:03
BPI17,pfm_scratch,next_activity,0,0,2,0.01507534272968769,2026-09-15T02:03:32
BPI17,pfm_scratch,next_activity,10,10,0,0.7349112033843994,2026-09-15T02:17:17
BPI17,pfm_scratch,next_activity,10,10,1,0.6895571351051331,2026-09-15T01:48:03
BPI17,pfm_scratch,next_activity,10,10,2,0.6779186725616455,2026-09-15T02:03:32
BPI17,pfm_scratch,next_activity,100,100,0,0.5304809212684631,2026-09-15T02:17:17
BPI17,pfm_scratch,next_activity,100,100,1,0.7910882234573364,2026-09-15T01:48:03
BPI17,pfm_scratch,next_activity,100,100,2,0.3934617340564728,2026-09-15T02:03:32
BPI17,pfm_scratch,next_activity,1000,1000,0,0.8778674602508545,2026-09-15T02:17:17
BPI17,pfm_scratch,next_activity,1000,1000,1,0.8801655173301697,2026-09-15T01:48:03
BPI17,pfm_scratch,next_activity,1000,1000,2,0.8779416084289551,2026-09-15T02:03:32
BPI17,pfm_scratch,next_activity,30,30,0,0.7674272656440735,2026-09-15T02:17:17
BPI17,pfm_scratch,next_activity,30,30,1,0.7635859847068787,2026-09-15T01:48:03
BPI17,pfm_scratch,next_activity,30,30,2,0.793467104434967,2026-09-15T02:03:32
BPI17,pfm_scratch,next_activity,300,300,0,0.8677453994750977,2026-09-15T02:17:17
BPI17,pfm_scratch,next_activity,300,300,1,0.8613836765289307,2026-09-15T01:48:03
BPI17,pfm_scratch,next_activity,300,300,2,0.8723481893539429,2026-09-15T02:03:32
BPI17,pfm_scratch,next_activity,5000,5000,0,0.8867698311805725,2026-09-15T02:17:17
BPI17,pfm_scratch,next_activity,5000,5000,1,0.8878682851791382,2026-09-15T01:48:03
BPI17,pfm_scratch,next_activity,5000,5000,2,0.8878278732299805,2026-09-15T02:03:32
BPI17,pfm_scratch,next_activity,all,20446,0,0.8899776339530945,2026-09-15T02:17:17
BPI17,pfm_scratch,next_activity,all,20446,1,0.8917904496192932,2026-09-15T01:48:03
BPI17,pfm_scratch,next_activity,all,20446,2,0.8906987309455872,2026-09-15T02:03:32
BPI17,pfm_scratch,next_time,0,0,0,0.5920200347900391,2026-09-15T02:17:17
BPI17,pfm_scratch,next_time,0,0,1,0.5920200347900391,2026-09-15T01:48:03
BPI17,pfm_scratch,next_time,0,0,2,0.5920200347900391,2026-09-15T02:03:32
BPI17,pfm_scratch,next_time,10,10,0,0.584460437297821,2026-09-15T02:17:17
BPI17,pfm_scratch,next_time,10,10,1,0.584892749786377,2026-09-15T01:48:03
BPI17,pfm_scratch,next_time,10,10,2,0.5914673209190369,2026-09-15T02:03:32
BPI17,pfm_scratch,next_time,100,100,0,0.5910677313804626,2026-09-15T02:17:17
BPI17,pfm_scratch,next_time,100,100,1,0.5919485092163086,2026-09-15T01:48:03
BPI17,pfm_scratch,next_time,100,100,2,0.5919261574745178,2026-09-15T02:03:32
BPI17,pfm_scratch,next_time,1000,1000,0,0.4982817471027374,2026-09-15T02:17:17
BPI17,pfm_scratch,next_time,1000,1000,1,0.49194711446762085,2026-09-15T01:48:03
BPI17,pfm_scratch,next_time,1000,1000,2,0.48076462745666504,2026-09-15T02:03:32
BPI17,pfm_scratch,next_time,30,30,0,0.5920180082321167,2026-09-15T02:17:17
BPI17,pfm_scratch,next_time,30,30,1,0.5522049069404602,2026-09-15T01:48:03
BPI17,pfm_scratch,next_time,30,30,2,0.5919513702392578,2026-09-15T02:03:32
BPI17,pfm_scratch,next_time,300,300,0,0.5093564987182617,2026-09-15T02:17:17
BPI17,pfm_scratch,next_time,300,300,1,0.49091917276382446,2026-09-15T01:48:03
BPI17,pfm_scratch,next_time,300,300,2,0.5268272161483765,2026-09-15T02:03:32
BPI17,pfm_scratch,next_time,5000,5000,0,0.48267364501953125,2026-09-15T02:17:17
BPI17,pfm_scratch,next_time,5000,5000,1,0.4926743507385254,2026-09-15T01:48:03
BPI17,pfm_scratch,next_time,5000,5000,2,0.49006494879722595,2026-09-15T02:03:32
BPI17,pfm_scratch,next_time,all,20446,0,0.4781079590320587,2026-09-15T02:17:17
BPI17,pfm_scratch,next_time,all,20446,1,0.4865458905696869,2026-09-15T01:48:03
BPI17,pfm_scratch,next_time,all,20446,2,0.4907445013523102,2026-09-15T02:03:32
BPI17,pfm_scratch,remaining_count,0,0,0,19.222732543945312,2026-09-15T02:17:17
BPI17,pfm_scratch,remaining_count,0,0,1,19.04237174987793,2026-09-15T01:48:03
BPI17,pfm_scratch,remaining_count,0,0,2,19.423301696777344,2026-09-15T02:03:32
BPI17,pfm_scratch,remaining_count,10,10,0,8.998246192932129,2026-09-15T02:17:17
BPI17,pfm_scratch,remaining_count,10,10,1,10.845004081726074,2026-09-15T01:48:03
BPI17,pfm_scratch,remaining_count,10,10,2,9.073943138122559,2026-09-15T02:03:32
BPI17,pfm_scratch,remaining_count,100,100,0,8.90782642364502,2026-09-15T02:17:17
BPI17,pfm_scratch,remaining_count,100,100,1,8.857339859008789,2026-09-15T01:48:03
BPI17,pfm_scratch,remaining_count,100,100,2,8.897730827331543,2026-09-15T02:03:32
BPI17,pfm_scratch,remaining_count,1000,1000,0,9.021998405456543,2026-09-15T02:17:17
BPI17,pfm_scratch,remaining_count,1000,1000,1,9.02535629272461,2026-09-15T01:48:03
BPI17,pfm_scratch,remaining_count,1000,1000,2,9.226324081420898,2026-09-15T02:03:32
BPI17,pfm_scratch,remaining_count,30,30,0,8.90825366973877,2026-09-15T02:17:17
BPI17,pfm_scratch,remaining_count,30,30,1,8.891441345214844,2026-09-15T01:48:03
BPI17,pfm_scratch,remaining_count,30,30,2,8.968646049499512,2026-09-15T02:03:32
BPI17,pfm_scratch,remaining_count,300,300,0,9.1669340133667,2026-09-15T02:17:17
BPI17,pfm_scratch,remaining_count,300,300,1,9.220171928405762,2026-09-15T01:48:03
BPI17,pfm_scratch,remaining_count,300,300,2,9.0665922164917,2026-09-15T02:03:32
BPI17,pfm_scratch,remaining_count,5000,5000,0,8.912158966064453,2026-09-15T02:17:17
BPI17,pfm_scratch,remaining_count,5000,5000,1,8.992465019226074,2026-09-15T01:48:03
BPI17,pfm_scratch,remaining_count,5000,5000,2,8.947885513305664,2026-09-15T02:03:32
BPI17,pfm_scratch,remaining_count,all,20446,0,8.959588050842285,2026-09-15T02:17:17
BPI17,pfm_scratch,remaining_count,all,20446,1,8.96749210357666,2026-09-15T01:48:03
BPI17,pfm_scratch,remaining_count,all,20446,2,8.06563949584961,2026-09-15T02:03:32
BPI17,pfm_scratch,remaining_time,0,0,0,12.445629119873047,2026-09-15T02:17:17
BPI17,pfm_scratch,remaining_time,0,0,1,12.445629119873047,2026-09-15T01:48:03
BPI17,pfm_scratch,remaining_time,0,0,2,12.445629119873047,2026-09-15T02:03:32
BPI17,pfm_scratch,remaining_time,10,10,0,9.804143905639648,2026-09-15T02:17:17
BPI17,pfm_scratch,remaining_time,10,10,1,9.62024974822998,2026-09-15T01:48:03
BPI17,pfm_scratch,remaining_time,10,10,2,9.624494552612305,2026-09-15T02:03:32
BPI17,pfm_scratch,remaining_time,100,100,0,9.820584297180176,2026-09-15T02:17:17
BPI17,pfm_scratch,remaining_time,100,100,1,9.633855819702148,2026-09-15T01:48:03
BPI17,pfm_scratch,remaining_time,100,100,2,9.623695373535156,2026-09-15T02:03:32
BPI17,pfm_scratch,remaining_time,1000,1000,0,7.500694751739502,2026-09-15T02:17:17
BPI17,pfm_scratch,remaining_time,1000,1000,1,7.6030659675598145,2026-09-15T01:48:03
BPI17,pfm_scratch,remaining_time,1000,1000,2,7.592013359069824,2026-09-15T02:03:32
BPI17,pfm_scratch,remaining_time,30,30,0,9.879922866821289,2026-09-15T02:17:17
BPI17,pfm_scratch,remaining_time,30,30,1,9.643653869628906,2026-09-15T01:48:03
BPI17,pfm_scratch,remaining_time,30,30,2,9.62243366241455,2026-09-15T02:03:32
BPI17,pfm_scratch,remaining_time,300,300,0,7.532629013061523,2026-09-15T02:17:17
BPI17,pfm_scratch,remaining_time,300,300,1,7.810549259185791,2026-09-15T01:48:03
BPI17,pfm_scratch,remaining_time,300,300,2,7.496735095977783,2026-09-15T02:03:32
BPI17,pfm_scratch,remaining_time,5000,5000,0,6.8287763595581055,2026-09-15T02:17:17
BPI17,pfm_scratch,remaining_time,5000,5000,1,7.610591888427734,2026-09-15T01:48:03
BPI17,pfm_scratch,remaining_time,5000,5000,2,7.679854393005371,2026-09-15T02:03:32
BPI17,pfm_scratch,remaining_time,all,20446,0,7.535569667816162,2026-09-15T02:17:17
BPI17,pfm_scratch,remaining_time,all,20446,1,7.5327019691467285,2026-09-15T01:48:03
BPI17,pfm_scratch,remaining_time,all,20446,2,6.7821173667907715,2026-09-15T02:03:32
BPI17,random_role,future_activity_set,0,0,0,0.33748292922973633,2026-09-06T20:57:02
BPI17,random_role,future_activity_set,0,0,1,0.324768602848053,2026-09-06T20:39:58
BPI17,random_role,future_activity_set,0,0,2,0.2528754472732544,2026-09-06T21:26:34
BPI17,random_role,future_activity_set,10,10,0,0.652192234992981,2026-09-06T20:57:02
BPI17,random_role,future_activity_set,10,10,1,0.6549511551856995,2026-09-06T20:39:58
BPI17,random_role,future_activity_set,10,10,2,0.48752743005752563,2026-09-06T21:26:34
BPI17,random_role,future_activity_set,100,100,0,0.6804309487342834,2026-09-06T20:57:02
BPI17,random_role,future_activity_set,100,100,1,0.6150458455085754,2026-09-06T20:39:58
BPI17,random_role,future_activity_set,100,100,2,0.638808012008667,2026-09-06T21:26:34
BPI17,random_role,future_activity_set,1000,1000,0,0.6846740245819092,2026-09-06T20:57:02
BPI17,random_role,future_activity_set,1000,1000,1,0.6522603631019592,2026-09-06T20:39:58
BPI17,random_role,future_activity_set,1000,1000,2,0.6859825849533081,2026-09-06T21:26:34
BPI17,random_role,future_activity_set,30,30,0,0.7063218355178833,2026-09-06T20:57:02
BPI17,random_role,future_activity_set,30,30,1,0.5279834270477295,2026-09-06T20:39:58
BPI17,random_role,future_activity_set,30,30,2,0.6293814182281494,2026-09-06T21:26:34
BPI17,random_role,future_activity_set,300,300,0,0.6971502304077148,2026-09-06T20:57:02
BPI17,random_role,future_activity_set,300,300,1,0.6497459411621094,2026-09-06T20:39:58
BPI17,random_role,future_activity_set,300,300,2,0.6976744532585144,2026-09-06T21:26:34
BPI17,random_role,future_activity_set,5000,5000,0,0.7152549028396606,2026-09-06T20:57:02
BPI17,random_role,future_activity_set,5000,5000,1,0.7108983397483826,2026-09-06T20:39:58
BPI17,random_role,future_activity_set,5000,5000,2,0.7255038022994995,2026-09-06T21:26:34
BPI17,random_role,future_activity_set,all,20446,0,0.7423828840255737,2026-09-06T20:57:02
BPI17,random_role,future_activity_set,all,20446,1,0.7384424209594727,2026-09-06T20:39:58
BPI17,random_role,future_activity_set,all,20446,2,0.748963475227356,2026-09-06T21:26:34
BPI17,random_role,next_3_activities,0,0,0,0.06190482899546623,2026-09-06T20:57:02
BPI17,random_role,next_3_activities,0,0,1,0.011404617689549923,2026-09-06T20:39:58
BPI17,random_role,next_3_activities,0,0,2,0.06835132092237473,2026-09-06T21:26:34
BPI17,random_role,next_3_activities,10,10,0,0.3100218176841736,2026-09-06T20:57:02
BPI17,random_role,next_3_activities,10,10,1,0.2551444470882416,2026-09-06T20:39:58
BPI17,random_role,next_3_activities,10,10,2,0.36947304010391235,2026-09-06T21:26:34
BPI17,random_role,next_3_activities,100,100,0,0.35690411925315857,2026-09-06T20:57:02
BPI17,random_role,next_3_activities,100,100,1,0.332141250371933,2026-09-06T20:39:58
BPI17,random_role,next_3_activities,100,100,2,0.3833451271057129,2026-09-06T21:26:34
BPI17,random_role,next_3_activities,1000,1000,0,0.5044604539871216,2026-09-06T20:57:02
BPI17,random_role,next_3_activities,1000,1000,1,0.49591219425201416,2026-09-06T20:39:58
BPI17,random_role,next_3_activities,1000,1000,2,0.5389960408210754,2026-09-06T21:26:34
BPI17,random_role,next_3_activities,30,30,0,0.36726710200309753,2026-09-06T20:57:02
BPI17,random_role,next_3_activities,30,30,1,0.348004013299942,2026-09-06T20:39:58
BPI17,random_role,next_3_activities,30,30,2,0.39084944128990173,2026-09-06T21:26:34
BPI17,random_role,next_3_activities,300,300,0,0.43249818682670593,2026-09-06T20:57:02
BPI17,random_role,next_3_activities,300,300,1,0.44293293356895447,2026-09-06T20:39:58
BPI17,random_role,next_3_activities,300,300,2,0.4484211206436157,2026-09-06T21:26:34
BPI17,random_role,next_3_activities,5000,5000,0,0.6297654509544373,2026-09-06T20:57:02
BPI17,random_role,next_3_activities,5000,5000,1,0.6250457167625427,2026-09-06T20:39:58
BPI17,random_role,next_3_activities,5000,5000,2,0.6455819010734558,2026-09-06T21:26:34
BPI17,random_role,next_3_activities,all,20446,0,0.6797540783882141,2026-09-06T20:57:02
BPI17,random_role,next_3_activities,all,20446,1,0.679235577583313,2026-09-06T20:39:58
BPI17,random_role,next_3_activities,all,20446,2,0.6880199313163757,2026-09-06T21:26:34
BPI17,random_role,next_5_activities,0,0,0,0.031271129846572876,2026-09-06T20:57:02
BPI17,random_role,next_5_activities,0,0,1,0.03857359662652016,2026-09-06T20:39:58
BPI17,random_role,next_5_activities,0,0,2,0.0068397982977330685,2026-09-06T21:26:34
BPI17,random_role,next_5_activities,10,10,0,0.35584425926208496,2026-09-06T20:57:02
BPI17,random_role,next_5_activities,10,10,1,0.32047784328460693,2026-09-06T20:39:58
BPI17,random_role,next_5_activities,10,10,2,0.3769853413105011,2026-09-06T21:26:34
BPI17,random_role,next_5_activities,100,100,0,0.3741649091243744,2026-09-06T20:57:02
BPI17,random_role,next_5_activities,100,100,1,0.35550764203071594,2026-09-06T20:39:58
BPI17,random_role,next_5_activities,100,100,2,0.37097346782684326,2026-09-06T21:26:34
BPI17,random_role,next_5_activities,1000,1000,0,0.474384069442749,2026-09-06T20:57:02
BPI17,random_role,next_5_activities,1000,1000,1,0.4580358564853668,2026-09-06T20:39:58
BPI17,random_role,next_5_activities,1000,1000,2,0.4897266924381256,2026-09-06T21:26:34
BPI17,random_role,next_5_activities,30,30,0,0.3772818446159363,2026-09-06T20:57:02
BPI17,random_role,next_5_activities,30,30,1,0.35120609402656555,2026-09-06T20:39:58
BPI17,random_role,next_5_activities,30,30,2,0.3984043002128601,2026-09-06T21:26:34
BPI17,random_role,next_5_activities,300,300,0,0.42449578642845154,2026-09-06T20:57:02
BPI17,random_role,next_5_activities,300,300,1,0.4057955741882324,2026-09-06T20:39:58
BPI17,random_role,next_5_activities,300,300,2,0.4248352646827698,2026-09-06T21:26:34
BPI17,random_role,next_5_activities,5000,5000,0,0.5897610783576965,2026-09-06T20:57:02
BPI17,random_role,next_5_activities,5000,5000,1,0.5522403120994568,2026-09-06T20:39:58
BPI17,random_role,next_5_activities,5000,5000,2,0.5720807313919067,2026-09-06T21:26:34
BPI17,random_role,next_5_activities,all,20446,0,0.6256517767906189,2026-09-06T20:57:02
BPI17,random_role,next_5_activities,all,20446,1,0.617866575717926,2026-09-06T20:39:58
BPI17,random_role,next_5_activities,all,20446,2,0.6139661073684692,2026-09-06T21:26:34
BPI17,random_role,next_activity,0,0,0,0.11093214899301529,2026-09-06T20:57:02
BPI17,random_role,next_activity,0,0,1,0.01921314373612404,2026-09-06T20:39:58
BPI17,random_role,next_activity,0,0,2,0.01507534272968769,2026-09-06T21:26:34
BPI17,random_role,next_activity,10,10,0,0.3566528260707855,2026-09-06T20:57:02
BPI17,random_role,next_activity,10,10,1,0.36368170380592346,2026-09-06T20:39:58
BPI17,random_role,next_activity,10,10,2,0.20266462862491608,2026-09-06T21:26:34
BPI17,random_role,next_activity,100,100,0,0.3078348636627197,2026-09-06T20:57:02
BPI17,random_role,next_activity,100,100,1,0.25488585233688354,2026-09-06T20:39:58
BPI17,random_role,next_activity,100,100,2,0.24512089788913727,2026-09-06T21:26:34
BPI17,random_role,next_activity,1000,1000,0,0.5815294981002808,2026-09-06T20:57:02
BPI17,random_role,next_activity,1000,1000,1,0.5227511525154114,2026-09-06T20:39:58
BPI17,random_role,next_activity,1000,1000,2,0.6290940046310425,2026-09-06T21:26:34
BPI17,random_role,next_activity,30,30,0,0.3334905803203583,2026-09-06T20:57:02
BPI17,random_role,next_activity,30,30,1,0.2665175199508667,2026-09-06T20:39:58
BPI17,random_role,next_activity,30,30,2,0.41744616627693176,2026-09-06T21:26:34
BPI17,random_role,next_activity,300,300,0,0.5038480162620544,2026-09-06T20:57:02
BPI17,random_role,next_activity,300,300,1,0.44037926197052,2026-09-06T20:39:58
BPI17,random_role,next_activity,300,300,2,0.5379006266593933,2026-09-06T21:26:34
BPI17,random_role,next_activity,5000,5000,0,0.6996791958808899,2026-09-06T20:57:02
BPI17,random_role,next_activity,5000,5000,1,0.6711391806602478,2026-09-06T20:39:58
BPI17,random_role,next_activity,5000,5000,2,0.7162371873855591,2026-09-06T21:26:34
BPI17,random_role,next_activity,all,20446,0,0.7647114396095276,2026-09-06T20:57:02
BPI17,random_role,next_activity,all,20446,1,0.7439146041870117,2026-09-06T20:39:58
BPI17,random_role,next_activity,all,20446,2,0.753086507320404,2026-09-06T21:26:34
BPI17,random_role,next_time,0,0,0,0.5920200347900391,2026-09-06T20:57:02
BPI17,random_role,next_time,0,0,1,0.5920200347900391,2026-09-06T20:39:58
BPI17,random_role,next_time,0,0,2,0.5920200347900391,2026-09-06T21:26:34
BPI17,random_role,next_time,10,10,0,0.59194415807724,2026-09-06T20:57:02
BPI17,random_role,next_time,10,10,1,0.5919710993766785,2026-09-06T20:39:58
BPI17,random_role,next_time,10,10,2,0.5919899344444275,2026-09-06T21:26:34
BPI17,random_role,next_time,100,100,0,0.5919504761695862,2026-09-06T20:57:02
BPI17,random_role,next_time,100,100,1,0.5919942855834961,2026-09-06T20:39:58
BPI17,random_role,next_time,100,100,2,0.5919883847236633,2026-09-06T21:26:34
BPI17,random_role,next_time,1000,1000,0,0.5916476845741272,2026-09-06T20:57:02
BPI17,random_role,next_time,1000,1000,1,0.591804563999176,2026-09-06T20:39:58
BPI17,random_role,next_time,1000,1000,2,0.5915775895118713,2026-09-06T21:26:34
BPI17,random_role,next_time,30,30,0,0.5919613838195801,2026-09-06T20:57:02
BPI17,random_role,next_time,30,30,1,0.5919805765151978,2026-09-06T20:39:58
BPI17,random_role,next_time,30,30,2,0.5919845104217529,2026-09-06T21:26:34
BPI17,random_role,next_time,300,300,0,0.5918609499931335,2026-09-06T20:57:02
BPI17,random_role,next_time,300,300,1,0.5919519662857056,2026-09-06T20:39:58
BPI17,random_role,next_time,300,300,2,0.5919365286827087,2026-09-06T21:26:34
BPI17,random_role,next_time,5000,5000,0,0.5838375091552734,2026-09-06T20:57:02
BPI17,random_role,next_time,5000,5000,1,0.5830660462379456,2026-09-06T20:39:58
BPI17,random_role,next_time,5000,5000,2,0.5858476161956787,2026-09-06T21:26:34
BPI17,random_role,next_time,all,20446,0,0.5286030769348145,2026-09-06T20:57:02
BPI17,random_role,next_time,all,20446,1,0.5174866914749146,2026-09-06T20:39:58
BPI17,random_role,next_time,all,20446,2,0.5213243365287781,2026-09-06T21:26:34
BPI17,random_role,remaining_count,0,0,0,19.222732543945312,2026-09-06T20:57:02
BPI17,random_role,remaining_count,0,0,1,19.04237174987793,2026-09-06T20:39:58
BPI17,random_role,remaining_count,0,0,2,19.423301696777344,2026-09-06T21:26:34
BPI17,random_role,remaining_count,10,10,0,9.257150650024414,2026-09-06T20:57:02
BPI17,random_role,remaining_count,10,10,1,9.308021545410156,2026-09-06T20:39:58
BPI17,random_role,remaining_count,10,10,2,9.35500431060791,2026-09-06T21:26:34
BPI17,random_role,remaining_count,100,100,0,9.091556549072266,2026-09-06T20:57:02
BPI17,random_role,remaining_count,100,100,1,9.292339324951172,2026-09-06T20:39:58
BPI17,random_role,remaining_count,100,100,2,9.349754333496094,2026-09-06T21:26:34
BPI17,random_role,remaining_count,1000,1000,0,8.9459228515625,2026-09-06T20:57:02
BPI17,random_role,remaining_count,1000,1000,1,8.969216346740723,2026-09-06T20:39:58
BPI17,random_role,remaining_count,1000,1000,2,8.919090270996094,2026-09-06T21:26:34
BPI17,random_role,remaining_count,30,30,0,9.081340789794922,2026-09-06T20:57:02
BPI17,random_role,remaining_count,30,30,1,9.299163818359375,2026-09-06T20:39:58
BPI17,random_role,remaining_count,30,30,2,9.339447021484375,2026-09-06T21:26:34
BPI17,random_role,remaining_count,300,300,0,9.091401100158691,2026-09-06T20:57:02
BPI17,random_role,remaining_count,300,300,1,9.114126205444336,2026-09-06T20:39:58
BPI17,random_role,remaining_count,300,300,2,9.141254425048828,2026-09-06T21:26:34
BPI17,random_role,remaining_count,5000,5000,0,8.717897415161133,2026-09-06T20:57:02
BPI17,random_role,remaining_count,5000,5000,1,8.801236152648926,2026-09-06T20:39:58
BPI17,random_role,remaining_count,5000,5000,2,8.789745330810547,2026-09-06T21:26:34
BPI17,random_role,remaining_count,all,20446,0,8.698017120361328,2026-09-06T20:57:02
BPI17,random_role,remaining_count,all,20446,1,8.735420227050781,2026-09-06T20:39:58
BPI17,random_role,remaining_count,all,20446,2,8.719672203063965,2026-09-06T21:26:34
BPI17,random_role,remaining_time,0,0,0,12.445629119873047,2026-09-06T20:57:02
BPI17,random_role,remaining_time,0,0,1,12.445629119873047,2026-09-06T20:39:58
BPI17,random_role,remaining_time,0,0,2,12.445629119873047,2026-09-06T21:26:34
BPI17,random_role,remaining_time,10,10,0,10.600613594055176,2026-09-06T20:57:02
BPI17,random_role,remaining_time,10,10,1,10.4192476272583,2026-09-06T20:39:58
BPI17,random_role,remaining_time,10,10,2,9.998967170715332,2026-09-06T21:26:34
BPI17,random_role,remaining_time,100,100,0,10.739766120910645,2026-09-06T20:57:02
BPI17,random_role,remaining_time,100,100,1,10.18946647644043,2026-09-06T20:39:58
BPI17,random_role,remaining_time,100,100,2,10.060018539428711,2026-09-06T21:26:34
BPI17,random_role,remaining_time,1000,1000,0,7.2515645027160645,2026-09-06T20:57:02
BPI17,random_role,remaining_time,1000,1000,1,7.322697639465332,2026-09-06T20:39:58
BPI17,random_role,remaining_time,1000,1000,2,7.402804851531982,2026-09-06T21:26:34
BPI17,random_role,remaining_time,30,30,0,10.858250617980957,2026-09-06T20:57:02
BPI17,random_role,remaining_time,30,30,1,10.222569465637207,2026-09-06T20:39:58
BPI17,random_role,remaining_time,30,30,2,9.92656135559082,2026-09-06T21:26:34
BPI17,random_role,remaining_time,300,300,0,7.439441680908203,2026-09-06T20:57:02
BPI17,random_role,remaining_time,300,300,1,7.591700553894043,2026-09-06T20:39:58
BPI17,random_role,remaining_time,300,300,2,7.899159908294678,2026-09-06T21:26:34
BPI17,random_role,remaining_time,5000,5000,0,7.181481838226318,2026-09-06T20:57:02
BPI17,random_role,remaining_time,5000,5000,1,7.322664737701416,2026-09-06T20:39:58
BPI17,random_role,remaining_time,5000,5000,2,7.298170566558838,2026-09-06T21:26:34
BPI17,random_role,remaining_time,all,20446,0,7.126239776611328,2026-09-06T20:57:02
BPI17,random_role,remaining_time,all,20446,1,7.332392692565918,2026-09-06T20:39:58
BPI17,random_role,remaining_time,all,20446,2,7.243819236755371,2026-09-06T21:26:34
BPI17,raw15,future_activity_set,all,20446,0,0.768973708152771,2026-09-06T21:43:41
BPI17,raw15,future_activity_set,all,20446,1,0.7668660879135132,2026-09-06T21:43:09
BPI17,raw15,future_activity_set,all,20446,2,0.7608274817466736,2026-09-06T21:44:19
BPI17,raw15,next_3_activities,all,20446,0,0.7123684883117676,2026-09-06T21:43:41
BPI17,raw15,next_3_activities,all,20446,1,0.7112573981285095,2026-09-06T21:43:09
BPI17,raw15,next_3_activities,all,20446,2,0.7118985652923584,2026-09-06T21:44:19
BPI17,raw15,next_5_activities,all,20446,0,0.6540036201477051,2026-09-06T21:43:41
BPI17,raw15,next_5_activities,all,20446,1,0.6531369686126709,2026-09-06T21:43:09
BPI17,raw15,next_5_activities,all,20446,2,0.651627242565155,2026-09-06T21:44:19
BPI17,raw15,next_activity,all,20446,0,0.7992897033691406,2026-09-06T21:43:41
BPI17,raw15,next_activity,all,20446,1,0.7988651394844055,2026-09-06T21:43:09
BPI17,raw15,next_activity,all,20446,2,0.7973421216011047,2026-09-06T21:44:19
BPI17,raw15,next_time,all,20446,0,0.5907313823699951,2026-09-06T21:43:41
BPI17,raw15,next_time,all,20446,1,0.5894820094108582,2026-09-06T21:43:09
BPI17,raw15,next_time,all,20446,2,0.5902131199836731,2026-09-06T21:44:19
BPI17,raw15,remaining_count,all,20446,0,8.128057479858398,2026-09-06T21:43:41
BPI17,raw15,remaining_count,all,20446,1,8.130809783935547,2026-09-06T21:43:09
BPI17,raw15,remaining_count,all,20446,2,8.194156646728516,2026-09-06T21:44:19
BPI17,raw15,remaining_time,all,20446,0,7.215588092803955,2026-09-06T21:43:41
BPI17,raw15,remaining_time,all,20446,1,7.248580455780029,2026-09-06T21:43:09
BPI17,raw15,remaining_time,all,20446,2,7.1803717613220215,2026-09-06T21:44:19
BPI20ID,gin0,future_activity_set,all,4514,0,0.846240222454071,2026-09-06T21:39:51
BPI20ID,gin0,future_activity_set,all,4514,1,0.8463945388793945,2026-09-06T21:41:35
BPI20ID,gin0,future_activity_set,all,4514,2,0.8530727028846741,2026-09-06T21:44:43
BPI20ID,gin0,next_3_activities,all,4514,0,0.6428545713424683,2026-09-06T21:39:51
BPI20ID,gin0,next_3_activities,all,4514,1,0.6449546217918396,2026-09-06T21:41:35
BPI20ID,gin0,next_3_activities,all,4514,2,0.6449190378189087,2026-09-06T21:44:43
BPI20ID,gin0,next_5_activities,all,4514,0,0.5844468474388123,2026-09-06T21:39:51
BPI20ID,gin0,next_5_activities,all,4514,1,0.5885196924209595,2026-09-06T21:41:35
BPI20ID,gin0,next_5_activities,all,4514,2,0.5897105932235718,2026-09-06T21:44:43
BPI20ID,gin0,next_activity,all,4514,0,0.7254427671432495,2026-09-06T21:39:51
BPI20ID,gin0,next_activity,all,4514,1,0.7204103469848633,2026-09-06T21:41:35
BPI20ID,gin0,next_activity,all,4514,2,0.7249588966369629,2026-09-06T21:44:43
BPI20ID,gin0,next_time,all,4514,0,4.092800140380859,2026-09-06T21:39:51
BPI20ID,gin0,next_time,all,4514,1,3.985975503921509,2026-09-06T21:41:35
BPI20ID,gin0,next_time,all,4514,2,4.2388200759887695,2026-09-06T21:44:43
BPI20ID,gin0,remaining_count,all,4514,0,1.345245361328125,2026-09-06T21:39:51
BPI20ID,gin0,remaining_count,all,4514,1,1.3671979904174805,2026-09-06T21:41:35
BPI20ID,gin0,remaining_count,all,4514,2,1.3905349969863892,2026-09-06T21:44:43
BPI20ID,gin0,remaining_time,all,4514,0,16.07509422302246,2026-09-06T21:39:51
BPI20ID,gin0,remaining_time,all,4514,1,16.115886688232422,2026-09-06T21:41:35
BPI20ID,gin0,remaining_time,all,4514,2,15.32546329498291,2026-09-06T21:44:43
BPI20ID,gin11,future_activity_set,all,4514,0,0.8461041450500488,2026-09-06T21:24:06
BPI20ID,gin11,future_activity_set,all,4514,1,0.844617486000061,2026-09-06T21:25:10
BPI20ID,gin11,future_activity_set,all,4514,2,0.8493556976318359,2026-09-06T21:25:45
BPI20ID,gin11,next_3_activities,all,4514,0,0.646520733833313,2026-09-06T21:24:06
BPI20ID,gin11,next_3_activities,all,4514,1,0.6426766514778137,2026-09-06T21:25:10
BPI20ID,gin11,next_3_activities,all,4514,2,0.6509343385696411,2026-09-06T21:25:45
BPI20ID,gin11,next_5_activities,all,4514,0,0.5780636072158813,2026-09-06T21:24:06
BPI20ID,gin11,next_5_activities,all,4514,1,0.580826461315155,2026-09-06T21:25:10
BPI20ID,gin11,next_5_activities,all,4514,2,0.5826842784881592,2026-09-06T21:25:45
BPI20ID,gin11,next_activity,all,4514,0,0.7921223044395447,2026-09-06T21:24:06
BPI20ID,gin11,next_activity,all,4514,1,0.7458627820014954,2026-09-06T21:25:10
BPI20ID,gin11,next_activity,all,4514,2,0.7413142323493958,2026-09-06T21:25:45
BPI20ID,gin11,next_time,all,4514,0,3.7909798622131348,2026-09-06T21:24:06
BPI20ID,gin11,next_time,all,4514,1,3.993269920349121,2026-09-06T21:25:10
BPI20ID,gin11,next_time,all,4514,2,4.053501605987549,2026-09-06T21:25:45
BPI20ID,gin11,remaining_count,all,4514,0,1.1737924814224243,2026-09-06T21:24:06
BPI20ID,gin11,remaining_count,all,4514,1,1.1839821338653564,2026-09-06T21:25:10
BPI20ID,gin11,remaining_count,all,4514,2,1.2567081451416016,2026-09-06T21:25:45
BPI20ID,gin11,remaining_time,all,4514,0,13.128188133239746,2026-09-06T21:24:06
BPI20ID,gin11,remaining_time,all,4514,1,12.921605110168457,2026-09-06T21:25:10
BPI20ID,gin11,remaining_time,all,4514,2,13.342671394348145,2026-09-06T21:25:45
BPI20ID,gin15_s1,future_activity_set,all,4514,0,0.8422886729240417,2026-09-07T16:43:19
BPI20ID,gin15_s1,future_activity_set,all,4514,1,0.8341394066810608,2026-09-07T16:42:10
BPI20ID,gin15_s1,future_activity_set,all,4514,2,0.8375885486602783,2026-09-07T16:43:12
BPI20ID,gin15_s1,next_3_activities,all,4514,0,0.6519665718078613,2026-09-07T16:43:19
BPI20ID,gin15_s1,next_3_activities,all,4514,1,0.6413952708244324,2026-09-07T16:42:10
BPI20ID,gin15_s1,next_3_activities,all,4514,2,0.6506139636039734,2026-09-07T16:43:12
BPI20ID,gin15_s1,next_5_activities,all,4514,0,0.5842562913894653,2026-09-07T16:43:19
BPI20ID,gin15_s1,next_5_activities,all,4514,1,0.5874002575874329,2026-09-07T16:42:10
BPI20ID,gin15_s1,next_5_activities,all,4514,2,0.5869000554084778,2026-09-07T16:43:12
BPI20ID,gin15_s1,next_activity,all,4514,0,0.7783799767494202,2026-09-07T16:43:19
BPI20ID,gin15_s1,next_activity,all,4514,1,0.7619277834892273,2026-09-07T16:42:10
BPI20ID,gin15_s1,next_activity,all,4514,2,0.7382173538208008,2026-09-07T16:43:12
BPI20ID,gin15_s1,next_time,all,4514,0,3.5371038913726807,2026-09-07T16:43:19
BPI20ID,gin15_s1,next_time,all,4514,1,3.5410211086273193,2026-09-07T16:42:10
BPI20ID,gin15_s1,next_time,all,4514,2,3.6261043548583984,2026-09-07T16:43:12
BPI20ID,gin15_s1,remaining_count,all,4514,0,1.17018723487854,2026-09-07T16:43:19
BPI20ID,gin15_s1,remaining_count,all,4514,1,1.4273749589920044,2026-09-07T16:42:10
BPI20ID,gin15_s1,remaining_count,all,4514,2,1.1866155862808228,2026-09-07T16:43:12
BPI20ID,gin15_s1,remaining_time,all,4514,0,13.228747367858887,2026-09-07T16:43:19
BPI20ID,gin15_s1,remaining_time,all,4514,1,13.56052303314209,2026-09-07T16:42:10
BPI20ID,gin15_s1,remaining_time,all,4514,2,13.192082405090332,2026-09-07T16:43:12
BPI20ID,gin15_s2,future_activity_set,all,4514,0,0.8609493374824524,2026-09-07T18:57:38
BPI20ID,gin15_s2,future_activity_set,all,4514,1,0.8513675928115845,2026-09-07T18:59:13
BPI20ID,gin15_s2,future_activity_set,all,4514,2,0.8618800640106201,2026-09-07T19:01:41
BPI20ID,gin15_s2,next_3_activities,all,4514,0,0.6738565564155579,2026-09-07T18:57:38
BPI20ID,gin15_s2,next_3_activities,all,4514,1,0.6685886979103088,2026-09-07T18:59:13
BPI20ID,gin15_s2,next_3_activities,all,4514,2,0.6638903617858887,2026-09-07T19:01:41
BPI20ID,gin15_s2,next_5_activities,all,4514,0,0.5971180200576782,2026-09-07T18:57:38
BPI20ID,gin15_s2,next_5_activities,all,4514,1,0.5978087186813354,2026-09-07T18:59:13
BPI20ID,gin15_s2,next_5_activities,all,4514,2,0.5969274640083313,2026-09-07T19:01:41
BPI20ID,gin15_s2,next_activity,all,4514,0,0.7417981028556824,2026-09-07T18:57:38
BPI20ID,gin15_s2,next_activity,all,4514,1,0.7597019076347351,2026-09-07T18:59:13
BPI20ID,gin15_s2,next_activity,all,4514,2,0.7403464913368225,2026-09-07T19:01:41
BPI20ID,gin15_s2,next_time,all,4514,0,3.556227922439575,2026-09-07T18:57:38
BPI20ID,gin15_s2,next_time,all,4514,1,3.551854133605957,2026-09-07T18:59:13
BPI20ID,gin15_s2,next_time,all,4514,2,3.5492846965789795,2026-09-07T19:01:41
BPI20ID,gin15_s2,remaining_count,all,4514,0,1.2170895338058472,2026-09-07T18:57:38
BPI20ID,gin15_s2,remaining_count,all,4514,1,1.1669905185699463,2026-09-07T18:59:13
BPI20ID,gin15_s2,remaining_count,all,4514,2,1.152940034866333,2026-09-07T19:01:41
BPI20ID,gin15_s2,remaining_time,all,4514,0,12.474654197692871,2026-09-07T18:57:38
BPI20ID,gin15_s2,remaining_time,all,4514,1,12.341066360473633,2026-09-07T18:59:13
BPI20ID,gin15_s2,remaining_time,all,4514,2,13.093894004821777,2026-09-07T19:01:41
BPI20ID,latent0,future_activity_set,all,4514,0,0.873798131942749,2026-09-06T21:57:53
BPI20ID,latent0,future_activity_set,all,4514,1,0.8677253723144531,2026-09-06T21:57:56
BPI20ID,latent0,future_activity_set,all,4514,2,0.8706870079040527,2026-09-06T22:01:17
BPI20ID,latent0,next_3_activities,all,4514,0,0.6751379370689392,2026-09-06T21:57:53
BPI20ID,latent0,next_3_activities,all,4514,1,0.6788752675056458,2026-09-06T21:57:56
BPI20ID,latent0,next_3_activities,all,4514,2,0.6759565472602844,2026-09-06T22:01:17
BPI20ID,latent0,next_5_activities,all,4514,0,0.6140764355659485,2026-09-06T21:57:53
BPI20ID,latent0,next_5_activities,all,4514,1,0.6101941466331482,2026-09-06T21:57:56
BPI20ID,latent0,next_5_activities,all,4514,2,0.6134095788002014,2026-09-06T22:01:17
BPI20ID,latent0,next_activity,all,4514,0,0.7782831788063049,2026-09-06T21:57:53
BPI20ID,latent0,next_activity,all,4514,1,0.7772186398506165,2026-09-06T21:57:56
BPI20ID,latent0,next_activity,all,4514,2,0.7745088338851929,2026-09-06T22:01:17
BPI20ID,latent0,next_time,all,4514,0,3.532872438430786,2026-09-06T21:57:53
BPI20ID,latent0,next_time,all,4514,1,3.682835102081299,2026-09-06T21:57:56
BPI20ID,latent0,next_time,all,4514,2,3.5703718662261963,2026-09-06T22:01:17
BPI20ID,latent0,remaining_count,all,4514,0,1.241750717163086,2026-09-06T21:57:53
BPI20ID,latent0,remaining_count,all,4514,1,1.308312177658081,2026-09-06T21:57:56
BPI20ID,latent0,remaining_count,all,4514,2,1.2217391729354858,2026-09-06T22:01:17
BPI20ID,latent0,remaining_time,all,4514,0,13.325684547424316,2026-09-06T21:57:53
BPI20ID,latent0,remaining_time,all,4514,1,12.775578498840332,2026-09-06T21:57:56
BPI20ID,latent0,remaining_time,all,4514,2,15.406304359436035,2026-09-06T22:01:17
BPI20ID,latent0_s1,future_activity_set,all,4514,0,0.8663297891616821,2026-09-07T16:31:20
BPI20ID,latent0_s1,future_activity_set,all,4514,1,0.8610085248947144,2026-09-07T16:31:04
BPI20ID,latent0_s1,future_activity_set,all,4514,2,0.8712037205696106,2026-09-07T16:31:42
BPI20ID,latent0_s1,next_3_activities,all,4514,0,0.6533191204071045,2026-09-07T16:31:20
BPI20ID,latent0_s1,next_3_activities,all,4514,1,0.6598327159881592,2026-09-07T16:31:04
BPI20ID,latent0_s1,next_3_activities,all,4514,2,0.6548495888710022,2026-09-07T16:31:42
BPI20ID,latent0_s1,next_5_activities,all,4514,0,0.5873287916183472,2026-09-07T16:31:20
BPI20ID,latent0_s1,next_5_activities,all,4514,1,0.5898773074150085,2026-09-07T16:31:04
BPI20ID,latent0_s1,next_5_activities,all,4514,2,0.5913302302360535,2026-09-07T16:31:42
BPI20ID,latent0_s1,next_activity,all,4514,0,0.7922191023826599,2026-09-07T16:31:20
BPI20ID,latent0_s1,next_activity,all,4514,1,0.7835091352462769,2026-09-07T16:31:04
BPI20ID,latent0_s1,next_activity,all,4514,2,0.7788638472557068,2026-09-07T16:31:42
BPI20ID,latent0_s1,next_time,all,4514,0,3.896928310394287,2026-09-07T16:31:20
BPI20ID,latent0_s1,next_time,all,4514,1,3.815535545349121,2026-09-07T16:31:04
BPI20ID,latent0_s1,next_time,all,4514,2,3.8253047466278076,2026-09-07T16:31:42
BPI20ID,latent0_s1,remaining_count,all,4514,0,1.23008131980896,2026-09-07T16:31:20
BPI20ID,latent0_s1,remaining_count,all,4514,1,1.2873375415802002,2026-09-07T16:31:04
BPI20ID,latent0_s1,remaining_count,all,4514,2,1.2006006240844727,2026-09-07T16:31:42
BPI20ID,latent0_s1,remaining_time,all,4514,0,14.05684757232666,2026-09-07T16:31:20
BPI20ID,latent0_s1,remaining_time,all,4514,1,13.342891693115234,2026-09-07T16:31:04
BPI20ID,latent0_s1,remaining_time,all,4514,2,12.79450511932373,2026-09-07T16:31:42
BPI20ID,latent0_s2,future_activity_set,all,4514,0,0.86367267370224,2026-09-07T19:16:06
BPI20ID,latent0_s2,future_activity_set,all,4514,1,0.8594760894775391,2026-09-07T19:16:46
BPI20ID,latent0_s2,future_activity_set,all,4514,2,0.8669610619544983,2026-09-07T19:17:50
BPI20ID,latent0_s2,next_3_activities,all,4514,0,0.6642107367515564,2026-09-07T19:16:06
BPI20ID,latent0_s2,next_3_activities,all,4514,1,0.6615768074989319,2026-09-07T19:16:46
BPI20ID,latent0_s2,next_3_activities,all,4514,2,0.6544225215911865,2026-09-07T19:17:50
BPI20ID,latent0_s2,next_5_activities,all,4514,0,0.5999047160148621,2026-09-07T19:16:06
BPI20ID,latent0_s2,next_5_activities,all,4514,1,0.5998570919036865,2026-09-07T19:16:46
BPI20ID,latent0_s2,next_5_activities,all,4514,2,0.5958080291748047,2026-09-07T19:17:50
BPI20ID,latent0_s2,next_activity,all,4514,0,0.7859286069869995,2026-09-07T19:16:06
BPI20ID,latent0_s2,next_activity,all,4514,1,0.7524436116218567,2026-09-07T19:16:46
BPI20ID,latent0_s2,next_activity,all,4514,2,0.7384108901023865,2026-09-07T19:17:50
BPI20ID,latent0_s2,next_time,all,4514,0,3.885072708129883,2026-09-07T19:16:06
BPI20ID,latent0_s2,next_time,all,4514,1,3.7475695610046387,2026-09-07T19:16:46
BPI20ID,latent0_s2,next_time,all,4514,2,3.752507448196411,2026-09-07T19:17:50
BPI20ID,latent0_s2,remaining_count,all,4514,0,1.0897269248962402,2026-09-07T19:16:06
BPI20ID,latent0_s2,remaining_count,all,4514,1,1.0906178951263428,2026-09-07T19:16:46
BPI20ID,latent0_s2,remaining_count,all,4514,2,1.0958703756332397,2026-09-07T19:17:50
BPI20ID,latent0_s2,remaining_time,all,4514,0,13.271025657653809,2026-09-07T19:16:06
BPI20ID,latent0_s2,remaining_time,all,4514,1,12.907888412475586,2026-09-07T19:16:46
BPI20ID,latent0_s2,remaining_time,all,4514,2,12.513273239135742,2026-09-07T19:17:50
BPI20ID,mlp15,future_activity_set,all,4514,0,0.8169064521789551,2026-09-06T20:23:47
BPI20ID,mlp15,future_activity_set,all,4514,1,0.8112642765045166,2026-09-06T20:27:55
BPI20ID,mlp15,future_activity_set,all,4514,2,0.8116300106048584,2026-09-06T20:31:10
BPI20ID,mlp15,next_3_activities,all,4514,0,0.5782167911529541,2026-09-06T20:23:47
BPI20ID,mlp15,next_3_activities,all,4514,1,0.5630539059638977,2026-09-06T20:27:55
BPI20ID,mlp15,next_3_activities,all,4514,2,0.5604556202888489,2026-09-06T20:31:10
BPI20ID,mlp15,next_5_activities,all,4514,0,0.5126354694366455,2026-09-06T20:23:47
BPI20ID,mlp15,next_5_activities,all,4514,1,0.5099201798439026,2026-09-06T20:27:55
BPI20ID,mlp15,next_5_activities,all,4514,2,0.5076574683189392,2026-09-06T20:31:10
BPI20ID,mlp15,next_activity,all,4514,0,0.6769573092460632,2026-09-06T20:23:47
BPI20ID,mlp15,next_activity,all,4514,1,0.6751185655593872,2026-09-06T20:27:55
BPI20ID,mlp15,next_activity,all,4514,2,0.6585696339607239,2026-09-06T20:31:10
BPI20ID,mlp15,next_time,all,4514,0,3.7632391452789307,2026-09-06T20:23:47
BPI20ID,mlp15,next_time,all,4514,1,3.812129497528076,2026-09-06T20:27:55
BPI20ID,mlp15,next_time,all,4514,2,3.8713293075561523,2026-09-06T20:31:10
BPI20ID,mlp15,remaining_count,all,4514,0,1.1792798042297363,2026-09-06T20:23:47
BPI20ID,mlp15,remaining_count,all,4514,1,1.2128647565841675,2026-09-06T20:27:55
BPI20ID,mlp15,remaining_count,all,4514,2,1.2375328540802002,2026-09-06T20:31:10
BPI20ID,mlp15,remaining_time,all,4514,0,12.288124084472656,2026-09-06T20:23:47
BPI20ID,mlp15,remaining_time,all,4514,1,12.710845947265625,2026-09-06T20:27:55
BPI20ID,mlp15,remaining_time,all,4514,2,13.929829597473145,2026-09-06T20:31:10
BPI20ID,norole,future_activity_set,all,4514,0,0.7870938181877136,2026-09-06T22:29:22
BPI20ID,norole,future_activity_set,all,4514,1,0.7758262157440186,2026-09-06T22:31:32
BPI20ID,norole,future_activity_set,all,4514,2,0.7848493456840515,2026-09-06T22:31:23
BPI20ID,norole,next_3_activities,all,4514,0,0.4543868899345398,2026-09-06T22:29:22
BPI20ID,norole,next_3_activities,all,4514,1,0.4538173973560333,2026-09-06T22:31:32
BPI20ID,norole,next_3_activities,all,4514,2,0.4545648694038391,2026-09-06T22:31:23
BPI20ID,norole,next_5_activities,all,4514,0,0.42650946974754333,2026-09-06T22:29:22
BPI20ID,norole,next_5_activities,all,4514,1,0.416934609413147,2026-09-06T22:31:32
BPI20ID,norole,next_5_activities,all,4514,2,0.4355126917362213,2026-09-06T22:31:23
BPI20ID,norole,next_activity,all,4514,0,0.4638536870479584,2026-09-06T22:29:22
BPI20ID,norole,next_activity,all,4514,1,0.4650149941444397,2026-09-06T22:31:32
BPI20ID,norole,next_activity,all,4514,2,0.45407915115356445,2026-09-06T22:31:23
BPI20ID,norole,next_time,all,4514,0,3.8484573364257812,2026-09-06T22:29:22
BPI20ID,norole,next_time,all,4514,1,3.9537861347198486,2026-09-06T22:31:32
BPI20ID,norole,next_time,all,4514,2,3.893599271774292,2026-09-06T22:31:23
BPI20ID,norole,remaining_count,all,4514,0,1.6331876516342163,2026-09-06T22:29:22
BPI20ID,norole,remaining_count,all,4514,1,1.6072535514831543,2026-09-06T22:31:32
BPI20ID,norole,remaining_count,all,4514,2,1.6750469207763672,2026-09-06T22:31:23
BPI20ID,norole,remaining_time,all,4514,0,14.435425758361816,2026-09-06T22:29:22
BPI20ID,norole,remaining_time,all,4514,1,13.563546180725098,2026-09-06T22:31:32
BPI20ID,norole,remaining_time,all,4514,2,13.574318885803223,2026-09-06T22:31:23
BPI20ID,pfm,future_activity_set,0,0,0,0.1850503534078598,2026-09-06T18:06:12
BPI20ID,pfm,future_activity_set,0,0,1,0.16817283630371094,2026-09-06T18:07:24
BPI20ID,pfm,future_activity_set,0,0,2,0.19359584152698517,2026-09-06T18:06:57
BPI20ID,pfm,future_activity_set,10,10,0,0.7850659489631653,2026-09-06T18:06:12
BPI20ID,pfm,future_activity_set,10,10,1,0.8122795820236206,2026-09-06T18:07:24
BPI20ID,pfm,future_activity_set,10,10,2,0.7538667321205139,2026-09-06T18:06:57
BPI20ID,pfm,future_activity_set,100,100,0,0.8129763007164001,2026-09-06T18:06:12
BPI20ID,pfm,future_activity_set,100,100,1,0.8124117851257324,2026-09-06T18:07:24
BPI20ID,pfm,future_activity_set,100,100,2,0.7963548302650452,2026-09-06T18:06:57
BPI20ID,pfm,future_activity_set,1000,1000,0,0.8518948554992676,2026-09-06T18:06:12
BPI20ID,pfm,future_activity_set,1000,1000,1,0.8442825078964233,2026-09-06T18:07:24
BPI20ID,pfm,future_activity_set,1000,1000,2,0.8494442105293274,2026-09-06T18:06:57
BPI20ID,pfm,future_activity_set,30,30,0,0.8119093179702759,2026-09-06T18:06:12
BPI20ID,pfm,future_activity_set,30,30,1,0.8059228658676147,2026-09-06T18:07:24
BPI20ID,pfm,future_activity_set,30,30,2,0.7442030310630798,2026-09-06T18:06:57
BPI20ID,pfm,future_activity_set,300,300,0,0.836051344871521,2026-09-06T18:06:12
BPI20ID,pfm,future_activity_set,300,300,1,0.8368605971336365,2026-09-06T18:07:24
BPI20ID,pfm,future_activity_set,300,300,2,0.8254445791244507,2026-09-06T18:06:57
BPI20ID,pfm,future_activity_set,5000,4514,0,0.8598306775093079,2026-09-06T18:06:12
BPI20ID,pfm,future_activity_set,5000,4514,1,0.8509727120399475,2026-09-06T18:07:24
BPI20ID,pfm,future_activity_set,5000,4514,2,0.8565508127212524,2026-09-06T18:06:57
BPI20ID,pfm,future_activity_set,all,4514,0,0.8598306775093079,2026-09-06T18:06:12
BPI20ID,pfm,future_activity_set,all,4514,1,0.8509727120399475,2026-09-06T18:07:24
BPI20ID,pfm,future_activity_set,all,4514,2,0.8565508127212524,2026-09-06T18:06:57
BPI20ID,pfm,next_3_activities,0,0,0,0.02221035771071911,2026-09-06T18:06:12
BPI20ID,pfm,next_3_activities,0,0,1,0.051575012505054474,2026-09-06T18:07:24
BPI20ID,pfm,next_3_activities,0,0,2,0.06328528374433517,2026-09-06T18:06:57
BPI20ID,pfm,next_3_activities,10,10,0,0.5585691332817078,2026-09-06T18:06:12
BPI20ID,pfm,next_3_activities,10,10,1,0.5536216497421265,2026-09-06T18:07:24
BPI20ID,pfm,next_3_activities,10,10,2,0.39405587315559387,2026-09-06T18:06:57
BPI20ID,pfm,next_3_activities,100,100,0,0.6097170114517212,2026-09-06T18:06:12
BPI20ID,pfm,next_3_activities,100,100,1,0.5993237495422363,2026-09-06T18:07:24
BPI20ID,pfm,next_3_activities,100,100,2,0.6019220352172852,2026-09-06T18:06:57
BPI20ID,pfm,next_3_activities,1000,1000,0,0.6453105807304382,2026-09-06T18:06:12
BPI20ID,pfm,next_3_activities,1000,1000,1,0.6370528340339661,2026-09-06T18:07:24
BPI20ID,pfm,next_3_activities,1000,1000,2,0.6375155448913574,2026-09-06T18:06:57
BPI20ID,pfm,next_3_activities,30,30,0,0.591955840587616,2026-09-06T18:06:12
BPI20ID,pfm,next_3_activities,30,30,1,0.5926321148872375,2026-09-06T18:07:24
BPI20ID,pfm,next_3_activities,30,30,2,0.502794086933136,2026-09-06T18:06:57
BPI20ID,pfm,next_3_activities,300,300,0,0.6307528018951416,2026-09-06T18:06:12
BPI20ID,pfm,next_3_activities,300,300,1,0.6314290761947632,2026-09-06T18:07:24
BPI20ID,pfm,next_3_activities,300,300,2,0.6142730116844177,2026-09-06T18:06:57
BPI20ID,pfm,next_3_activities,5000,4514,0,0.6455241441726685,2026-09-06T18:06:12
BPI20ID,pfm,next_3_activities,5000,4514,1,0.6438868045806885,2026-09-06T18:07:24
BPI20ID,pfm,next_3_activities,5000,4514,2,0.639295220375061,2026-09-06T18:06:57
BPI20ID,pfm,next_3_activities,all,4514,0,0.6455241441726685,2026-09-06T18:06:12
BPI20ID,pfm,next_3_activities,all,4514,1,0.6438868045806885,2026-09-06T18:07:24
BPI20ID,pfm,next_3_activities,all,4514,2,0.639295220375061,2026-09-06T18:06:57
BPI20ID,pfm,next_5_activities,0,0,0,0.023794211447238922,2026-09-06T18:06:12
BPI20ID,pfm,next_5_activities,0,0,1,0.054638560861349106,2026-09-06T18:07:24
BPI20ID,pfm,next_5_activities,0,0,2,0.04318208992481232,2026-09-06T18:06:57
BPI20ID,pfm,next_5_activities,10,10,0,0.46652376651763916,2026-09-06T18:06:12
BPI20ID,pfm,next_5_activities,10,10,1,0.5006549954414368,2026-09-06T18:07:24
BPI20ID,pfm,next_5_activities,10,10,2,0.31020602583885193,2026-09-06T18:06:57
BPI20ID,pfm,next_5_activities,100,100,0,0.5418363809585571,2026-09-06T18:06:12
BPI20ID,pfm,next_5_activities,100,100,1,0.5289031863212585,2026-09-06T18:07:24
BPI20ID,pfm,next_5_activities,100,100,2,0.5420745611190796,2026-09-06T18:06:57
BPI20ID,pfm,next_5_activities,1000,1000,0,0.5816600918769836,2026-09-06T18:06:12
BPI20ID,pfm,next_5_activities,1000,1000,1,0.5805882811546326,2026-09-06T18:07:24
BPI20ID,pfm,next_5_activities,1000,1000,2,0.5800881385803223,2026-09-06T18:06:57
BPI20ID,pfm,next_5_activities,30,30,0,0.5243062973022461,2026-09-06T18:06:12
BPI20ID,pfm,next_5_activities,30,30,1,0.5293080806732178,2026-09-06T18:07:24
BPI20ID,pfm,next_5_activities,30,30,2,0.44292008876800537,2026-09-06T18:06:57
BPI20ID,pfm,next_5_activities,300,300,0,0.5636298656463623,2026-09-06T18:06:12
BPI20ID,pfm,next_5_activities,300,300,1,0.562153160572052,2026-09-06T18:07:24
BPI20ID,pfm,next_5_activities,300,300,2,0.5527926683425903,2026-09-06T18:06:57
BPI20ID,pfm,next_5_activities,5000,4514,0,0.5798261165618896,2026-09-06T18:06:12
BPI20ID,pfm,next_5_activities,5000,4514,1,0.5791115760803223,2026-09-06T18:07:24
BPI20ID,pfm,next_5_activities,5000,4514,2,0.5789448618888855,2026-09-06T18:06:57
BPI20ID,pfm,next_5_activities,all,4514,0,0.5798261165618896,2026-09-06T18:06:12
BPI20ID,pfm,next_5_activities,all,4514,1,0.5791115760803223,2026-09-06T18:07:24
BPI20ID,pfm,next_5_activities,all,4514,2,0.5789448618888855,2026-09-06T18:06:57
BPI20ID,pfm,next_activity,0,0,0,0.02477499283850193,2026-09-06T18:06:12
BPI20ID,pfm,next_activity,0,0,1,0.012774605304002762,2026-09-06T18:07:24
BPI20ID,pfm,next_activity,0,0,2,0.09484177082777023,2026-09-06T18:06:57
BPI20ID,pfm,next_activity,10,10,0,0.6907964944839478,2026-09-06T18:06:12
BPI20ID,pfm,next_activity,10,10,1,0.666021466255188,2026-09-06T18:07:24
BPI20ID,pfm,next_activity,10,10,2,0.5517274737358093,2026-09-06T18:06:57
BPI20ID,pfm,next_activity,100,100,0,0.7617342472076416,2026-09-06T18:06:12
BPI20ID,pfm,next_activity,100,100,1,0.718474805355072,2026-09-06T18:07:24
BPI20ID,pfm,next_activity,100,100,2,0.7119907140731812,2026-09-06T18:06:57
BPI20ID,pfm,next_activity,1000,1000,0,0.7316365242004395,2026-09-06T18:06:12
BPI20ID,pfm,next_activity,1000,1000,1,0.7410238981246948,2026-09-06T18:07:24
BPI20ID,pfm,next_activity,1000,1000,2,0.7397658228874207,2026-09-06T18:06:57
BPI20ID,pfm,next_activity,30,30,0,0.7279589772224426,2026-09-06T18:06:12
BPI20ID,pfm,next_activity,30,30,1,0.7455724477767944,2026-09-06T18:07:24
BPI20ID,pfm,next_activity,30,30,2,0.6417303681373596,2026-09-06T18:06:57
BPI20ID,pfm,next_activity,300,300,0,0.7450885772705078,2026-09-06T18:06:12
BPI20ID,pfm,next_activity,300,300,1,0.7570889592170715,2026-09-06T18:07:24
BPI20ID,pfm,next_activity,300,300,2,0.744217574596405,2026-09-06T18:06:57
BPI20ID,pfm,next_activity,5000,4514,0,0.7647343277931213,2026-09-06T18:06:12
BPI20ID,pfm,next_activity,5000,4514,1,0.7436369061470032,2026-09-06T18:07:24
BPI20ID,pfm,next_activity,5000,4514,2,0.7484757304191589,2026-09-06T18:06:57
BPI20ID,pfm,next_activity,all,4514,0,0.7647343277931213,2026-09-06T18:06:12
BPI20ID,pfm,next_activity,all,4514,1,0.7436369061470032,2026-09-06T18:07:24
BPI20ID,pfm,next_activity,all,4514,2,0.7484757304191589,2026-09-06T18:06:57
BPI20ID,pfm,next_time,0,0,0,4.647221565246582,2026-09-06T18:06:12
BPI20ID,pfm,next_time,0,0,1,4.647222518920898,2026-09-06T18:07:24
BPI20ID,pfm,next_time,0,0,2,4.647223472595215,2026-09-06T18:06:57
BPI20ID,pfm,next_time,10,10,0,4.360759258270264,2026-09-06T18:06:12
BPI20ID,pfm,next_time,10,10,1,4.338598251342773,2026-09-06T18:07:24
BPI20ID,pfm,next_time,10,10,2,4.409885883331299,2026-09-06T18:06:57
BPI20ID,pfm,next_time,100,100,0,4.319869041442871,2026-09-06T18:06:12
BPI20ID,pfm,next_time,100,100,1,4.133444786071777,2026-09-06T18:07:24
BPI20ID,pfm,next_time,100,100,2,4.274477005004883,2026-09-06T18:06:57
BPI20ID,pfm,next_time,1000,1000,0,3.8857157230377197,2026-09-06T18:06:12
BPI20ID,pfm,next_time,1000,1000,1,3.7099356651306152,2026-09-06T18:07:24
BPI20ID,pfm,next_time,1000,1000,2,4.444096088409424,2026-09-06T18:06:57
BPI20ID,pfm,next_time,30,30,0,4.109681129455566,2026-09-06T18:06:12
BPI20ID,pfm,next_time,30,30,1,4.328068256378174,2026-09-06T18:07:24
BPI20ID,pfm,next_time,30,30,2,4.41131591796875,2026-09-06T18:06:57
BPI20ID,pfm,next_time,300,300,0,4.176962375640869,2026-09-06T18:06:12
BPI20ID,pfm,next_time,300,300,1,3.992753505706787,2026-09-06T18:07:24
BPI20ID,pfm,next_time,300,300,2,4.176554203033447,2026-09-06T18:06:57
BPI20ID,pfm,next_time,5000,4514,0,3.8459830284118652,2026-09-06T18:06:12
BPI20ID,pfm,next_time,5000,4514,1,3.914001941680908,2026-09-06T18:07:24
BPI20ID,pfm,next_time,5000,4514,2,3.6970818042755127,2026-09-06T18:06:57
BPI20ID,pfm,next_time,all,4514,0,3.8459830284118652,2026-09-06T18:06:12
BPI20ID,pfm,next_time,all,4514,1,3.914001941680908,2026-09-06T18:07:24
BPI20ID,pfm,next_time,all,4514,2,3.6970818042755127,2026-09-06T18:06:57
BPI20ID,pfm,remaining_count,0,0,0,5.47084379196167,2026-09-06T18:06:12
BPI20ID,pfm,remaining_count,0,0,1,5.534876823425293,2026-09-06T18:07:24
BPI20ID,pfm,remaining_count,0,0,2,5.7162628173828125,2026-09-06T18:06:57
BPI20ID,pfm,remaining_count,10,10,0,1.5407843589782715,2026-09-06T18:06:12
BPI20ID,pfm,remaining_count,10,10,1,1.6086015701293945,2026-09-06T18:07:24
BPI20ID,pfm,remaining_count,10,10,2,1.9849047660827637,2026-09-06T18:06:57
BPI20ID,pfm,remaining_count,100,100,0,1.3920514583587646,2026-09-06T18:06:12
BPI20ID,pfm,remaining_count,100,100,1,1.347595453262329,2026-09-06T18:07:24
BPI20ID,pfm,remaining_count,100,100,2,1.6469473838806152,2026-09-06T18:06:57
BPI20ID,pfm,remaining_count,1000,1000,0,1.211280345916748,2026-09-06T18:06:12
BPI20ID,pfm,remaining_count,1000,1000,1,1.2976089715957642,2026-09-06T18:07:24
BPI20ID,pfm,remaining_count,1000,1000,2,1.4095202684402466,2026-09-06T18:06:57
BPI20ID,pfm,remaining_count,30,30,0,1.3941571712493896,2026-09-06T18:06:12
BPI20ID,pfm,remaining_count,30,30,1,1.358294129371643,2026-09-06T18:07:24
BPI20ID,pfm,remaining_count,30,30,2,1.837385654449463,2026-09-06T18:06:57
BPI20ID,pfm,remaining_count,300,300,0,1.2533986568450928,2026-09-06T18:06:12
BPI20ID,pfm,remaining_count,300,300,1,1.4097191095352173,2026-09-06T18:07:24
BPI20ID,pfm,remaining_count,300,300,2,1.3272253274917603,2026-09-06T18:06:57
BPI20ID,pfm,remaining_count,5000,4514,0,1.1518585681915283,2026-09-06T18:06:12
BPI20ID,pfm,remaining_count,5000,4514,1,1.3049254417419434,2026-09-06T18:07:24
BPI20ID,pfm,remaining_count,5000,4514,2,1.2119030952453613,2026-09-06T18:06:57
BPI20ID,pfm,remaining_count,all,4514,0,1.1518585681915283,2026-09-06T18:06:12
BPI20ID,pfm,remaining_count,all,4514,1,1.3049254417419434,2026-09-06T18:07:24
BPI20ID,pfm,remaining_count,all,4514,2,1.2119030952453613,2026-09-06T18:06:57
BPI20ID,pfm,remaining_time,0,0,0,24.252685546875,2026-09-06T18:06:12
BPI20ID,pfm,remaining_time,0,0,1,24.252687454223633,2026-09-06T18:07:24
BPI20ID,pfm,remaining_time,0,0,2,24.252687454223633,2026-09-06T18:06:57
BPI20ID,pfm,remaining_time,10,10,0,19.305355072021484,2026-09-06T18:06:12
BPI20ID,pfm,remaining_time,10,10,1,22.121105194091797,2026-09-06T18:07:24
BPI20ID,pfm,remaining_time,10,10,2,22.582433700561523,2026-09-06T18:06:57
BPI20ID,pfm,remaining_time,100,100,0,20.828353881835938,2026-09-06T18:06:12
BPI20ID,pfm,remaining_time,100,100,1,17.663183212280273,2026-09-06T18:07:24
BPI20ID,pfm,remaining_time,100,100,2,20.235361099243164,2026-09-06T18:06:57
BPI20ID,pfm,remaining_time,1000,1000,0,16.48893165588379,2026-09-06T18:06:12
BPI20ID,pfm,remaining_time,1000,1000,1,13.895971298217773,2026-09-06T18:07:24
BPI20ID,pfm,remaining_time,1000,1000,2,13.766403198242188,2026-09-06T18:06:57
BPI20ID,pfm,remaining_time,30,30,0,19.22357749938965,2026-09-06T18:06:12
BPI20ID,pfm,remaining_time,30,30,1,19.90989112854004,2026-09-06T18:07:24
BPI20ID,pfm,remaining_time,30,30,2,21.160720825195312,2026-09-06T18:06:57
BPI20ID,pfm,remaining_time,300,300,0,15.741588592529297,2026-09-06T18:06:12
BPI20ID,pfm,remaining_time,300,300,1,15.834321975708008,2026-09-06T18:07:24
BPI20ID,pfm,remaining_time,300,300,2,16.683496475219727,2026-09-06T18:06:57
BPI20ID,pfm,remaining_time,5000,4514,0,12.17466926574707,2026-09-06T18:06:12
BPI20ID,pfm,remaining_time,5000,4514,1,12.125615119934082,2026-09-06T18:07:24
BPI20ID,pfm,remaining_time,5000,4514,2,12.50197696685791,2026-09-06T18:06:57
BPI20ID,pfm,remaining_time,all,4514,0,12.17466926574707,2026-09-06T18:06:12
BPI20ID,pfm,remaining_time,all,4514,1,12.125615119934082,2026-09-06T18:07:24
BPI20ID,pfm,remaining_time,all,4514,2,12.50197696685791,2026-09-06T18:06:57
BPI20ID,pfm_ft,future_activity_set,0,0,0,0.1850503534078598,2026-09-06T18:15:43
BPI20ID,pfm_ft,future_activity_set,0,0,1,0.16817283630371094,2026-09-06T18:20:14
BPI20ID,pfm_ft,future_activity_set,0,0,2,0.1935950517654419,2026-09-06T18:17:34
BPI20ID,pfm_ft,future_activity_set,10,10,0,0.8356245756149292,2026-09-06T18:15:43
BPI20ID,pfm_ft,future_activity_set,10,10,1,0.8524684309959412,2026-09-06T18:20:14
BPI20ID,pfm_ft,future_activity_set,10,10,2,0.7946153879165649,2026-09-06T18:17:34
BPI20ID,pfm_ft,future_activity_set,100,100,0,0.8621935844421387,2026-09-06T18:15:43
BPI20ID,pfm_ft,future_activity_set,100,100,1,0.8587678074836731,2026-09-06T18:20:14
BPI20ID,pfm_ft,future_activity_set,100,100,2,0.8361595273017883,2026-09-06T18:17:34
BPI20ID,pfm_ft,future_activity_set,1000,1000,0,0.8985405564308167,2026-09-06T18:15:43
BPI20ID,pfm_ft,future_activity_set,1000,1000,1,0.9165554046630859,2026-09-06T18:20:14
BPI20ID,pfm_ft,future_activity_set,1000,1000,2,0.9014480710029602,2026-09-06T18:17:34
BPI20ID,pfm_ft,future_activity_set,30,30,0,0.8687711954116821,2026-09-06T18:15:43
BPI20ID,pfm_ft,future_activity_set,30,30,1,0.8570674061775208,2026-09-06T18:20:14
BPI20ID,pfm_ft,future_activity_set,30,30,2,0.8075389266014099,2026-09-06T18:17:34
BPI20ID,pfm_ft,future_activity_set,300,300,0,0.8891324400901794,2026-09-06T18:15:43
BPI20ID,pfm_ft,future_activity_set,300,300,1,0.9071527123451233,2026-09-06T18:20:14
BPI20ID,pfm_ft,future_activity_set,300,300,2,0.8949884176254272,2026-09-06T18:17:34
BPI20ID,pfm_ft,future_activity_set,5000,4514,0,0.906858503818512,2026-09-06T18:15:43
BPI20ID,pfm_ft,future_activity_set,5000,4514,1,0.8985069394111633,2026-09-06T18:20:14
BPI20ID,pfm_ft,future_activity_set,5000,4514,2,0.9056090712547302,2026-09-06T18:17:34
BPI20ID,pfm_ft,future_activity_set,all,4514,0,0.906858503818512,2026-09-06T18:15:43
BPI20ID,pfm_ft,future_activity_set,all,4514,1,0.8985069394111633,2026-09-06T18:20:14
BPI20ID,pfm_ft,future_activity_set,all,4514,2,0.9056090712547302,2026-09-06T18:17:34
BPI20ID,pfm_ft,next_3_activities,0,0,0,0.02221035771071911,2026-09-06T18:15:43
BPI20ID,pfm_ft,next_3_activities,0,0,1,0.051575012505054474,2026-09-06T18:20:14
BPI20ID,pfm_ft,next_3_activities,0,0,2,0.06328528374433517,2026-09-06T18:17:34
BPI20ID,pfm_ft,next_3_activities,10,10,0,0.6631073355674744,2026-09-06T18:15:43
BPI20ID,pfm_ft,next_3_activities,10,10,1,0.6045203804969788,2026-09-06T18:20:14
BPI20ID,pfm_ft,next_3_activities,10,10,2,0.4786261022090912,2026-09-06T18:17:34
BPI20ID,pfm_ft,next_3_activities,100,100,0,0.7448656558990479,2026-09-06T18:15:43
BPI20ID,pfm_ft,next_3_activities,100,100,1,0.7193450927734375,2026-09-06T18:20:14
BPI20ID,pfm_ft,next_3_activities,100,100,2,0.6994127035140991,2026-09-06T18:17:34
BPI20ID,pfm_ft,next_3_activities,1000,1000,0,0.7987542152404785,2026-09-06T18:15:43
BPI20ID,pfm_ft,next_3_activities,1000,1000,1,0.8014237284660339,2026-09-06T18:20:14
BPI20ID,pfm_ft,next_3_activities,1000,1000,2,0.8014949560165405,2026-09-06T18:17:34
BPI20ID,pfm_ft,next_3_activities,30,30,0,0.6700124740600586,2026-09-06T18:15:43
BPI20ID,pfm_ft,next_3_activities,30,30,1,0.6796227097511292,2026-09-06T18:20:14
BPI20ID,pfm_ft,next_3_activities,30,30,2,0.625912070274353,2026-09-06T18:17:34
BPI20ID,pfm_ft,next_3_activities,300,300,0,0.7633031010627747,2026-09-06T18:15:43
BPI20ID,pfm_ft,next_3_activities,300,300,1,0.7550453543663025,2026-09-06T18:20:14
BPI20ID,pfm_ft,next_3_activities,300,300,2,0.7650827765464783,2026-09-06T18:17:34
BPI20ID,pfm_ft,next_3_activities,5000,4514,0,0.7810642719268799,2026-09-06T18:15:43
BPI20ID,pfm_ft,next_3_activities,5000,4514,1,0.8027762770652771,2026-09-06T18:20:14
BPI20ID,pfm_ft,next_3_activities,5000,4514,2,0.8027406930923462,2026-09-06T18:17:34
BPI20ID,pfm_ft,next_3_activities,all,4514,0,0.7810642719268799,2026-09-06T18:15:43
BPI20ID,pfm_ft,next_3_activities,all,4514,1,0.8027762770652771,2026-09-06T18:20:14
BPI20ID,pfm_ft,next_3_activities,all,4514,2,0.8027406930923462,2026-09-06T18:17:34
BPI20ID,pfm_ft,next_5_activities,0,0,0,0.023794211447238922,2026-09-06T18:15:43
BPI20ID,pfm_ft,next_5_activities,0,0,1,0.054638560861349106,2026-09-06T18:20:14
BPI20ID,pfm_ft,next_5_activities,0,0,2,0.04318208992481232,2026-09-06T18:17:34
BPI20ID,pfm_ft,next_5_activities,10,10,0,0.569608211517334,2026-09-06T18:15:43
BPI20ID,pfm_ft,next_5_activities,10,10,1,0.5534833669662476,2026-09-06T18:20:14
BPI20ID,pfm_ft,next_5_activities,10,10,2,0.44096702337265015,2026-09-06T18:17:34
BPI20ID,pfm_ft,next_5_activities,100,100,0,0.6678099036216736,2026-09-06T18:15:43
BPI20ID,pfm_ft,next_5_activities,100,100,1,0.6640228629112244,2026-09-06T18:20:14
BPI20ID,pfm_ft,next_5_activities,100,100,2,0.653733491897583,2026-09-06T18:17:34
BPI20ID,pfm_ft,next_5_activities,1000,1000,0,0.7444563508033752,2026-09-06T18:15:43
BPI20ID,pfm_ft,next_5_activities,1000,1000,1,0.7449565529823303,2026-09-06T18:20:14
BPI20ID,pfm_ft,next_5_activities,1000,1000,2,0.704561173915863,2026-09-06T18:17:34
BPI20ID,pfm_ft,next_5_activities,30,30,0,0.5978325605392456,2026-09-06T18:15:43
BPI20ID,pfm_ft,next_5_activities,30,30,1,0.6105751991271973,2026-09-06T18:20:14
BPI20ID,pfm_ft,next_5_activities,30,30,2,0.551601767539978,2026-09-06T18:17:34
BPI20ID,pfm_ft,next_5_activities,300,300,0,0.7192330360412598,2026-09-06T18:15:43
BPI20ID,pfm_ft,next_5_activities,300,300,1,0.6862689256668091,2026-09-06T18:20:14
BPI20ID,pfm_ft,next_5_activities,300,300,2,0.7046802639961243,2026-09-06T18:17:34
BPI20ID,pfm_ft,next_5_activities,5000,4514,0,0.7435750961303711,2026-09-06T18:15:43
BPI20ID,pfm_ft,next_5_activities,5000,4514,1,0.7408836483955383,2026-09-06T18:20:14
BPI20ID,pfm_ft,next_5_activities,5000,4514,2,0.7167083621025085,2026-09-06T18:17:34
BPI20ID,pfm_ft,next_5_activities,all,4514,0,0.7435750961303711,2026-09-06T18:15:43
BPI20ID,pfm_ft,next_5_activities,all,4514,1,0.7408836483955383,2026-09-06T18:20:14
BPI20ID,pfm_ft,next_5_activities,all,4514,2,0.7167083621025085,2026-09-06T18:17:34
BPI20ID,pfm_ft,next_activity,0,0,0,0.02477499283850193,2026-09-06T18:15:43
BPI20ID,pfm_ft,next_activity,0,0,1,0.012774605304002762,2026-09-06T18:20:14
BPI20ID,pfm_ft,next_activity,0,0,2,0.09484177082777023,2026-09-06T18:17:34
BPI20ID,pfm_ft,next_activity,10,10,0,0.7962837219238281,2026-09-06T18:15:43
BPI20ID,pfm_ft,next_activity,10,10,1,0.7114100456237793,2026-09-06T18:20:14
BPI20ID,pfm_ft,next_activity,10,10,2,0.6080518960952759,2026-09-06T18:17:34
BPI20ID,pfm_ft,next_activity,100,100,0,0.8323816657066345,2026-09-06T18:15:43
BPI20ID,pfm_ft,next_activity,100,100,1,0.7397658228874207,2026-09-06T18:20:14
BPI20ID,pfm_ft,next_activity,100,100,2,0.7987999320030212,2026-09-06T18:17:34
BPI20ID,pfm_ft,next_activity,1000,1000,0,0.8439949750900269,2026-09-06T18:15:43
BPI20ID,pfm_ft,next_activity,1000,1000,1,0.8872544169425964,2026-09-06T18:20:14
BPI20ID,pfm_ft,next_activity,1000,1000,2,0.8165102005004883,2026-09-06T18:17:34
BPI20ID,pfm_ft,next_activity,30,30,0,0.7991870641708374,2026-09-06T18:15:43
BPI20ID,pfm_ft,next_activity,30,30,1,0.7992838621139526,2026-09-06T18:20:14
BPI20ID,pfm_ft,next_activity,30,30,2,0.7407335638999939,2026-09-06T18:17:34
BPI20ID,pfm_ft,next_activity,300,300,0,0.8362528085708618,2026-09-06T18:15:43
BPI20ID,pfm_ft,next_activity,300,300,1,0.8718668222427368,2026-09-06T18:20:14
BPI20ID,pfm_ft,next_activity,300,300,2,0.8637375235557556,2026-09-06T18:17:34
BPI20ID,pfm_ft,next_activity,5000,4514,0,0.8609309792518616,2026-09-06T18:15:43
BPI20ID,pfm_ft,next_activity,5000,4514,1,0.8914158344268799,2026-09-06T18:20:14
BPI20ID,pfm_ft,next_activity,5000,4514,2,0.8739959597587585,2026-09-06T18:17:34
BPI20ID,pfm_ft,next_activity,all,4514,0,0.8609309792518616,2026-09-06T18:15:43
BPI20ID,pfm_ft,next_activity,all,4514,1,0.8914158344268799,2026-09-06T18:20:14
BPI20ID,pfm_ft,next_activity,all,4514,2,0.8739959597587585,2026-09-06T18:17:34
BPI20ID,pfm_ft,next_time,0,0,0,4.647221565246582,2026-09-06T18:15:43
BPI20ID,pfm_ft,next_time,0,0,1,4.647222518920898,2026-09-06T18:20:14
BPI20ID,pfm_ft,next_time,0,0,2,4.647223472595215,2026-09-06T18:17:34
BPI20ID,pfm_ft,next_time,10,10,0,3.769927740097046,2026-09-06T18:15:43
BPI20ID,pfm_ft,next_time,10,10,1,4.510075092315674,2026-09-06T18:20:14
BPI20ID,pfm_ft,next_time,10,10,2,4.503568649291992,2026-09-06T18:17:34
BPI20ID,pfm_ft,next_time,100,100,0,3.6466970443725586,2026-09-06T18:15:43
BPI20ID,pfm_ft,next_time,100,100,1,4.043810844421387,2026-09-06T18:20:14
BPI20ID,pfm_ft,next_time,100,100,2,4.23268461227417,2026-09-06T18:17:34
BPI20ID,pfm_ft,next_time,1000,1000,0,3.580988645553589,2026-09-06T18:15:43
BPI20ID,pfm_ft,next_time,1000,1000,1,3.8825738430023193,2026-09-06T18:20:14
BPI20ID,pfm_ft,next_time,1000,1000,2,3.8334574699401855,2026-09-06T18:17:34
BPI20ID,pfm_ft,next_time,30,30,0,3.787869453430176,2026-09-06T18:15:43
BPI20ID,pfm_ft,next_time,30,30,1,3.8398683071136475,2026-09-06T18:20:14
BPI20ID,pfm_ft,next_time,30,30,2,3.7658941745758057,2026-09-06T18:17:34
BPI20ID,pfm_ft,next_time,300,300,0,3.75750732421875,2026-09-06T18:15:43
BPI20ID,pfm_ft,next_time,300,300,1,3.696646213531494,2026-09-06T18:20:14
BPI20ID,pfm_ft,next_time,300,300,2,3.848400115966797,2026-09-06T18:17:34
BPI20ID,pfm_ft,next_time,5000,4514,0,3.7354795932769775,2026-09-06T18:15:43
BPI20ID,pfm_ft,next_time,5000,4514,1,3.7033755779266357,2026-09-06T18:20:14
BPI20ID,pfm_ft,next_time,5000,4514,2,3.72989559173584,2026-09-06T18:17:34
BPI20ID,pfm_ft,next_time,all,4514,0,3.7354795932769775,2026-09-06T18:15:43
BPI20ID,pfm_ft,next_time,all,4514,1,3.7033755779266357,2026-09-06T18:20:14
BPI20ID,pfm_ft,next_time,all,4514,2,3.72989559173584,2026-09-06T18:17:34
BPI20ID,pfm_ft,remaining_count,0,0,0,5.47084379196167,2026-09-06T18:15:43
BPI20ID,pfm_ft,remaining_count,0,0,1,5.534876823425293,2026-09-06T18:20:14
BPI20ID,pfm_ft,remaining_count,0,0,2,5.7162628173828125,2026-09-06T18:17:34
BPI20ID,pfm_ft,remaining_count,10,10,0,1.3371386528015137,2026-09-06T18:15:43
BPI20ID,pfm_ft,remaining_count,10,10,1,1.3877215385437012,2026-09-06T18:20:14
BPI20ID,pfm_ft,remaining_count,10,10,2,1.3841954469680786,2026-09-06T18:17:34
BPI20ID,pfm_ft,remaining_count,100,100,0,1.0262725353240967,2026-09-06T18:15:43
BPI20ID,pfm_ft,remaining_count,100,100,1,1.0367872714996338,2026-09-06T18:20:14
BPI20ID,pfm_ft,remaining_count,100,100,2,0.9969112277030945,2026-09-06T18:17:34
BPI20ID,pfm_ft,remaining_count,1000,1000,0,1.1181491613388062,2026-09-06T18:15:43
BPI20ID,pfm_ft,remaining_count,1000,1000,1,0.9709912538528442,2026-09-06T18:20:14
BPI20ID,pfm_ft,remaining_count,1000,1000,2,1.0101360082626343,2026-09-06T18:17:34
BPI20ID,pfm_ft,remaining_count,30,30,0,1.1998040676116943,2026-09-06T18:15:43
BPI20ID,pfm_ft,remaining_count,30,30,1,1.1219391822814941,2026-09-06T18:20:14
BPI20ID,pfm_ft,remaining_count,30,30,2,1.1810142993927002,2026-09-06T18:17:34
BPI20ID,pfm_ft,remaining_count,300,300,0,0.9447341561317444,2026-09-06T18:15:43
BPI20ID,pfm_ft,remaining_count,300,300,1,1.0029282569885254,2026-09-06T18:20:14
BPI20ID,pfm_ft,remaining_count,300,300,2,0.9701249599456787,2026-09-06T18:17:34
BPI20ID,pfm_ft,remaining_count,5000,4514,0,0.9950341582298279,2026-09-06T18:15:43
BPI20ID,pfm_ft,remaining_count,5000,4514,1,0.8987476229667664,2026-09-06T18:20:14
BPI20ID,pfm_ft,remaining_count,5000,4514,2,1.0097936391830444,2026-09-06T18:17:34
BPI20ID,pfm_ft,remaining_count,all,4514,0,0.9950341582298279,2026-09-06T18:15:43
BPI20ID,pfm_ft,remaining_count,all,4514,1,0.8987476229667664,2026-09-06T18:20:14
BPI20ID,pfm_ft,remaining_count,all,4514,2,1.0097936391830444,2026-09-06T18:17:34
BPI20ID,pfm_ft,remaining_time,0,0,0,24.252685546875,2026-09-06T18:15:43
BPI20ID,pfm_ft,remaining_time,0,0,1,24.252687454223633,2026-09-06T18:20:14
BPI20ID,pfm_ft,remaining_time,0,0,2,24.252687454223633,2026-09-06T18:17:34
BPI20ID,pfm_ft,remaining_time,10,10,0,18.62693214416504,2026-09-06T18:15:43
BPI20ID,pfm_ft,remaining_time,10,10,1,22.557132720947266,2026-09-06T18:20:14
BPI20ID,pfm_ft,remaining_time,10,10,2,18.124601364135742,2026-09-06T18:17:34
BPI20ID,pfm_ft,remaining_time,100,100,0,13.423223495483398,2026-09-06T18:15:43
BPI20ID,pfm_ft,remaining_time,100,100,1,12.977330207824707,2026-09-06T18:20:14
BPI20ID,pfm_ft,remaining_time,100,100,2,14.303905487060547,2026-09-06T18:17:34
BPI20ID,pfm_ft,remaining_time,1000,1000,0,14.028620719909668,2026-09-06T18:15:43
BPI20ID,pfm_ft,remaining_time,1000,1000,1,14.62358283996582,2026-09-06T18:20:14
BPI20ID,pfm_ft,remaining_time,1000,1000,2,15.202935218811035,2026-09-06T18:17:34
BPI20ID,pfm_ft,remaining_time,30,30,0,15.169123649597168,2026-09-06T18:15:43
BPI20ID,pfm_ft,remaining_time,30,30,1,13.875272750854492,2026-09-06T18:20:14
BPI20ID,pfm_ft,remaining_time,30,30,2,13.27080249786377,2026-09-06T18:17:34
BPI20ID,pfm_ft,remaining_time,300,300,0,13.068075180053711,2026-09-06T18:15:43
BPI20ID,pfm_ft,remaining_time,300,300,1,13.657585144042969,2026-09-06T18:20:14
BPI20ID,pfm_ft,remaining_time,300,300,2,14.839662551879883,2026-09-06T18:17:34
BPI20ID,pfm_ft,remaining_time,5000,4514,0,13.218907356262207,2026-09-06T18:15:43
BPI20ID,pfm_ft,remaining_time,5000,4514,1,14.788780212402344,2026-09-06T18:20:14
BPI20ID,pfm_ft,remaining_time,5000,4514,2,12.622651100158691,2026-09-06T18:17:34
BPI20ID,pfm_ft,remaining_time,all,4514,0,13.218907356262207,2026-09-06T18:15:43
BPI20ID,pfm_ft,remaining_time,all,4514,1,14.788780212402344,2026-09-06T18:20:14
BPI20ID,pfm_ft,remaining_time,all,4514,2,12.622651100158691,2026-09-06T18:17:34
BPI20ID,pfm_ft_s2,future_activity_set,0,0,0,0.2626873254776001,2026-09-14T21:43:29
BPI20ID,pfm_ft_s2,future_activity_set,0,0,1,0.1862143725156784,2026-09-14T21:47:11
BPI20ID,pfm_ft_s2,future_activity_set,0,0,2,0.21138399839401245,2026-09-14T21:47:51
BPI20ID,pfm_ft_s2,future_activity_set,10,10,0,0.8435991406440735,2026-09-14T21:43:29
BPI20ID,pfm_ft_s2,future_activity_set,10,10,1,0.8395720720291138,2026-09-14T21:47:11
BPI20ID,pfm_ft_s2,future_activity_set,10,10,2,0.7671952247619629,2026-09-14T21:47:51
BPI20ID,pfm_ft_s2,future_activity_set,100,100,0,0.8392024636268616,2026-09-14T21:43:29
BPI20ID,pfm_ft_s2,future_activity_set,100,100,1,0.8500456809997559,2026-09-14T21:47:11
BPI20ID,pfm_ft_s2,future_activity_set,100,100,2,0.8475930690765381,2026-09-14T21:47:51
BPI20ID,pfm_ft_s2,future_activity_set,1000,1000,0,0.8963508009910583,2026-09-14T21:43:29
BPI20ID,pfm_ft_s2,future_activity_set,1000,1000,1,0.909529447555542,2026-09-14T21:47:11
BPI20ID,pfm_ft_s2,future_activity_set,1000,1000,2,0.9032093286514282,2026-09-14T21:47:51
BPI20ID,pfm_ft_s2,future_activity_set,30,30,0,0.8601414561271667,2026-09-14T21:43:29
BPI20ID,pfm_ft_s2,future_activity_set,30,30,1,0.858862578868866,2026-09-14T21:47:11
BPI20ID,pfm_ft_s2,future_activity_set,30,30,2,0.8126324415206909,2026-09-14T21:47:51
BPI20ID,pfm_ft_s2,future_activity_set,300,300,0,0.8711814284324646,2026-09-14T21:43:29
BPI20ID,pfm_ft_s2,future_activity_set,300,300,1,0.8944715857505798,2026-09-14T21:47:11
BPI20ID,pfm_ft_s2,future_activity_set,300,300,2,0.8943209648132324,2026-09-14T21:47:51
BPI20ID,pfm_ft_s2,future_activity_set,5000,4514,0,0.9100246429443359,2026-09-14T21:43:29
BPI20ID,pfm_ft_s2,future_activity_set,5000,4514,1,0.9060035347938538,2026-09-14T21:47:11
BPI20ID,pfm_ft_s2,future_activity_set,5000,4514,2,0.9048563838005066,2026-09-14T21:47:51
BPI20ID,pfm_ft_s2,future_activity_set,all,4514,0,0.9100246429443359,2026-09-14T21:43:29
BPI20ID,pfm_ft_s2,future_activity_set,all,4514,1,0.9060035347938538,2026-09-14T21:47:11
BPI20ID,pfm_ft_s2,future_activity_set,all,4514,2,0.9048563838005066,2026-09-14T21:47:51
BPI20ID,pfm_ft_s2,next_3_activities,0,0,0,0.07001245766878128,2026-09-14T21:43:29
BPI20ID,pfm_ft_s2,next_3_activities,0,0,1,0.022067982703447342,2026-09-14T21:47:11
BPI20ID,pfm_ft_s2,next_3_activities,0,0,2,0.022174764424562454,2026-09-14T21:47:51
BPI20ID,pfm_ft_s2,next_3_activities,10,10,0,0.6544581055641174,2026-09-14T21:43:29
BPI20ID,pfm_ft_s2,next_3_activities,10,10,1,0.5956931710243225,2026-09-14T21:47:11
BPI20ID,pfm_ft_s2,next_3_activities,10,10,2,0.4778074324131012,2026-09-14T21:47:51
BPI20ID,pfm_ft_s2,next_3_activities,100,100,0,0.7335824966430664,2026-09-14T21:43:29
BPI20ID,pfm_ft_s2,next_3_activities,100,100,1,0.7169247269630432,2026-09-14T21:47:11
BPI20ID,pfm_ft_s2,next_3_activities,100,100,2,0.6892329454421997,2026-09-14T21:47:51
BPI20ID,pfm_ft_s2,next_3_activities,1000,1000,0,0.798362672328949,2026-09-14T21:43:29
BPI20ID,pfm_ft_s2,next_3_activities,1000,1000,1,0.8019932508468628,2026-09-14T21:47:11
BPI20ID,pfm_ft_s2,next_3_activities,1000,1000,2,0.7985762357711792,2026-09-14T21:47:51
BPI20ID,pfm_ft_s2,next_3_activities,30,30,0,0.6730735301971436,2026-09-14T21:43:29
BPI20ID,pfm_ft_s2,next_3_activities,30,30,1,0.6965296268463135,2026-09-14T21:47:11
BPI20ID,pfm_ft_s2,next_3_activities,30,30,2,0.6172628402709961,2026-09-14T21:47:51
BPI20ID,pfm_ft_s2,next_3_activities,300,300,0,0.7702794075012207,2026-09-14T21:43:29
BPI20ID,pfm_ft_s2,next_3_activities,300,300,1,0.7463961839675903,2026-09-14T21:47:11
BPI20ID,pfm_ft_s2,next_3_activities,300,300,2,0.7371774315834045,2026-09-14T21:47:51
BPI20ID,pfm_ft_s2,next_3_activities,5000,4514,0,0.7817405462265015,2026-09-14T21:43:29
BPI20ID,pfm_ft_s2,next_3_activities,5000,4514,1,0.7996440529823303,2026-09-14T21:47:11
BPI20ID,pfm_ft_s2,next_3_activities,5000,4514,2,0.7980067729949951,2026-09-14T21:47:51
BPI20ID,pfm_ft_s2,next_3_activities,all,4514,0,0.7817405462265015,2026-09-14T21:43:29
BPI20ID,pfm_ft_s2,next_3_activities,all,4514,1,0.7996440529823303,2026-09-14T21:47:11
BPI20ID,pfm_ft_s2,next_3_activities,all,4514,2,0.7980067729949951,2026-09-14T21:47:51
BPI20ID,pfm_ft_s2,next_5_activities,0,0,0,0.07776586711406708,2026-09-14T21:43:29
BPI20ID,pfm_ft_s2,next_5_activities,0,0,1,0.017244253307580948,2026-09-14T21:47:11
BPI20ID,pfm_ft_s2,next_5_activities,0,0,2,0.043872810900211334,2026-09-14T21:47:51
BPI20ID,pfm_ft_s2,next_5_activities,10,10,0,0.5540311932563782,2026-09-14T21:43:29
BPI20ID,pfm_ft_s2,next_5_activities,10,10,1,0.5468619465827942,2026-09-14T21:47:11
BPI20ID,pfm_ft_s2,next_5_activities,10,10,2,0.38316065073013306,2026-09-14T21:47:51
BPI20ID,pfm_ft_s2,next_5_activities,100,100,0,0.6891747117042542,2026-09-14T21:43:29
BPI20ID,pfm_ft_s2,next_5_activities,100,100,1,0.6750982403755188,2026-09-14T21:47:11
BPI20ID,pfm_ft_s2,next_5_activities,100,100,2,0.641633927822113,2026-09-14T21:47:51
BPI20ID,pfm_ft_s2,next_5_activities,1000,1000,0,0.7409788966178894,2026-09-14T21:43:29
BPI20ID,pfm_ft_s2,next_5_activities,1000,1000,1,0.7462665438652039,2026-09-14T21:47:11
BPI20ID,pfm_ft_s2,next_5_activities,1000,1000,2,0.730975329875946,2026-09-14T21:47:51
BPI20ID,pfm_ft_s2,next_5_activities,30,30,0,0.5924735069274902,2026-09-14T21:43:29
BPI20ID,pfm_ft_s2,next_5_activities,30,30,1,0.6208884119987488,2026-09-14T21:47:11
BPI20ID,pfm_ft_s2,next_5_activities,30,30,2,0.5641538500785828,2026-09-14T21:47:51
BPI20ID,pfm_ft_s2,next_5_activities,300,300,0,0.7082529664039612,2026-09-14T21:43:29
BPI20ID,pfm_ft_s2,next_5_activities,300,300,1,0.7029176950454712,2026-09-14T21:47:11
BPI20ID,pfm_ft_s2,next_5_activities,300,300,2,0.6959628462791443,2026-09-14T21:47:51
BPI20ID,pfm_ft_s2,next_5_activities,5000,4514,0,0.7498630285263062,2026-09-14T21:43:29
BPI20ID,pfm_ft_s2,next_5_activities,5000,4514,1,0.7339525818824768,2026-09-14T21:47:11
BPI20ID,pfm_ft_s2,next_5_activities,5000,4514,2,0.7153745293617249,2026-09-14T21:47:51
BPI20ID,pfm_ft_s2,next_5_activities,all,4514,0,0.7498630285263062,2026-09-14T21:43:29
BPI20ID,pfm_ft_s2,next_5_activities,all,4514,1,0.7339525818824768,2026-09-14T21:47:11
BPI20ID,pfm_ft_s2,next_5_activities,all,4514,2,0.7153745293617249,2026-09-14T21:47:51
BPI20ID,pfm_ft_s2,next_activity,0,0,0,0.01935546286404133,2026-09-14T21:43:29
BPI20ID,pfm_ft_s2,next_activity,0,0,1,0.022936223074793816,2026-09-14T21:47:11
BPI20ID,pfm_ft_s2,next_activity,0,0,2,0.00987128634005785,2026-09-14T21:47:51
BPI20ID,pfm_ft_s2,next_activity,10,10,0,0.7998645305633545,2026-09-14T21:43:29
BPI20ID,pfm_ft_s2,next_activity,10,10,1,0.7272815108299255,2026-09-14T21:47:11
BPI20ID,pfm_ft_s2,next_activity,10,10,2,0.6024388074874878,2026-09-14T21:47:51
BPI20ID,pfm_ft_s2,next_activity,100,100,0,0.820478081703186,2026-09-14T21:43:29
BPI20ID,pfm_ft_s2,next_activity,100,100,1,0.7747024297714233,2026-09-14T21:47:11
BPI20ID,pfm_ft_s2,next_activity,100,100,2,0.7610567808151245,2026-09-14T21:47:51
BPI20ID,pfm_ft_s2,next_activity,1000,1000,0,0.874092698097229,2026-09-14T21:43:29
BPI20ID,pfm_ft_s2,next_activity,1000,1000,1,0.8580276966094971,2026-09-14T21:47:11
BPI20ID,pfm_ft_s2,next_activity,1000,1000,2,0.8447691798210144,2026-09-14T21:47:51
BPI20ID,pfm_ft_s2,next_activity,30,30,0,0.7907674312591553,2026-09-14T21:43:29
BPI20ID,pfm_ft_s2,next_activity,30,30,1,0.8191232085227966,2026-09-14T21:47:11
BPI20ID,pfm_ft_s2,next_activity,30,30,2,0.7288299798965454,2026-09-14T21:47:51
BPI20ID,pfm_ft_s2,next_activity,300,300,0,0.8374140858650208,2026-09-14T21:43:29
BPI20ID,pfm_ft_s2,next_activity,300,300,1,0.819800615310669,2026-09-14T21:47:11
BPI20ID,pfm_ft_s2,next_activity,300,300,2,0.8154456615447998,2026-09-14T21:47:51
BPI20ID,pfm_ft_s2,next_activity,5000,4514,0,0.8594793677330017,2026-09-14T21:43:29
BPI20ID,pfm_ft_s2,next_activity,5000,4514,1,0.8881254196166992,2026-09-14T21:47:11
BPI20ID,pfm_ft_s2,next_activity,5000,4514,2,0.8693506121635437,2026-09-14T21:47:51
BPI20ID,pfm_ft_s2,next_activity,all,4514,0,0.8594793677330017,2026-09-14T21:43:29
BPI20ID,pfm_ft_s2,next_activity,all,4514,1,0.8881254196166992,2026-09-14T21:47:11
BPI20ID,pfm_ft_s2,next_activity,all,4514,2,0.8693506121635437,2026-09-14T21:47:51
BPI20ID,pfm_ft_s2,next_time,0,0,0,4.647219657897949,2026-09-14T21:43:29
BPI20ID,pfm_ft_s2,next_time,0,0,1,4.647222518920898,2026-09-14T21:47:11
BPI20ID,pfm_ft_s2,next_time,0,0,2,4.647223472595215,2026-09-14T21:47:51
BPI20ID,pfm_ft_s2,next_time,10,10,0,3.8137271404266357,2026-09-14T21:43:29
BPI20ID,pfm_ft_s2,next_time,10,10,1,4.029560089111328,2026-09-14T21:47:11
BPI20ID,pfm_ft_s2,next_time,10,10,2,4.046871662139893,2026-09-14T21:47:51
BPI20ID,pfm_ft_s2,next_time,100,100,0,3.9295809268951416,2026-09-14T21:43:29
BPI20ID,pfm_ft_s2,next_time,100,100,1,3.983429193496704,2026-09-14T21:47:11
BPI20ID,pfm_ft_s2,next_time,100,100,2,4.052093982696533,2026-09-14T21:47:51
BPI20ID,pfm_ft_s2,next_time,1000,1000,0,3.6920077800750732,2026-09-14T21:43:29
BPI20ID,pfm_ft_s2,next_time,1000,1000,1,4.381654739379883,2026-09-14T21:47:11
BPI20ID,pfm_ft_s2,next_time,1000,1000,2,3.848179817199707,2026-09-14T21:47:51
BPI20ID,pfm_ft_s2,next_time,30,30,0,4.203941345214844,2026-09-14T21:43:29
BPI20ID,pfm_ft_s2,next_time,30,30,1,3.6842238903045654,2026-09-14T21:47:11
BPI20ID,pfm_ft_s2,next_time,30,30,2,4.139433860778809,2026-09-14T21:47:51
BPI20ID,pfm_ft_s2,next_time,300,300,0,3.6892004013061523,2026-09-14T21:43:29
BPI20ID,pfm_ft_s2,next_time,300,300,1,3.6074931621551514,2026-09-14T21:47:11
BPI20ID,pfm_ft_s2,next_time,300,300,2,3.865128993988037,2026-09-14T21:47:51
BPI20ID,pfm_ft_s2,next_time,5000,4514,0,3.6110174655914307,2026-09-14T21:43:29
BPI20ID,pfm_ft_s2,next_time,5000,4514,1,3.543349504470825,2026-09-14T21:47:11
BPI20ID,pfm_ft_s2,next_time,5000,4514,2,3.730170488357544,2026-09-14T21:47:51
BPI20ID,pfm_ft_s2,next_time,all,4514,0,3.6110174655914307,2026-09-14T21:43:29
BPI20ID,pfm_ft_s2,next_time,all,4514,1,3.543349504470825,2026-09-14T21:47:11
BPI20ID,pfm_ft_s2,next_time,all,4514,2,3.730170488357544,2026-09-14T21:47:51
BPI20ID,pfm_ft_s2,remaining_count,0,0,0,5.319225311279297,2026-09-14T21:43:29
BPI20ID,pfm_ft_s2,remaining_count,0,0,1,5.506572246551514,2026-09-14T21:47:11
BPI20ID,pfm_ft_s2,remaining_count,0,0,2,5.657192230224609,2026-09-14T21:47:51
BPI20ID,pfm_ft_s2,remaining_count,10,10,0,1.4012081623077393,2026-09-14T21:43:29
BPI20ID,pfm_ft_s2,remaining_count,10,10,1,1.3407925367355347,2026-09-14T21:47:11
BPI20ID,pfm_ft_s2,remaining_count,10,10,2,1.5501641035079956,2026-09-14T21:47:51
BPI20ID,pfm_ft_s2,remaining_count,100,100,0,0.9858560562133789,2026-09-14T21:43:29
BPI20ID,pfm_ft_s2,remaining_count,100,100,1,1.0706485509872437,2026-09-14T21:47:11
BPI20ID,pfm_ft_s2,remaining_count,100,100,2,1.0447417497634888,2026-09-14T21:47:51
BPI20ID,pfm_ft_s2,remaining_count,1000,1000,0,1.1354479789733887,2026-09-14T21:43:29
BPI20ID,pfm_ft_s2,remaining_count,1000,1000,1,1.0644737482070923,2026-09-14T21:47:11
BPI20ID,pfm_ft_s2,remaining_count,1000,1000,2,1.00067937374115,2026-09-14T21:47:51
BPI20ID,pfm_ft_s2,remaining_count,30,30,0,1.1008926630020142,2026-09-14T21:43:29
BPI20ID,pfm_ft_s2,remaining_count,30,30,1,1.1301597356796265,2026-09-14T21:47:11
BPI20ID,pfm_ft_s2,remaining_count,30,30,2,1.182314157485962,2026-09-14T21:47:51
BPI20ID,pfm_ft_s2,remaining_count,300,300,0,1.0075207948684692,2026-09-14T21:43:29
BPI20ID,pfm_ft_s2,remaining_count,300,300,1,0.9435070753097534,2026-09-14T21:47:11
BPI20ID,pfm_ft_s2,remaining_count,300,300,2,0.9965887069702148,2026-09-14T21:47:51
BPI20ID,pfm_ft_s2,remaining_count,5000,4514,0,1.0373332500457764,2026-09-14T21:43:29
BPI20ID,pfm_ft_s2,remaining_count,5000,4514,1,0.9204471111297607,2026-09-14T21:47:11
BPI20ID,pfm_ft_s2,remaining_count,5000,4514,2,1.0201841592788696,2026-09-14T21:47:51
BPI20ID,pfm_ft_s2,remaining_count,all,4514,0,1.0373332500457764,2026-09-14T21:43:29
BPI20ID,pfm_ft_s2,remaining_count,all,4514,1,0.9204471111297607,2026-09-14T21:47:11
BPI20ID,pfm_ft_s2,remaining_count,all,4514,2,1.0201841592788696,2026-09-14T21:47:51
BPI20ID,pfm_ft_s2,remaining_time,0,0,0,24.252681732177734,2026-09-14T21:43:29
BPI20ID,pfm_ft_s2,remaining_time,0,0,1,24.252685546875,2026-09-14T21:47:11
BPI20ID,pfm_ft_s2,remaining_time,0,0,2,24.252687454223633,2026-09-14T21:47:51
BPI20ID,pfm_ft_s2,remaining_time,10,10,0,17.74566078186035,2026-09-14T21:43:29
BPI20ID,pfm_ft_s2,remaining_time,10,10,1,17.130268096923828,2026-09-14T21:47:11
BPI20ID,pfm_ft_s2,remaining_time,10,10,2,14.700011253356934,2026-09-14T21:47:51
BPI20ID,pfm_ft_s2,remaining_time,100,100,0,13.585222244262695,2026-09-14T21:43:29
BPI20ID,pfm_ft_s2,remaining_time,100,100,1,13.610352516174316,2026-09-14T21:47:11
BPI20ID,pfm_ft_s2,remaining_time,100,100,2,14.802713394165039,2026-09-14T21:47:51
BPI20ID,pfm_ft_s2,remaining_time,1000,1000,0,14.104109764099121,2026-09-14T21:43:29
BPI20ID,pfm_ft_s2,remaining_time,1000,1000,1,13.963613510131836,2026-09-14T21:47:11
BPI20ID,pfm_ft_s2,remaining_time,1000,1000,2,13.56484603881836,2026-09-14T21:47:51
BPI20ID,pfm_ft_s2,remaining_time,30,30,0,17.701753616333008,2026-09-14T21:43:29
BPI20ID,pfm_ft_s2,remaining_time,30,30,1,13.584624290466309,2026-09-14T21:47:11
BPI20ID,pfm_ft_s2,remaining_time,30,30,2,12.445188522338867,2026-09-14T21:47:51
BPI20ID,pfm_ft_s2,remaining_time,300,300,0,13.396754264831543,2026-09-14T21:43:29
BPI20ID,pfm_ft_s2,remaining_time,300,300,1,16.52301597595215,2026-09-14T21:47:11
BPI20ID,pfm_ft_s2,remaining_time,300,300,2,14.593246459960938,2026-09-14T21:47:51
BPI20ID,pfm_ft_s2,remaining_time,5000,4514,0,14.183002471923828,2026-09-14T21:43:29
BPI20ID,pfm_ft_s2,remaining_time,5000,4514,1,14.219475746154785,2026-09-14T21:47:11
BPI20ID,pfm_ft_s2,remaining_time,5000,4514,2,12.547871589660645,2026-09-14T21:47:51
BPI20ID,pfm_ft_s2,remaining_time,all,4514,0,14.183002471923828,2026-09-14T21:43:29
BPI20ID,pfm_ft_s2,remaining_time,all,4514,1,14.219475746154785,2026-09-14T21:47:11
BPI20ID,pfm_ft_s2,remaining_time,all,4514,2,12.547871589660645,2026-09-14T21:47:51
BPI20ID,pfm_rft,future_activity_set,0,0,0,0.1850503534078598,2026-09-07T21:57:26
BPI20ID,pfm_rft,future_activity_set,0,0,1,0.16817283630371094,2026-09-07T21:54:05
BPI20ID,pfm_rft,future_activity_set,0,0,2,0.1935950517654419,2026-09-07T21:54:50
BPI20ID,pfm_rft,future_activity_set,10,10,0,0.7837096452713013,2026-09-07T21:57:26
BPI20ID,pfm_rft,future_activity_set,10,10,1,0.8142068982124329,2026-09-07T21:54:05
BPI20ID,pfm_rft,future_activity_set,10,10,2,0.726868212223053,2026-09-07T21:54:50
BPI20ID,pfm_rft,future_activity_set,100,100,0,0.7834473848342896,2026-09-07T21:57:26
BPI20ID,pfm_rft,future_activity_set,100,100,1,0.6754624247550964,2026-09-07T21:54:05
BPI20ID,pfm_rft,future_activity_set,100,100,2,0.8197299242019653,2026-09-07T21:54:50
BPI20ID,pfm_rft,future_activity_set,1000,1000,0,0.8718715906143188,2026-09-07T21:57:26
BPI20ID,pfm_rft,future_activity_set,1000,1000,1,0.8790680766105652,2026-09-07T21:54:05
BPI20ID,pfm_rft,future_activity_set,1000,1000,2,0.8853611946105957,2026-09-07T21:54:50
BPI20ID,pfm_rft,future_activity_set,30,30,0,0.7867279648780823,2026-09-07T21:57:26
BPI20ID,pfm_rft,future_activity_set,30,30,1,0.8137940764427185,2026-09-07T21:54:05
BPI20ID,pfm_rft,future_activity_set,30,30,2,0.7928571701049805,2026-09-07T21:54:50
BPI20ID,pfm_rft,future_activity_set,300,300,0,0.8523563146591187,2026-09-07T21:57:26
BPI20ID,pfm_rft,future_activity_set,300,300,1,0.8391009569168091,2026-09-07T21:54:05
BPI20ID,pfm_rft,future_activity_set,300,300,2,0.8484887480735779,2026-09-07T21:54:50
BPI20ID,pfm_rft,future_activity_set,5000,4514,0,0.9001396298408508,2026-09-07T21:57:26
BPI20ID,pfm_rft,future_activity_set,5000,4514,1,0.9083393812179565,2026-09-07T21:54:05
BPI20ID,pfm_rft,future_activity_set,5000,4514,2,0.8956860899925232,2026-09-07T21:54:50
BPI20ID,pfm_rft,future_activity_set,all,4514,0,0.9001396298408508,2026-09-07T21:57:26
BPI20ID,pfm_rft,future_activity_set,all,4514,1,0.9083393812179565,2026-09-07T21:54:05
BPI20ID,pfm_rft,future_activity_set,all,4514,2,0.8956860899925232,2026-09-07T21:54:50
BPI20ID,pfm_rft,next_3_activities,0,0,0,0.02221035771071911,2026-09-07T21:57:26
BPI20ID,pfm_rft,next_3_activities,0,0,1,0.051575012505054474,2026-09-07T21:54:05
BPI20ID,pfm_rft,next_3_activities,0,0,2,0.06328528374433517,2026-09-07T21:54:50
BPI20ID,pfm_rft,next_3_activities,10,10,0,0.5843032598495483,2026-09-07T21:57:26
BPI20ID,pfm_rft,next_3_activities,10,10,1,0.5613454580307007,2026-09-07T21:54:05
BPI20ID,pfm_rft,next_3_activities,10,10,2,0.40213561058044434,2026-09-07T21:54:50
BPI20ID,pfm_rft,next_3_activities,100,100,0,0.6632852554321289,2026-09-07T21:57:26
BPI20ID,pfm_rft,next_3_activities,100,100,1,0.6551699638366699,2026-09-07T21:54:05
BPI20ID,pfm_rft,next_3_activities,100,100,2,0.6357715129852295,2026-09-07T21:54:50
BPI20ID,pfm_rft,next_3_activities,1000,1000,0,0.733155369758606,2026-09-07T21:57:26
BPI20ID,pfm_rft,next_3_activities,1000,1000,1,0.7494215965270996,2026-09-07T21:54:05
BPI20ID,pfm_rft,next_3_activities,1000,1000,2,0.7166043519973755,2026-09-07T21:54:50
BPI20ID,pfm_rft,next_3_activities,30,30,0,0.6501156687736511,2026-09-07T21:57:26
BPI20ID,pfm_rft,next_3_activities,30,30,1,0.640932559967041,2026-09-07T21:54:05
BPI20ID,pfm_rft,next_3_activities,30,30,2,0.5430859327316284,2026-09-07T21:54:50
BPI20ID,pfm_rft,next_3_activities,300,300,0,0.7024737596511841,2026-09-07T21:57:26
BPI20ID,pfm_rft,next_3_activities,300,300,1,0.7014771103858948,2026-09-07T21:54:05
BPI20ID,pfm_rft,next_3_activities,300,300,2,0.6925431489944458,2026-09-07T21:54:50
BPI20ID,pfm_rft,next_3_activities,5000,4514,0,0.7620573043823242,2026-09-07T21:57:26
BPI20ID,pfm_rft,next_3_activities,5000,4514,1,0.7576081156730652,2026-09-07T21:54:05
BPI20ID,pfm_rft,next_3_activities,5000,4514,2,0.753230094909668,2026-09-07T21:54:50
BPI20ID,pfm_rft,next_3_activities,all,4514,0,0.7620573043823242,2026-09-07T21:57:26
BPI20ID,pfm_rft,next_3_activities,all,4514,1,0.7576081156730652,2026-09-07T21:54:05
BPI20ID,pfm_rft,next_3_activities,all,4514,2,0.753230094909668,2026-09-07T21:54:50
BPI20ID,pfm_rft,next_5_activities,0,0,0,0.023794211447238922,2026-09-07T21:57:26
BPI20ID,pfm_rft,next_5_activities,0,0,1,0.054638560861349106,2026-09-07T21:54:05
BPI20ID,pfm_rft,next_5_activities,0,0,2,0.04318208992481232,2026-09-07T21:54:50
BPI20ID,pfm_rft,next_5_activities,10,10,0,0.49841609597206116,2026-09-07T21:57:26
BPI20ID,pfm_rft,next_5_activities,10,10,1,0.519566535949707,2026-09-07T21:54:05
BPI20ID,pfm_rft,next_5_activities,10,10,2,0.3516494035720825,2026-09-07T21:54:50
BPI20ID,pfm_rft,next_5_activities,100,100,0,0.5951887369155884,2026-09-07T21:57:26
BPI20ID,pfm_rft,next_5_activities,100,100,1,0.5999761819839478,2026-09-07T21:54:05
BPI20ID,pfm_rft,next_5_activities,100,100,2,0.5731094479560852,2026-09-07T21:54:50
BPI20ID,pfm_rft,next_5_activities,1000,1000,0,0.644515872001648,2026-09-07T21:57:26
BPI20ID,pfm_rft,next_5_activities,1000,1000,1,0.6583303809165955,2026-09-07T21:54:05
BPI20ID,pfm_rft,next_5_activities,1000,1000,2,0.6587828993797302,2026-09-07T21:54:50
BPI20ID,pfm_rft,next_5_activities,30,30,0,0.5733476281166077,2026-09-07T21:57:26
BPI20ID,pfm_rft,next_5_activities,30,30,1,0.5616768002510071,2026-09-07T21:54:05
BPI20ID,pfm_rft,next_5_activities,30,30,2,0.472549706697464,2026-09-07T21:54:50
BPI20ID,pfm_rft,next_5_activities,300,300,0,0.6145766377449036,2026-09-07T21:57:26
BPI20ID,pfm_rft,next_5_activities,300,300,1,0.623818039894104,2026-09-07T21:54:05
BPI20ID,pfm_rft,next_5_activities,300,300,2,0.6240800023078918,2026-09-07T21:54:50
BPI20ID,pfm_rft,next_5_activities,5000,4514,0,0.6819102168083191,2026-09-07T21:57:26
BPI20ID,pfm_rft,next_5_activities,5000,4514,1,0.6859830617904663,2026-09-07T21:54:05
BPI20ID,pfm_rft,next_5_activities,5000,4514,2,0.7055853009223938,2026-09-07T21:54:50
BPI20ID,pfm_rft,next_5_activities,all,4514,0,0.6819102168083191,2026-09-07T21:57:26
BPI20ID,pfm_rft,next_5_activities,all,4514,1,0.6859830617904663,2026-09-07T21:54:05
BPI20ID,pfm_rft,next_5_activities,all,4514,2,0.7055853009223938,2026-09-07T21:54:50
BPI20ID,pfm_rft,next_activity,0,0,0,0.02477499283850193,2026-09-07T21:57:26
BPI20ID,pfm_rft,next_activity,0,0,1,0.012774605304002762,2026-09-07T21:54:05
BPI20ID,pfm_rft,next_activity,0,0,2,0.09484177082777023,2026-09-07T21:54:50
BPI20ID,pfm_rft,next_activity,10,10,0,0.7626052498817444,2026-09-07T21:57:26
BPI20ID,pfm_rft,next_activity,10,10,1,0.6803445219993591,2026-09-07T21:54:05
BPI20ID,pfm_rft,next_activity,10,10,2,0.5234684944152832,2026-09-07T21:54:50
BPI20ID,pfm_rft,next_activity,100,100,0,0.8247362971305847,2026-09-07T21:57:26
BPI20ID,pfm_rft,next_activity,100,100,1,0.7972515225410461,2026-09-07T21:54:05
BPI20ID,pfm_rft,next_activity,100,100,2,0.7673473358154297,2026-09-07T21:54:50
BPI20ID,pfm_rft,next_activity,1000,1000,0,0.8439949750900269,2026-09-07T21:57:26
BPI20ID,pfm_rft,next_activity,1000,1000,1,0.8450595140457153,2026-09-07T21:54:05
BPI20ID,pfm_rft,next_activity,1000,1000,2,0.8440917730331421,2026-09-07T21:54:50
BPI20ID,pfm_rft,next_activity,30,30,0,0.8054776191711426,2026-09-07T21:57:26
BPI20ID,pfm_rft,next_activity,30,30,1,0.7806058526039124,2026-09-07T21:54:05
BPI20ID,pfm_rft,next_activity,30,30,2,0.7204103469848633,2026-09-07T21:54:50
BPI20ID,pfm_rft,next_activity,300,300,0,0.8482531905174255,2026-09-07T21:57:26
BPI20ID,pfm_rft,next_activity,300,300,1,0.8208652138710022,2026-09-07T21:54:05
BPI20ID,pfm_rft,next_activity,300,300,2,0.8274460434913635,2026-09-07T21:54:50
BPI20ID,pfm_rft,next_activity,5000,4514,0,0.8459305167198181,2026-09-07T21:57:26
BPI20ID,pfm_rft,next_activity,5000,4514,1,0.8628665208816528,2026-09-07T21:54:05
BPI20ID,pfm_rft,next_activity,5000,4514,2,0.8433175086975098,2026-09-07T21:54:50
BPI20ID,pfm_rft,next_activity,all,4514,0,0.8459305167198181,2026-09-07T21:57:26
BPI20ID,pfm_rft,next_activity,all,4514,1,0.8628665208816528,2026-09-07T21:54:05
BPI20ID,pfm_rft,next_activity,all,4514,2,0.8433175086975098,2026-09-07T21:54:50
BPI20ID,pfm_rft,next_time,0,0,0,4.647221565246582,2026-09-07T21:57:26
BPI20ID,pfm_rft,next_time,0,0,1,4.647222518920898,2026-09-07T21:54:05
BPI20ID,pfm_rft,next_time,0,0,2,4.647223472595215,2026-09-07T21:54:50
BPI20ID,pfm_rft,next_time,10,10,0,3.9084455966949463,2026-09-07T21:57:26
BPI20ID,pfm_rft,next_time,10,10,1,3.8918304443359375,2026-09-07T21:54:05
BPI20ID,pfm_rft,next_time,10,10,2,3.8321900367736816,2026-09-07T21:54:50
BPI20ID,pfm_rft,next_time,100,100,0,4.228823661804199,2026-09-07T21:57:26
BPI20ID,pfm_rft,next_time,100,100,1,3.7198588848114014,2026-09-07T21:54:05
BPI20ID,pfm_rft,next_time,100,100,2,4.180983543395996,2026-09-07T21:54:50
BPI20ID,pfm_rft,next_time,1000,1000,0,3.70099139213562,2026-09-07T21:57:26
BPI20ID,pfm_rft,next_time,1000,1000,1,3.610337018966675,2026-09-07T21:54:05
BPI20ID,pfm_rft,next_time,1000,1000,2,3.6088192462921143,2026-09-07T21:54:50
BPI20ID,pfm_rft,next_time,30,30,0,4.09390926361084,2026-09-07T21:57:26
BPI20ID,pfm_rft,next_time,30,30,1,3.8157362937927246,2026-09-07T21:54:05
BPI20ID,pfm_rft,next_time,30,30,2,3.80653977394104,2026-09-07T21:54:50
BPI20ID,pfm_rft,next_time,300,300,0,3.80010724067688,2026-09-07T21:57:26
BPI20ID,pfm_rft,next_time,300,300,1,3.4928793907165527,2026-09-07T21:54:05
BPI20ID,pfm_rft,next_time,300,300,2,3.709218978881836,2026-09-07T21:54:50
BPI20ID,pfm_rft,next_time,5000,4514,0,3.637913227081299,2026-09-07T21:57:26
BPI20ID,pfm_rft,next_time,5000,4514,1,3.572735071182251,2026-09-07T21:54:05
BPI20ID,pfm_rft,next_time,5000,4514,2,3.6588656902313232,2026-09-07T21:54:50
BPI20ID,pfm_rft,next_time,all,4514,0,3.637913227081299,2026-09-07T21:57:26
BPI20ID,pfm_rft,next_time,all,4514,1,3.572735071182251,2026-09-07T21:54:05
BPI20ID,pfm_rft,next_time,all,4514,2,3.6588656902313232,2026-09-07T21:54:50
BPI20ID,pfm_rft,remaining_count,0,0,0,5.47084379196167,2026-09-07T21:57:26
BPI20ID,pfm_rft,remaining_count,0,0,1,5.534876823425293,2026-09-07T21:54:05
BPI20ID,pfm_rft,remaining_count,0,0,2,5.7162628173828125,2026-09-07T21:54:50
BPI20ID,pfm_rft,remaining_count,10,10,0,1.5550709962844849,2026-09-07T21:57:26
BPI20ID,pfm_rft,remaining_count,10,10,1,1.4307775497436523,2026-09-07T21:54:05
BPI20ID,pfm_rft,remaining_count,10,10,2,1.8061891794204712,2026-09-07T21:54:50
BPI20ID,pfm_rft,remaining_count,100,100,0,1.19890296459198,2026-09-07T21:57:26
BPI20ID,pfm_rft,remaining_count,100,100,1,1.1316670179367065,2026-09-07T21:54:05
BPI20ID,pfm_rft,remaining_count,100,100,2,1.2700026035308838,2026-09-07T21:54:50
BPI20ID,pfm_rft,remaining_count,1000,1000,0,1.0491505861282349,2026-09-07T21:57:26
BPI20ID,pfm_rft,remaining_count,1000,1000,1,1.1715426445007324,2026-09-07T21:54:05
BPI20ID,pfm_rft,remaining_count,1000,1000,2,1.1135660409927368,2026-09-07T21:54:50
BPI20ID,pfm_rft,remaining_count,30,30,0,1.2709019184112549,2026-09-07T21:57:26
BPI20ID,pfm_rft,remaining_count,30,30,1,1.2349748611450195,2026-09-07T21:54:05
BPI20ID,pfm_rft,remaining_count,30,30,2,1.3970383405685425,2026-09-07T21:54:50
BPI20ID,pfm_rft,remaining_count,300,300,0,1.0876076221466064,2026-09-07T21:57:26
BPI20ID,pfm_rft,remaining_count,300,300,1,1.0602283477783203,2026-09-07T21:54:05
BPI20ID,pfm_rft,remaining_count,300,300,2,1.2041563987731934,2026-09-07T21:54:50
BPI20ID,pfm_rft,remaining_count,5000,4514,0,1.0182451009750366,2026-09-07T21:57:26
BPI20ID,pfm_rft,remaining_count,5000,4514,1,1.2751030921936035,2026-09-07T21:54:05
BPI20ID,pfm_rft,remaining_count,5000,4514,2,1.0917062759399414,2026-09-07T21:54:50
BPI20ID,pfm_rft,remaining_count,all,4514,0,1.0182451009750366,2026-09-07T21:57:26
BPI20ID,pfm_rft,remaining_count,all,4514,1,1.2751030921936035,2026-09-07T21:54:05
BPI20ID,pfm_rft,remaining_count,all,4514,2,1.0917062759399414,2026-09-07T21:54:50
BPI20ID,pfm_rft,remaining_time,0,0,0,24.252685546875,2026-09-07T21:57:26
BPI20ID,pfm_rft,remaining_time,0,0,1,24.252687454223633,2026-09-07T21:54:05
BPI20ID,pfm_rft,remaining_time,0,0,2,24.252687454223633,2026-09-07T21:54:50
BPI20ID,pfm_rft,remaining_time,10,10,0,22.650379180908203,2026-09-07T21:57:26
BPI20ID,pfm_rft,remaining_time,10,10,1,15.288182258605957,2026-09-07T21:54:05
BPI20ID,pfm_rft,remaining_time,10,10,2,18.69247817993164,2026-09-07T21:54:50
BPI20ID,pfm_rft,remaining_time,100,100,0,16.595327377319336,2026-09-07T21:57:26
BPI20ID,pfm_rft,remaining_time,100,100,1,15.240683555603027,2026-09-07T21:54:05
BPI20ID,pfm_rft,remaining_time,100,100,2,12.69864559173584,2026-09-07T21:54:50
BPI20ID,pfm_rft,remaining_time,1000,1000,0,14.900660514831543,2026-09-07T21:57:26
BPI20ID,pfm_rft,remaining_time,1000,1000,1,13.926756858825684,2026-09-07T21:54:05
BPI20ID,pfm_rft,remaining_time,1000,1000,2,13.557649612426758,2026-09-07T21:54:50
BPI20ID,pfm_rft,remaining_time,30,30,0,15.718955039978027,2026-09-07T21:57:26
BPI20ID,pfm_rft,remaining_time,30,30,1,12.666104316711426,2026-09-07T21:54:05
BPI20ID,pfm_rft,remaining_time,30,30,2,19.036029815673828,2026-09-07T21:54:50
BPI20ID,pfm_rft,remaining_time,300,300,0,13.852705001831055,2026-09-07T21:57:26
BPI20ID,pfm_rft,remaining_time,300,300,1,12.10164737701416,2026-09-07T21:54:05
BPI20ID,pfm_rft,remaining_time,300,300,2,13.69829273223877,2026-09-07T21:54:50
BPI20ID,pfm_rft,remaining_time,5000,4514,0,12.421268463134766,2026-09-07T21:57:26
BPI20ID,pfm_rft,remaining_time,5000,4514,1,12.807005882263184,2026-09-07T21:54:05
BPI20ID,pfm_rft,remaining_time,5000,4514,2,12.791888236999512,2026-09-07T21:54:50
BPI20ID,pfm_rft,remaining_time,all,4514,0,12.421268463134766,2026-09-07T21:57:26
BPI20ID,pfm_rft,remaining_time,all,4514,1,12.807005882263184,2026-09-07T21:54:05
BPI20ID,pfm_rft,remaining_time,all,4514,2,12.791888236999512,2026-09-07T21:54:50
BPI20ID,pfm_s2,future_activity_set,0,0,0,0.2626873254776001,2026-09-14T21:46:08
BPI20ID,pfm_s2,future_activity_set,0,0,1,0.1862143725156784,2026-09-14T21:49:06
BPI20ID,pfm_s2,future_activity_set,0,0,2,0.21138399839401245,2026-09-14T21:47:33
BPI20ID,pfm_s2,future_activity_set,10,10,0,0.8002782464027405,2026-09-14T21:46:08
BPI20ID,pfm_s2,future_activity_set,10,10,1,0.8174915313720703,2026-09-14T21:49:06
BPI20ID,pfm_s2,future_activity_set,10,10,2,0.7719358205795288,2026-09-14T21:47:33
BPI20ID,pfm_s2,future_activity_set,100,100,0,0.7976447939872742,2026-09-14T21:46:08
BPI20ID,pfm_s2,future_activity_set,100,100,1,0.7978965044021606,2026-09-14T21:49:06
BPI20ID,pfm_s2,future_activity_set,100,100,2,0.8163408041000366,2026-09-14T21:47:33
BPI20ID,pfm_s2,future_activity_set,1000,1000,0,0.8483511805534363,2026-09-14T21:46:08
BPI20ID,pfm_s2,future_activity_set,1000,1000,1,0.8269239664077759,2026-09-14T21:49:06
BPI20ID,pfm_s2,future_activity_set,1000,1000,2,0.8393293023109436,2026-09-14T21:47:33
BPI20ID,pfm_s2,future_activity_set,30,30,0,0.7928020358085632,2026-09-14T21:46:08
BPI20ID,pfm_s2,future_activity_set,30,30,1,0.8270443081855774,2026-09-14T21:49:06
BPI20ID,pfm_s2,future_activity_set,30,30,2,0.7763167023658752,2026-09-14T21:47:33
BPI20ID,pfm_s2,future_activity_set,300,300,0,0.8477946519851685,2026-09-14T21:46:08
BPI20ID,pfm_s2,future_activity_set,300,300,1,0.8394675850868225,2026-09-14T21:49:06
BPI20ID,pfm_s2,future_activity_set,300,300,2,0.8415528535842896,2026-09-14T21:47:33
BPI20ID,pfm_s2,future_activity_set,5000,4514,0,0.8609493374824524,2026-09-14T21:46:08
BPI20ID,pfm_s2,future_activity_set,5000,4514,1,0.8513675928115845,2026-09-14T21:49:06
BPI20ID,pfm_s2,future_activity_set,5000,4514,2,0.8618800640106201,2026-09-14T21:47:33
BPI20ID,pfm_s2,future_activity_set,all,4514,0,0.8609493374824524,2026-09-14T21:46:08
BPI20ID,pfm_s2,future_activity_set,all,4514,1,0.8513675928115845,2026-09-14T21:49:06
BPI20ID,pfm_s2,future_activity_set,all,4514,2,0.8618800640106201,2026-09-14T21:47:33
BPI20ID,pfm_s2,next_3_activities,0,0,0,0.07001245766878128,2026-09-14T21:46:08
BPI20ID,pfm_s2,next_3_activities,0,0,1,0.022067982703447342,2026-09-14T21:49:06
BPI20ID,pfm_s2,next_3_activities,0,0,2,0.022174764424562454,2026-09-14T21:47:33
BPI20ID,pfm_s2,next_3_activities,10,10,0,0.6048406958580017,2026-09-14T21:46:08
BPI20ID,pfm_s2,next_3_activities,10,10,1,0.5403096675872803,2026-09-14T21:49:06
BPI20ID,pfm_s2,next_3_activities,10,10,2,0.40220680832862854,2026-09-14T21:47:33
BPI20ID,pfm_s2,next_3_activities,100,100,0,0.6110339760780334,2026-09-14T21:46:08
BPI20ID,pfm_s2,next_3_activities,100,100,1,0.5684285163879395,2026-09-14T21:49:06
BPI20ID,pfm_s2,next_3_activities,100,100,2,0.5972592830657959,2026-09-14T21:47:33
BPI20ID,pfm_s2,next_3_activities,1000,1000,0,0.6524292826652527,2026-09-14T21:46:08
BPI20ID,pfm_s2,next_3_activities,1000,1000,1,0.6513258814811707,2026-09-14T21:49:06
BPI20ID,pfm_s2,next_3_activities,1000,1000,2,0.6373019814491272,2026-09-14T21:47:33
BPI20ID,pfm_s2,next_3_activities,30,30,0,0.5745506286621094,2026-09-14T21:46:08
BPI20ID,pfm_s2,next_3_activities,30,30,1,0.5850507020950317,2026-09-14T21:49:06
BPI20ID,pfm_s2,next_3_activities,30,30,2,0.5230467915534973,2026-09-14T21:47:33
BPI20ID,pfm_s2,next_3_activities,300,300,0,0.6322121620178223,2026-09-14T21:46:08
BPI20ID,pfm_s2,next_3_activities,300,300,1,0.6472325921058655,2026-09-14T21:49:06
BPI20ID,pfm_s2,next_3_activities,300,300,2,0.6314646601676941,2026-09-14T21:47:33
BPI20ID,pfm_s2,next_3_activities,5000,4514,0,0.6738565564155579,2026-09-14T21:46:08
BPI20ID,pfm_s2,next_3_activities,5000,4514,1,0.6685886979103088,2026-09-14T21:49:06
BPI20ID,pfm_s2,next_3_activities,5000,4514,2,0.6638903617858887,2026-09-14T21:47:33
BPI20ID,pfm_s2,next_3_activities,all,4514,0,0.6738565564155579,2026-09-14T21:46:08
BPI20ID,pfm_s2,next_3_activities,all,4514,1,0.6685886979103088,2026-09-14T21:49:06
BPI20ID,pfm_s2,next_3_activities,all,4514,2,0.6638903617858887,2026-09-14T21:47:33
BPI20ID,pfm_s2,next_5_activities,0,0,0,0.07776586711406708,2026-09-14T21:46:08
BPI20ID,pfm_s2,next_5_activities,0,0,1,0.017244253307580948,2026-09-14T21:49:06
BPI20ID,pfm_s2,next_5_activities,0,0,2,0.043872810900211334,2026-09-14T21:47:33
BPI20ID,pfm_s2,next_5_activities,10,10,0,0.5105394721031189,2026-09-14T21:46:08
BPI20ID,pfm_s2,next_5_activities,10,10,1,0.48800763487815857,2026-09-14T21:49:06
BPI20ID,pfm_s2,next_5_activities,10,10,2,0.3392163813114166,2026-09-14T21:47:33
BPI20ID,pfm_s2,next_5_activities,100,100,0,0.547147810459137,2026-09-14T21:46:08
BPI20ID,pfm_s2,next_5_activities,100,100,1,0.5160176157951355,2026-09-14T21:49:06
BPI20ID,pfm_s2,next_5_activities,100,100,2,0.5334286093711853,2026-09-14T21:47:33
BPI20ID,pfm_s2,next_5_activities,1000,1000,0,0.5917351245880127,2026-09-14T21:46:08
BPI20ID,pfm_s2,next_5_activities,1000,1000,1,0.5941646099090576,2026-09-14T21:49:06
BPI20ID,pfm_s2,next_5_activities,1000,1000,2,0.5782541632652283,2026-09-14T21:47:33
BPI20ID,pfm_s2,next_5_activities,30,30,0,0.509777307510376,2026-09-14T21:46:08
BPI20ID,pfm_s2,next_5_activities,30,30,1,0.519566535949707,2026-09-14T21:49:06
BPI20ID,pfm_s2,next_5_activities,30,30,2,0.4440871775150299,2026-09-14T21:47:33
BPI20ID,pfm_s2,next_5_activities,300,300,0,0.5642491579055786,2026-09-14T21:46:08
BPI20ID,pfm_s2,next_5_activities,300,300,1,0.571727991104126,2026-09-14T21:49:06
BPI20ID,pfm_s2,next_5_activities,300,300,2,0.5679409503936768,2026-09-14T21:47:33
BPI20ID,pfm_s2,next_5_activities,5000,4514,0,0.5971180200576782,2026-09-14T21:46:08
BPI20ID,pfm_s2,next_5_activities,5000,4514,1,0.5978801846504211,2026-09-14T21:49:06
BPI20ID,pfm_s2,next_5_activities,5000,4514,2,0.5969513058662415,2026-09-14T21:47:33
BPI20ID,pfm_s2,next_5_activities,all,4514,0,0.5971180200576782,2026-09-14T21:46:08
BPI20ID,pfm_s2,next_5_activities,all,4514,1,0.5978801846504211,2026-09-14T21:49:06
BPI20ID,pfm_s2,next_5_activities,all,4514,2,0.5969513058662415,2026-09-14T21:47:33
BPI20ID,pfm_s2,next_activity,0,0,0,0.01935546286404133,2026-09-14T21:46:08
BPI20ID,pfm_s2,next_activity,0,0,1,0.022936223074793816,2026-09-14T21:49:06
BPI20ID,pfm_s2,next_activity,0,0,2,0.00987128634005785,2026-09-14T21:47:33
BPI20ID,pfm_s2,next_activity,10,10,0,0.7372496128082275,2026-09-14T21:46:08
BPI20ID,pfm_s2,next_activity,10,10,1,0.6519887447357178,2026-09-14T21:49:06
BPI20ID,pfm_s2,next_activity,10,10,2,0.5369205474853516,2026-09-14T21:47:33
BPI20ID,pfm_s2,next_activity,100,100,0,0.744217574596405,2026-09-14T21:46:08
BPI20ID,pfm_s2,next_activity,100,100,1,0.6909900307655334,2026-09-14T21:49:06
BPI20ID,pfm_s2,next_activity,100,100,2,0.7032807469367981,2026-09-14T21:47:33
BPI20ID,pfm_s2,next_activity,1000,1000,0,0.7332817316055298,2026-09-14T21:46:08
BPI20ID,pfm_s2,next_activity,1000,1000,1,0.7637665867805481,2026-09-14T21:49:06
BPI20ID,pfm_s2,next_activity,1000,1000,2,0.746346652507782,2026-09-14T21:47:33
BPI20ID,pfm_s2,next_activity,30,30,0,0.7123778462409973,2026-09-14T21:46:08
BPI20ID,pfm_s2,next_activity,30,30,1,0.7222490906715393,2026-09-14T21:49:06
BPI20ID,pfm_s2,next_activity,30,30,2,0.6686344742774963,2026-09-14T21:47:33
BPI20ID,pfm_s2,next_activity,300,300,0,0.763089120388031,2026-09-14T21:46:08
BPI20ID,pfm_s2,next_activity,300,300,1,0.7818639278411865,2026-09-14T21:49:06
BPI20ID,pfm_s2,next_activity,300,300,2,0.7690893411636353,2026-09-14T21:47:33
BPI20ID,pfm_s2,next_activity,5000,4514,0,0.7417981028556824,2026-09-14T21:46:08
BPI20ID,pfm_s2,next_activity,5000,4514,1,0.7597019076347351,2026-09-14T21:49:06
BPI20ID,pfm_s2,next_activity,5000,4514,2,0.7403464913368225,2026-09-14T21:47:33
BPI20ID,pfm_s2,next_activity,all,4514,0,0.7417981028556824,2026-09-14T21:46:08
BPI20ID,pfm_s2,next_activity,all,4514,1,0.7597019076347351,2026-09-14T21:49:06
BPI20ID,pfm_s2,next_activity,all,4514,2,0.7403464913368225,2026-09-14T21:47:33
BPI20ID,pfm_s2,next_time,0,0,0,4.647219657897949,2026-09-14T21:46:08
BPI20ID,pfm_s2,next_time,0,0,1,4.647222518920898,2026-09-14T21:49:06
BPI20ID,pfm_s2,next_time,0,0,2,4.647223472595215,2026-09-14T21:47:33
BPI20ID,pfm_s2,next_time,10,10,0,4.313385486602783,2026-09-14T21:46:08
BPI20ID,pfm_s2,next_time,10,10,1,4.48192834854126,2026-09-14T21:49:06
BPI20ID,pfm_s2,next_time,10,10,2,4.2839179039001465,2026-09-14T21:47:33
BPI20ID,pfm_s2,next_time,100,100,0,4.290908336639404,2026-09-14T21:46:08
BPI20ID,pfm_s2,next_time,100,100,1,4.138086318969727,2026-09-14T21:49:06
BPI20ID,pfm_s2,next_time,100,100,2,4.219846248626709,2026-09-14T21:47:33
BPI20ID,pfm_s2,next_time,1000,1000,0,3.6473259925842285,2026-09-14T21:46:08
BPI20ID,pfm_s2,next_time,1000,1000,1,3.802614450454712,2026-09-14T21:49:06
BPI20ID,pfm_s2,next_time,1000,1000,2,3.7217371463775635,2026-09-14T21:47:33
BPI20ID,pfm_s2,next_time,30,30,0,4.272043228149414,2026-09-14T21:46:08
BPI20ID,pfm_s2,next_time,30,30,1,4.168578624725342,2026-09-14T21:49:06
BPI20ID,pfm_s2,next_time,30,30,2,4.299678325653076,2026-09-14T21:47:33
BPI20ID,pfm_s2,next_time,300,300,0,4.083768367767334,2026-09-14T21:46:08
BPI20ID,pfm_s2,next_time,300,300,1,4.0147705078125,2026-09-14T21:49:06
BPI20ID,pfm_s2,next_time,300,300,2,4.105910778045654,2026-09-14T21:47:33
BPI20ID,pfm_s2,next_time,5000,4514,0,3.556227922439575,2026-09-14T21:46:08
BPI20ID,pfm_s2,next_time,5000,4514,1,3.5837740898132324,2026-09-14T21:49:06
BPI20ID,pfm_s2,next_time,5000,4514,2,3.608079195022583,2026-09-14T21:47:33
BPI20ID,pfm_s2,next_time,all,4514,0,3.556227922439575,2026-09-14T21:46:08
BPI20ID,pfm_s2,next_time,all,4514,1,3.5837740898132324,2026-09-14T21:49:06
BPI20ID,pfm_s2,next_time,all,4514,2,3.608079195022583,2026-09-14T21:47:33
BPI20ID,pfm_s2,remaining_count,0,0,0,5.319225311279297,2026-09-14T21:46:08
BPI20ID,pfm_s2,remaining_count,0,0,1,5.506572246551514,2026-09-14T21:49:06
BPI20ID,pfm_s2,remaining_count,0,0,2,5.657192230224609,2026-09-14T21:47:33
BPI20ID,pfm_s2,remaining_count,10,10,0,1.5753980875015259,2026-09-14T21:46:08
BPI20ID,pfm_s2,remaining_count,10,10,1,1.5640162229537964,2026-09-14T21:49:06
BPI20ID,pfm_s2,remaining_count,10,10,2,1.8218570947647095,2026-09-14T21:47:33
BPI20ID,pfm_s2,remaining_count,100,100,0,1.38563871383667,2026-09-14T21:46:08
BPI20ID,pfm_s2,remaining_count,100,100,1,1.394346833229065,2026-09-14T21:49:06
BPI20ID,pfm_s2,remaining_count,100,100,2,1.701621413230896,2026-09-14T21:47:33
BPI20ID,pfm_s2,remaining_count,1000,1000,0,1.2678885459899902,2026-09-14T21:46:08
BPI20ID,pfm_s2,remaining_count,1000,1000,1,1.3444421291351318,2026-09-14T21:49:06
BPI20ID,pfm_s2,remaining_count,1000,1000,2,1.3196622133255005,2026-09-14T21:47:33
BPI20ID,pfm_s2,remaining_count,30,30,0,1.521855115890503,2026-09-14T21:46:08
BPI20ID,pfm_s2,remaining_count,30,30,1,1.3942604064941406,2026-09-14T21:49:06
BPI20ID,pfm_s2,remaining_count,30,30,2,1.8624309301376343,2026-09-14T21:47:33
BPI20ID,pfm_s2,remaining_count,300,300,0,1.329368233680725,2026-09-14T21:46:08
BPI20ID,pfm_s2,remaining_count,300,300,1,1.39712655544281,2026-09-14T21:49:06
BPI20ID,pfm_s2,remaining_count,300,300,2,1.3106226921081543,2026-09-14T21:47:33
BPI20ID,pfm_s2,remaining_count,5000,4514,0,1.2170895338058472,2026-09-14T21:46:08
BPI20ID,pfm_s2,remaining_count,5000,4514,1,1.171645998954773,2026-09-14T21:49:06
BPI20ID,pfm_s2,remaining_count,5000,4514,2,1.202397108078003,2026-09-14T21:47:33
BPI20ID,pfm_s2,remaining_count,all,4514,0,1.2170895338058472,2026-09-14T21:46:08
BPI20ID,pfm_s2,remaining_count,all,4514,1,1.171645998954773,2026-09-14T21:49:06
BPI20ID,pfm_s2,remaining_count,all,4514,2,1.202397108078003,2026-09-14T21:47:33
BPI20ID,pfm_s2,remaining_time,0,0,0,24.252681732177734,2026-09-14T21:46:08
BPI20ID,pfm_s2,remaining_time,0,0,1,24.252685546875,2026-09-14T21:49:06
BPI20ID,pfm_s2,remaining_time,0,0,2,24.252687454223633,2026-09-14T21:47:33
BPI20ID,pfm_s2,remaining_time,10,10,0,16.73952293395996,2026-09-14T21:46:08
BPI20ID,pfm_s2,remaining_time,10,10,1,20.25058364868164,2026-09-14T21:49:06
BPI20ID,pfm_s2,remaining_time,10,10,2,20.9605655670166,2026-09-14T21:47:33
BPI20ID,pfm_s2,remaining_time,100,100,0,18.068378448486328,2026-09-14T21:46:08
BPI20ID,pfm_s2,remaining_time,100,100,1,17.779399871826172,2026-09-14T21:49:06
BPI20ID,pfm_s2,remaining_time,100,100,2,17.842689514160156,2026-09-14T21:47:33
BPI20ID,pfm_s2,remaining_time,1000,1000,0,14.155494689941406,2026-09-14T21:46:08
BPI20ID,pfm_s2,remaining_time,1000,1000,1,15.328113555908203,2026-09-14T21:49:06
BPI20ID,pfm_s2,remaining_time,1000,1000,2,13.326640129089355,2026-09-14T21:47:33
BPI20ID,pfm_s2,remaining_time,30,30,0,18.068115234375,2026-09-14T21:46:08
BPI20ID,pfm_s2,remaining_time,30,30,1,17.804513931274414,2026-09-14T21:49:06
BPI20ID,pfm_s2,remaining_time,30,30,2,19.155906677246094,2026-09-14T21:47:33
BPI20ID,pfm_s2,remaining_time,300,300,0,15.229358673095703,2026-09-14T21:46:08
BPI20ID,pfm_s2,remaining_time,300,300,1,13.865894317626953,2026-09-14T21:49:06
BPI20ID,pfm_s2,remaining_time,300,300,2,19.515928268432617,2026-09-14T21:47:33
BPI20ID,pfm_s2,remaining_time,5000,4514,0,12.474654197692871,2026-09-14T21:46:08
BPI20ID,pfm_s2,remaining_time,5000,4514,1,11.994335174560547,2026-09-14T21:49:06
BPI20ID,pfm_s2,remaining_time,5000,4514,2,13.79700756072998,2026-09-14T21:47:33
BPI20ID,pfm_s2,remaining_time,all,4514,0,12.474654197692871,2026-09-14T21:46:08
BPI20ID,pfm_s2,remaining_time,all,4514,1,11.994335174560547,2026-09-14T21:49:06
BPI20ID,pfm_s2,remaining_time,all,4514,2,13.79700756072998,2026-09-14T21:47:33
BPI20ID,pfm_scratch,future_activity_set,0,0,0,0.21498152613639832,2026-09-14T23:57:09
BPI20ID,pfm_scratch,future_activity_set,0,0,1,0.25132566690444946,2026-09-15T00:07:36
BPI20ID,pfm_scratch,future_activity_set,0,0,2,0.21352338790893555,2026-09-15T00:02:48
BPI20ID,pfm_scratch,future_activity_set,10,10,0,0.8303454518318176,2026-09-14T23:57:09
BPI20ID,pfm_scratch,future_activity_set,10,10,1,0.8109960556030273,2026-09-15T00:07:36
BPI20ID,pfm_scratch,future_activity_set,10,10,2,0.6946722865104675,2026-09-15T00:02:48
BPI20ID,pfm_scratch,future_activity_set,100,100,0,0.8629530072212219,2026-09-14T23:57:09
BPI20ID,pfm_scratch,future_activity_set,100,100,1,0.8534413576126099,2026-09-15T00:07:36
BPI20ID,pfm_scratch,future_activity_set,100,100,2,0.8469103574752808,2026-09-15T00:02:48
BPI20ID,pfm_scratch,future_activity_set,1000,1000,0,0.9072136282920837,2026-09-14T23:57:09
BPI20ID,pfm_scratch,future_activity_set,1000,1000,1,0.9227786660194397,2026-09-15T00:07:36
BPI20ID,pfm_scratch,future_activity_set,1000,1000,2,0.9186713099479675,2026-09-15T00:02:48
BPI20ID,pfm_scratch,future_activity_set,30,30,0,0.8664950728416443,2026-09-14T23:57:09
BPI20ID,pfm_scratch,future_activity_set,30,30,1,0.8671180605888367,2026-09-15T00:07:36
BPI20ID,pfm_scratch,future_activity_set,30,30,2,0.825623631477356,2026-09-15T00:02:48
BPI20ID,pfm_scratch,future_activity_set,300,300,0,0.8712795376777649,2026-09-14T23:57:09
BPI20ID,pfm_scratch,future_activity_set,300,300,1,0.8015214204788208,2026-09-15T00:07:36
BPI20ID,pfm_scratch,future_activity_set,300,300,2,0.7870765328407288,2026-09-15T00:02:48
BPI20ID,pfm_scratch,future_activity_set,5000,4514,0,0.9241015315055847,2026-09-14T23:57:09
BPI20ID,pfm_scratch,future_activity_set,5000,4514,1,0.9235000014305115,2026-09-15T00:07:36
BPI20ID,pfm_scratch,future_activity_set,5000,4514,2,0.9234455823898315,2026-09-15T00:02:48
BPI20ID,pfm_scratch,future_activity_set,all,4514,0,0.9241015315055847,2026-09-14T23:57:09
BPI20ID,pfm_scratch,future_activity_set,all,4514,1,0.9235000014305115,2026-09-15T00:07:36
BPI20ID,pfm_scratch,future_activity_set,all,4514,2,0.9234455823898315,2026-09-15T00:02:48
BPI20ID,pfm_scratch,next_3_activities,0,0,0,0.009183128364384174,2026-09-14T23:57:09
BPI20ID,pfm_scratch,next_3_activities,0,0,1,0.030468054115772247,2026-09-15T00:07:36
BPI20ID,pfm_scratch,next_3_activities,0,0,2,0.0225662924349308,2026-09-15T00:02:48
BPI20ID,pfm_scratch,next_3_activities,10,10,0,0.6631073355674744,2026-09-14T23:57:09
BPI20ID,pfm_scratch,next_3_activities,10,10,1,0.6387969255447388,2026-09-15T00:07:36
BPI20ID,pfm_scratch,next_3_activities,10,10,2,0.5359316468238831,2026-09-15T00:02:48
BPI20ID,pfm_scratch,next_3_activities,100,100,0,0.7563979625701904,2026-09-14T23:57:09
BPI20ID,pfm_scratch,next_3_activities,100,100,1,0.7807083129882812,2026-09-15T00:07:36
BPI20ID,pfm_scratch,next_3_activities,100,100,2,0.7553301453590393,2026-09-15T00:02:48
BPI20ID,pfm_scratch,next_3_activities,1000,1000,0,0.8069051504135132,2026-09-14T23:57:09
BPI20ID,pfm_scratch,next_3_activities,1000,1000,1,0.8057661652565002,2026-09-15T00:07:36
BPI20ID,pfm_scratch,next_3_activities,1000,1000,2,0.8060864806175232,2026-09-15T00:02:48
BPI20ID,pfm_scratch,next_3_activities,30,30,0,0.7046093344688416,2026-09-14T23:57:09
BPI20ID,pfm_scratch,next_3_activities,30,30,1,0.7499911189079285,2026-09-15T00:07:36
BPI20ID,pfm_scratch,next_3_activities,30,30,2,0.6751379370689392,2026-09-15T00:02:48
BPI20ID,pfm_scratch,next_3_activities,300,300,0,0.8006051182746887,2026-09-14T23:57:09
BPI20ID,pfm_scratch,next_3_activities,300,300,1,0.7984338998794556,2026-09-15T00:07:36
BPI20ID,pfm_scratch,next_3_activities,300,300,2,0.7903897762298584,2026-09-15T00:02:48
BPI20ID,pfm_scratch,next_3_activities,5000,4514,0,0.8085424304008484,2026-09-14T23:57:09
BPI20ID,pfm_scratch,next_3_activities,5000,4514,1,0.8082576990127563,2026-09-15T00:07:36
BPI20ID,pfm_scratch,next_3_activities,5000,4514,2,0.8070119023323059,2026-09-15T00:02:48
BPI20ID,pfm_scratch,next_3_activities,all,4514,0,0.8085424304008484,2026-09-14T23:57:09
BPI20ID,pfm_scratch,next_3_activities,all,4514,1,0.8082576990127563,2026-09-15T00:07:36
BPI20ID,pfm_scratch,next_3_activities,all,4514,2,0.8070119023323059,2026-09-15T00:02:48
BPI20ID,pfm_scratch,next_5_activities,0,0,0,0.027462188154459,2026-09-14T23:57:09
BPI20ID,pfm_scratch,next_5_activities,0,0,1,0.023032035678625107,2026-09-15T00:07:36
BPI20ID,pfm_scratch,next_5_activities,0,0,2,0.02198404259979725,2026-09-15T00:02:48
BPI20ID,pfm_scratch,next_5_activities,10,10,0,0.5933547616004944,2026-09-14T23:57:09
BPI20ID,pfm_scratch,next_5_activities,10,10,1,0.5955936908721924,2026-09-15T00:07:36
BPI20ID,pfm_scratch,next_5_activities,10,10,2,0.43894249200820923,2026-09-15T00:02:48
BPI20ID,pfm_scratch,next_5_activities,100,100,0,0.6865308880805969,2026-09-14T23:57:09
BPI20ID,pfm_scratch,next_5_activities,100,100,1,0.7121114730834961,2026-09-15T00:07:36
BPI20ID,pfm_scratch,next_5_activities,100,100,2,0.6855781674385071,2026-09-15T00:02:48
BPI20ID,pfm_scratch,next_5_activities,1000,1000,0,0.750815749168396,2026-09-14T23:57:09
BPI20ID,pfm_scratch,next_5_activities,1000,1000,1,0.7498868703842163,2026-09-15T00:07:36
BPI20ID,pfm_scratch,next_5_activities,1000,1000,2,0.7494105100631714,2026-09-15T00:02:48
BPI20ID,pfm_scratch,next_5_activities,30,30,0,0.6288198232650757,2026-09-14T23:57:09
BPI20ID,pfm_scratch,next_5_activities,30,30,1,0.6679289937019348,2026-09-15T00:07:36
BPI20ID,pfm_scratch,next_5_activities,30,30,2,0.6020721793174744,2026-09-15T00:02:48
BPI20ID,pfm_scratch,next_5_activities,300,300,0,0.7318089604377747,2026-09-14T23:57:09
BPI20ID,pfm_scratch,next_5_activities,300,300,1,0.7391687631607056,2026-09-15T00:07:36
BPI20ID,pfm_scratch,next_5_activities,300,300,2,0.728355348110199,2026-09-15T00:02:48
BPI20ID,pfm_scratch,next_5_activities,5000,4514,0,0.7541264891624451,2026-09-14T23:57:09
BPI20ID,pfm_scratch,next_5_activities,5000,4514,1,0.7543884515762329,2026-09-15T00:07:36
BPI20ID,pfm_scratch,next_5_activities,5000,4514,2,0.7533643245697021,2026-09-15T00:02:48
BPI20ID,pfm_scratch,next_5_activities,all,4514,0,0.7541264891624451,2026-09-14T23:57:09
BPI20ID,pfm_scratch,next_5_activities,all,4514,1,0.7543884515762329,2026-09-15T00:07:36
BPI20ID,pfm_scratch,next_5_activities,all,4514,2,0.7533643245697021,2026-09-15T00:02:48
BPI20ID,pfm_scratch,next_activity,0,0,0,0.004838865716010332,2026-09-14T23:57:09
BPI20ID,pfm_scratch,next_activity,0,0,1,0.08177683502435684,2026-09-15T00:07:36
BPI20ID,pfm_scratch,next_activity,0,0,2,0.09368044137954712,2026-09-15T00:02:48
BPI20ID,pfm_scratch,next_activity,10,10,0,0.8169940710067749,2026-09-14T23:57:09
BPI20ID,pfm_scratch,next_activity,10,10,1,0.7506048679351807,2026-09-15T00:07:36
BPI20ID,pfm_scratch,next_activity,10,10,2,0.7267008423805237,2026-09-15T00:02:48
BPI20ID,pfm_scratch,next_activity,100,100,0,0.870995819568634,2026-09-14T23:57:09
BPI20ID,pfm_scratch,next_activity,100,100,1,0.8626729846000671,2026-09-15T00:07:36
BPI20ID,pfm_scratch,next_activity,100,100,2,0.8341236710548401,2026-09-15T00:02:48
BPI20ID,pfm_scratch,next_activity,1000,1000,0,0.8884157538414001,2026-09-14T23:57:09
BPI20ID,pfm_scratch,next_activity,1000,1000,1,0.8902544975280762,2026-09-15T00:07:36
BPI20ID,pfm_scratch,next_activity,1000,1000,2,0.8902544975280762,2026-09-15T00:02:48
BPI20ID,pfm_scratch,next_activity,30,30,0,0.8584147691726685,2026-09-14T23:57:09
BPI20ID,pfm_scratch,next_activity,30,30,1,0.8559953570365906,2026-09-15T00:07:36
BPI20ID,pfm_scratch,next_activity,30,30,2,0.8110907077789307,2026-09-15T00:02:48
BPI20ID,pfm_scratch,next_activity,300,300,0,0.8872544169425964,2026-09-14T23:57:09
BPI20ID,pfm_scratch,next_activity,300,300,1,0.8846414685249329,2026-09-15T00:07:36
BPI20ID,pfm_scratch,next_activity,300,300,2,0.8797057867050171,2026-09-15T00:02:48
BPI20ID,pfm_scratch,next_activity,5000,4514,0,0.8917061686515808,2026-09-14T23:57:09
BPI20ID,pfm_scratch,next_activity,5000,4514,1,0.8859963417053223,2026-09-15T00:07:36
BPI20ID,pfm_scratch,next_activity,5000,4514,2,0.8900609612464905,2026-09-15T00:02:48
BPI20ID,pfm_scratch,next_activity,all,4514,0,0.8917061686515808,2026-09-14T23:57:09
BPI20ID,pfm_scratch,next_activity,all,4514,1,0.8859963417053223,2026-09-15T00:07:36
BPI20ID,pfm_scratch,next_activity,all,4514,2,0.8900609612464905,2026-09-15T00:02:48
BPI20ID,pfm_scratch,next_time,0,0,0,4.647223472595215,2026-09-14T23:57:09
BPI20ID,pfm_scratch,next_time,0,0,1,4.647223472595215,2026-09-15T00:07:36
BPI20ID,pfm_scratch,next_time,0,0,2,4.647223472595215,2026-09-15T00:02:48
BPI20ID,pfm_scratch,next_time,10,10,0,4.258907318115234,2026-09-14T23:57:09
BPI20ID,pfm_scratch,next_time,10,10,1,3.704101085662842,2026-09-15T00:07:36
BPI20ID,pfm_scratch,next_time,10,10,2,4.146071910858154,2026-09-15T00:02:48
BPI20ID,pfm_scratch,next_time,100,100,0,4.260887622833252,2026-09-14T23:57:09
BPI20ID,pfm_scratch,next_time,100,100,1,4.045255661010742,2026-09-15T00:07:36
BPI20ID,pfm_scratch,next_time,100,100,2,3.970592498779297,2026-09-15T00:02:48
BPI20ID,pfm_scratch,next_time,1000,1000,0,3.8882782459259033,2026-09-14T23:57:09
BPI20ID,pfm_scratch,next_time,1000,1000,1,3.7017107009887695,2026-09-15T00:07:36
BPI20ID,pfm_scratch,next_time,1000,1000,2,3.8744285106658936,2026-09-15T00:02:48
BPI20ID,pfm_scratch,next_time,30,30,0,4.258567810058594,2026-09-14T23:57:09
BPI20ID,pfm_scratch,next_time,30,30,1,3.827282667160034,2026-09-15T00:07:36
BPI20ID,pfm_scratch,next_time,30,30,2,3.9157462120056152,2026-09-15T00:02:48
BPI20ID,pfm_scratch,next_time,300,300,0,3.674898624420166,2026-09-14T23:57:09
BPI20ID,pfm_scratch,next_time,300,300,1,3.693801164627075,2026-09-15T00:07:36
BPI20ID,pfm_scratch,next_time,300,300,2,3.6726317405700684,2026-09-15T00:02:48
BPI20ID,pfm_scratch,next_time,5000,4514,0,3.84334135055542,2026-09-14T23:57:09
BPI20ID,pfm_scratch,next_time,5000,4514,1,3.970348834991455,2026-09-15T00:07:36
BPI20ID,pfm_scratch,next_time,5000,4514,2,3.871889591217041,2026-09-15T00:02:48
BPI20ID,pfm_scratch,next_time,all,4514,0,3.84334135055542,2026-09-14T23:57:09
BPI20ID,pfm_scratch,next_time,all,4514,1,3.970348834991455,2026-09-15T00:07:36
BPI20ID,pfm_scratch,next_time,all,4514,2,3.871889591217041,2026-09-15T00:02:48
BPI20ID,pfm_scratch,remaining_count,0,0,0,5.78445291519165,2026-09-14T23:57:09
BPI20ID,pfm_scratch,remaining_count,0,0,1,5.567809581756592,2026-09-15T00:07:36
BPI20ID,pfm_scratch,remaining_count,0,0,2,5.913480281829834,2026-09-15T00:02:48
BPI20ID,pfm_scratch,remaining_count,10,10,0,1.8024215698242188,2026-09-14T23:57:09
BPI20ID,pfm_scratch,remaining_count,10,10,1,1.5517663955688477,2026-09-15T00:07:36
BPI20ID,pfm_scratch,remaining_count,10,10,2,1.6733298301696777,2026-09-15T00:02:48
BPI20ID,pfm_scratch,remaining_count,100,100,0,1.146039366722107,2026-09-14T23:57:09
BPI20ID,pfm_scratch,remaining_count,100,100,1,1.1156498193740845,2026-09-15T00:07:36
BPI20ID,pfm_scratch,remaining_count,100,100,2,1.7297993898391724,2026-09-15T00:02:48
BPI20ID,pfm_scratch,remaining_count,1000,1000,0,1.2453498840332031,2026-09-14T23:57:09
BPI20ID,pfm_scratch,remaining_count,1000,1000,1,1.117455005645752,2026-09-15T00:07:36
BPI20ID,pfm_scratch,remaining_count,1000,1000,2,1.247666597366333,2026-09-15T00:02:48
BPI20ID,pfm_scratch,remaining_count,30,30,0,1.1403236389160156,2026-09-14T23:57:09
BPI20ID,pfm_scratch,remaining_count,30,30,1,1.1354042291641235,2026-09-15T00:07:36
BPI20ID,pfm_scratch,remaining_count,30,30,2,1.3093111515045166,2026-09-15T00:02:48
BPI20ID,pfm_scratch,remaining_count,300,300,0,1.1504414081573486,2026-09-14T23:57:09
BPI20ID,pfm_scratch,remaining_count,300,300,1,1.1466846466064453,2026-09-15T00:07:36
BPI20ID,pfm_scratch,remaining_count,300,300,2,1.1262776851654053,2026-09-15T00:02:48
BPI20ID,pfm_scratch,remaining_count,5000,4514,0,1.1822878122329712,2026-09-14T23:57:09
BPI20ID,pfm_scratch,remaining_count,5000,4514,1,0.9004130959510803,2026-09-15T00:07:36
BPI20ID,pfm_scratch,remaining_count,5000,4514,2,1.7572580575942993,2026-09-15T00:02:48
BPI20ID,pfm_scratch,remaining_count,all,4514,0,1.1822878122329712,2026-09-14T23:57:09
BPI20ID,pfm_scratch,remaining_count,all,4514,1,0.9004130959510803,2026-09-15T00:07:36
BPI20ID,pfm_scratch,remaining_count,all,4514,2,1.7572580575942993,2026-09-15T00:02:48
BPI20ID,pfm_scratch,remaining_time,0,0,0,24.252687454223633,2026-09-14T23:57:09
BPI20ID,pfm_scratch,remaining_time,0,0,1,24.252687454223633,2026-09-15T00:07:36
BPI20ID,pfm_scratch,remaining_time,0,0,2,24.252687454223633,2026-09-15T00:02:48
BPI20ID,pfm_scratch,remaining_time,10,10,0,18.746864318847656,2026-09-14T23:57:09
BPI20ID,pfm_scratch,remaining_time,10,10,1,18.68583869934082,2026-09-15T00:07:36
BPI20ID,pfm_scratch,remaining_time,10,10,2,18.747676849365234,2026-09-15T00:02:48
BPI20ID,pfm_scratch,remaining_time,100,100,0,12.812104225158691,2026-09-14T23:57:09
BPI20ID,pfm_scratch,remaining_time,100,100,1,12.91372299194336,2026-09-15T00:07:36
BPI20ID,pfm_scratch,remaining_time,100,100,2,14.873437881469727,2026-09-15T00:02:48
BPI20ID,pfm_scratch,remaining_time,1000,1000,0,14.46318244934082,2026-09-14T23:57:09
BPI20ID,pfm_scratch,remaining_time,1000,1000,1,14.95757007598877,2026-09-15T00:07:36
BPI20ID,pfm_scratch,remaining_time,1000,1000,2,16.874746322631836,2026-09-15T00:02:48
BPI20ID,pfm_scratch,remaining_time,30,30,0,13.372357368469238,2026-09-14T23:57:09
BPI20ID,pfm_scratch,remaining_time,30,30,1,14.295039176940918,2026-09-15T00:07:36
BPI20ID,pfm_scratch,remaining_time,30,30,2,18.857725143432617,2026-09-15T00:02:48
BPI20ID,pfm_scratch,remaining_time,300,300,0,13.767998695373535,2026-09-14T23:57:09
BPI20ID,pfm_scratch,remaining_time,300,300,1,15.366060256958008,2026-09-15T00:07:36
BPI20ID,pfm_scratch,remaining_time,300,300,2,16.049943923950195,2026-09-15T00:02:48
BPI20ID,pfm_scratch,remaining_time,5000,4514,0,13.254377365112305,2026-09-14T23:57:09
BPI20ID,pfm_scratch,remaining_time,5000,4514,1,14.516414642333984,2026-09-15T00:07:36
BPI20ID,pfm_scratch,remaining_time,5000,4514,2,14.443428993225098,2026-09-15T00:02:48
BPI20ID,pfm_scratch,remaining_time,all,4514,0,13.254377365112305,2026-09-14T23:57:09
BPI20ID,pfm_scratch,remaining_time,all,4514,1,14.516414642333984,2026-09-15T00:07:36
BPI20ID,pfm_scratch,remaining_time,all,4514,2,14.443428993225098,2026-09-15T00:02:48
BPI20ID,random_role,future_activity_set,0,0,0,0.21498152613639832,2026-09-06T18:12:40
BPI20ID,random_role,future_activity_set,0,0,1,0.25132566690444946,2026-09-06T18:11:33
BPI20ID,random_role,future_activity_set,0,0,2,0.21352338790893555,2026-09-06T18:12:16
BPI20ID,random_role,future_activity_set,10,10,0,0.782686173915863,2026-09-06T18:12:40
BPI20ID,random_role,future_activity_set,10,10,1,0.7571480870246887,2026-09-06T18:11:33
BPI20ID,random_role,future_activity_set,10,10,2,0.6691240668296814,2026-09-06T18:12:16
BPI20ID,random_role,future_activity_set,100,100,0,0.7839519381523132,2026-09-06T18:12:40
BPI20ID,random_role,future_activity_set,100,100,1,0.6818820834159851,2026-09-06T18:11:33
BPI20ID,random_role,future_activity_set,100,100,2,0.7203747034072876,2026-09-06T18:12:16
BPI20ID,random_role,future_activity_set,1000,1000,0,0.822147786617279,2026-09-06T18:12:40
BPI20ID,random_role,future_activity_set,1000,1000,1,0.7912499904632568,2026-09-06T18:11:33
BPI20ID,random_role,future_activity_set,1000,1000,2,0.7627859115600586,2026-09-06T18:12:16
BPI20ID,random_role,future_activity_set,30,30,0,0.7865917682647705,2026-09-06T18:12:40
BPI20ID,random_role,future_activity_set,30,30,1,0.770477831363678,2026-09-06T18:11:33
BPI20ID,random_role,future_activity_set,30,30,2,0.667701780796051,2026-09-06T18:12:16
BPI20ID,random_role,future_activity_set,300,300,0,0.8197373747825623,2026-09-06T18:12:40
BPI20ID,random_role,future_activity_set,300,300,1,0.7942596673965454,2026-09-06T18:11:33
BPI20ID,random_role,future_activity_set,300,300,2,0.747615396976471,2026-09-06T18:12:16
BPI20ID,random_role,future_activity_set,5000,4514,0,0.8378139138221741,2026-09-06T18:12:40
BPI20ID,random_role,future_activity_set,5000,4514,1,0.8237673044204712,2026-09-06T18:11:33
BPI20ID,random_role,future_activity_set,5000,4514,2,0.7889227271080017,2026-09-06T18:12:16
BPI20ID,random_role,future_activity_set,all,4514,0,0.8378139138221741,2026-09-06T18:12:40
BPI20ID,random_role,future_activity_set,all,4514,1,0.8237673044204712,2026-09-06T18:11:33
BPI20ID,random_role,future_activity_set,all,4514,2,0.7889227271080017,2026-09-06T18:12:16
BPI20ID,random_role,next_3_activities,0,0,0,0.009183128364384174,2026-09-06T18:12:40
BPI20ID,random_role,next_3_activities,0,0,1,0.030468054115772247,2026-09-06T18:11:33
BPI20ID,random_role,next_3_activities,0,0,2,0.0225662924349308,2026-09-06T18:12:16
BPI20ID,random_role,next_3_activities,10,10,0,0.4087560176849365,2026-09-06T18:12:40
BPI20ID,random_role,next_3_activities,10,10,1,0.54376220703125,2026-09-06T18:11:33
BPI20ID,random_role,next_3_activities,10,10,2,0.3934152126312256,2026-09-06T18:12:16
BPI20ID,random_role,next_3_activities,100,100,0,0.47762948274612427,2026-09-06T18:12:40
BPI20ID,random_role,next_3_activities,100,100,1,0.5033279657363892,2026-09-06T18:11:33
BPI20ID,random_role,next_3_activities,100,100,2,0.4805481433868408,2026-09-06T18:12:16
BPI20ID,random_role,next_3_activities,1000,1000,0,0.5350773930549622,2026-09-06T18:12:40
BPI20ID,random_role,next_3_activities,1000,1000,1,0.5283502340316772,2026-09-06T18:11:33
BPI20ID,random_role,next_3_activities,1000,1000,2,0.5225129127502441,2026-09-06T18:12:16
BPI20ID,random_role,next_3_activities,30,30,0,0.501370370388031,2026-09-06T18:12:40
BPI20ID,random_role,next_3_activities,30,30,1,0.5458622574806213,2026-09-06T18:11:33
BPI20ID,random_role,next_3_activities,30,30,2,0.48745328187942505,2026-09-06T18:12:16
BPI20ID,random_role,next_3_activities,300,300,0,0.5176721811294556,2026-09-06T18:12:40
BPI20ID,random_role,next_3_activities,300,300,1,0.5336180925369263,2026-09-06T18:11:33
BPI20ID,random_role,next_3_activities,300,300,2,0.5140772461891174,2026-09-06T18:12:16
BPI20ID,random_role,next_3_activities,5000,4514,0,0.5820608735084534,2026-09-06T18:12:40
BPI20ID,random_role,next_3_activities,5000,4514,1,0.6070119142532349,2026-09-06T18:11:33
BPI20ID,random_role,next_3_activities,5000,4514,2,0.6138458847999573,2026-09-06T18:12:16
BPI20ID,random_role,next_3_activities,all,4514,0,0.5820608735084534,2026-09-06T18:12:40
BPI20ID,random_role,next_3_activities,all,4514,1,0.6070119142532349,2026-09-06T18:11:33
BPI20ID,random_role,next_3_activities,all,4514,2,0.6138458847999573,2026-09-06T18:12:16
BPI20ID,random_role,next_5_activities,0,0,0,0.027462188154459,2026-09-06T18:12:40
BPI20ID,random_role,next_5_activities,0,0,1,0.023032035678625107,2026-09-06T18:11:33
BPI20ID,random_role,next_5_activities,0,0,2,0.02198404259979725,2026-09-06T18:12:16
BPI20ID,random_role,next_5_activities,10,10,0,0.21109920740127563,2026-09-06T18:12:40
BPI20ID,random_role,next_5_activities,10,10,1,0.4697868227958679,2026-09-06T18:11:33
BPI20ID,random_role,next_5_activities,10,10,2,0.22977253794670105,2026-09-06T18:12:16
BPI20ID,random_role,next_5_activities,100,100,0,0.41462427377700806,2026-09-06T18:12:40
BPI20ID,random_role,next_5_activities,100,100,1,0.4380373954772949,2026-09-06T18:11:33
BPI20ID,random_role,next_5_activities,100,100,2,0.46626177430152893,2026-09-06T18:12:16
BPI20ID,random_role,next_5_activities,1000,1000,0,0.4774324297904968,2026-09-06T18:12:40
BPI20ID,random_role,next_5_activities,1000,1000,1,0.48424437642097473,2026-09-06T18:11:33
BPI20ID,random_role,next_5_activities,1000,1000,2,0.490222692489624,2026-09-06T18:12:16
BPI20ID,random_role,next_5_activities,30,30,0,0.43725138902664185,2026-09-06T18:12:40
BPI20ID,random_role,next_5_activities,30,30,1,0.46630939841270447,2026-09-06T18:11:33
BPI20ID,random_role,next_5_activities,30,30,2,0.4193640649318695,2026-09-06T18:12:16
BPI20ID,random_role,next_5_activities,300,300,0,0.4614505171775818,2026-09-06T18:12:40
BPI20ID,random_role,next_5_activities,300,300,1,0.4975586533546448,2026-09-06T18:11:33
BPI20ID,random_role,next_5_activities,300,300,2,0.4867214560508728,2026-09-06T18:12:16
BPI20ID,random_role,next_5_activities,5000,4514,0,0.5107061862945557,2026-09-06T18:12:40
BPI20ID,random_role,next_5_activities,5000,4514,1,0.5747052431106567,2026-09-06T18:11:33
BPI20ID,random_role,next_5_activities,5000,4514,2,0.5544360876083374,2026-09-06T18:12:16
BPI20ID,random_role,next_5_activities,all,4514,0,0.5107061862945557,2026-09-06T18:12:40
BPI20ID,random_role,next_5_activities,all,4514,1,0.5747052431106567,2026-09-06T18:11:33
BPI20ID,random_role,next_5_activities,all,4514,2,0.5544360876083374,2026-09-06T18:12:16
BPI20ID,random_role,next_activity,0,0,0,0.004838865716010332,2026-09-06T18:12:40
BPI20ID,random_role,next_activity,0,0,1,0.08177683502435684,2026-09-06T18:11:33
BPI20ID,random_role,next_activity,0,0,2,0.09368044137954712,2026-09-06T18:12:16
BPI20ID,random_role,next_activity,10,10,0,0.15494048595428467,2026-09-06T18:12:40
BPI20ID,random_role,next_activity,10,10,1,0.41236814856529236,2026-09-06T18:11:33
BPI20ID,random_role,next_activity,10,10,2,0.3804316222667694,2026-09-06T18:12:16
BPI20ID,random_role,next_activity,100,100,0,0.5745669007301331,2026-09-06T18:12:40
BPI20ID,random_role,next_activity,100,100,1,0.481563925743103,2026-09-06T18:11:33
BPI20ID,random_role,next_activity,100,100,2,0.5773734450340271,2026-09-06T18:12:16
BPI20ID,random_role,next_activity,1000,1000,0,0.6845059394836426,2026-09-06T18:12:40
BPI20ID,random_role,next_activity,1000,1000,1,0.5882125496864319,2026-09-06T18:11:33
BPI20ID,random_role,next_activity,1000,1000,2,0.5549211502075195,2026-09-06T18:12:16
BPI20ID,random_role,next_activity,30,30,0,0.664182722568512,2026-09-06T18:12:40
BPI20ID,random_role,next_activity,30,30,1,0.40830349922180176,2026-09-06T18:11:33
BPI20ID,random_role,next_activity,30,30,2,0.5870512127876282,2026-09-06T18:12:16
BPI20ID,random_role,next_activity,300,300,0,0.6506338715553284,2026-09-06T18:12:40
BPI20ID,random_role,next_activity,300,300,1,0.5755347013473511,2026-09-06T18:11:33
BPI20ID,random_role,next_activity,300,300,2,0.559082567691803,2026-09-06T18:12:16
BPI20ID,random_role,next_activity,5000,4514,0,0.741411030292511,2026-09-06T18:12:40
BPI20ID,random_role,next_activity,5000,4514,1,0.7132487893104553,2026-09-06T18:11:33
BPI20ID,random_role,next_activity,5000,4514,2,0.6360205411911011,2026-09-06T18:12:16
BPI20ID,random_role,next_activity,all,4514,0,0.741411030292511,2026-09-06T18:12:40
BPI20ID,random_role,next_activity,all,4514,1,0.7132487893104553,2026-09-06T18:11:33
BPI20ID,random_role,next_activity,all,4514,2,0.6360205411911011,2026-09-06T18:12:16
BPI20ID,random_role,next_time,0,0,0,4.647223472595215,2026-09-06T18:12:40
BPI20ID,random_role,next_time,0,0,1,4.647223472595215,2026-09-06T18:11:33
BPI20ID,random_role,next_time,0,0,2,4.647223472595215,2026-09-06T18:12:16
BPI20ID,random_role,next_time,10,10,0,4.214354991912842,2026-09-06T18:12:40
BPI20ID,random_role,next_time,10,10,1,4.129502296447754,2026-09-06T18:11:33
BPI20ID,random_role,next_time,10,10,2,4.142605304718018,2026-09-06T18:12:16
BPI20ID,random_role,next_time,100,100,0,4.217835426330566,2026-09-06T18:12:40
BPI20ID,random_role,next_time,100,100,1,4.189530849456787,2026-09-06T18:11:33
BPI20ID,random_role,next_time,100,100,2,4.191402435302734,2026-09-06T18:12:16
BPI20ID,random_role,next_time,1000,1000,0,3.7588157653808594,2026-09-06T18:12:40
BPI20ID,random_role,next_time,1000,1000,1,3.8149187564849854,2026-09-06T18:11:33
BPI20ID,random_role,next_time,1000,1000,2,3.797626256942749,2026-09-06T18:12:16
BPI20ID,random_role,next_time,30,30,0,4.201522350311279,2026-09-06T18:12:40
BPI20ID,random_role,next_time,30,30,1,4.186931133270264,2026-09-06T18:11:33
BPI20ID,random_role,next_time,30,30,2,4.172618389129639,2026-09-06T18:12:16
BPI20ID,random_role,next_time,300,300,0,3.693754196166992,2026-09-06T18:12:40
BPI20ID,random_role,next_time,300,300,1,3.8548343181610107,2026-09-06T18:11:33
BPI20ID,random_role,next_time,300,300,2,3.8926327228546143,2026-09-06T18:12:16
BPI20ID,random_role,next_time,5000,4514,0,3.707319974899292,2026-09-06T18:12:40
BPI20ID,random_role,next_time,5000,4514,1,3.6465835571289062,2026-09-06T18:11:33
BPI20ID,random_role,next_time,5000,4514,2,3.9219813346862793,2026-09-06T18:12:16
BPI20ID,random_role,next_time,all,4514,0,3.707319974899292,2026-09-06T18:12:40
BPI20ID,random_role,next_time,all,4514,1,3.6465835571289062,2026-09-06T18:11:33
BPI20ID,random_role,next_time,all,4514,2,3.9219813346862793,2026-09-06T18:12:16
BPI20ID,random_role,remaining_count,0,0,0,5.78445291519165,2026-09-06T18:12:40
BPI20ID,random_role,remaining_count,0,0,1,5.567809581756592,2026-09-06T18:11:33
BPI20ID,random_role,remaining_count,0,0,2,5.913480281829834,2026-09-06T18:12:16
BPI20ID,random_role,remaining_count,10,10,0,1.6327561140060425,2026-09-06T18:12:40
BPI20ID,random_role,remaining_count,10,10,1,1.5078977346420288,2026-09-06T18:11:33
BPI20ID,random_role,remaining_count,10,10,2,2.394883394241333,2026-09-06T18:12:16
BPI20ID,random_role,remaining_count,100,100,0,1.4978517293930054,2026-09-06T18:12:40
BPI20ID,random_role,remaining_count,100,100,1,1.4374282360076904,2026-09-06T18:11:33
BPI20ID,random_role,remaining_count,100,100,2,1.8393665552139282,2026-09-06T18:12:16
BPI20ID,random_role,remaining_count,1000,1000,0,1.4683046340942383,2026-09-06T18:12:40
BPI20ID,random_role,remaining_count,1000,1000,1,1.6122467517852783,2026-09-06T18:11:33
BPI20ID,random_role,remaining_count,1000,1000,2,1.6231383085250854,2026-09-06T18:12:16
BPI20ID,random_role,remaining_count,30,30,0,1.4521851539611816,2026-09-06T18:12:40
BPI20ID,random_role,remaining_count,30,30,1,1.3988444805145264,2026-09-06T18:11:33
BPI20ID,random_role,remaining_count,30,30,2,1.9342186450958252,2026-09-06T18:12:16
BPI20ID,random_role,remaining_count,300,300,0,1.3956823348999023,2026-09-06T18:12:40
BPI20ID,random_role,remaining_count,300,300,1,1.473384141921997,2026-09-06T18:11:33
BPI20ID,random_role,remaining_count,300,300,2,1.6002607345581055,2026-09-06T18:12:16
BPI20ID,random_role,remaining_count,5000,4514,0,1.3516477346420288,2026-09-06T18:12:40
BPI20ID,random_role,remaining_count,5000,4514,1,1.4099189043045044,2026-09-06T18:11:33
BPI20ID,random_role,remaining_count,5000,4514,2,1.4379857778549194,2026-09-06T18:12:16
BPI20ID,random_role,remaining_count,all,4514,0,1.3516477346420288,2026-09-06T18:12:40
BPI20ID,random_role,remaining_count,all,4514,1,1.4099189043045044,2026-09-06T18:11:33
BPI20ID,random_role,remaining_count,all,4514,2,1.4379857778549194,2026-09-06T18:12:16
BPI20ID,random_role,remaining_time,0,0,0,24.252687454223633,2026-09-06T18:12:40
BPI20ID,random_role,remaining_time,0,0,1,24.252687454223633,2026-09-06T18:11:33
BPI20ID,random_role,remaining_time,0,0,2,24.252687454223633,2026-09-06T18:12:16
BPI20ID,random_role,remaining_time,10,10,0,20.397165298461914,2026-09-06T18:12:40
BPI20ID,random_role,remaining_time,10,10,1,18.90899658203125,2026-09-06T18:11:33
BPI20ID,random_role,remaining_time,10,10,2,18.3703556060791,2026-09-06T18:12:16
BPI20ID,random_role,remaining_time,100,100,0,19.16945457458496,2026-09-06T18:12:40
BPI20ID,random_role,remaining_time,100,100,1,18.60559844970703,2026-09-06T18:11:33
BPI20ID,random_role,remaining_time,100,100,2,18.435657501220703,2026-09-06T18:12:16
BPI20ID,random_role,remaining_time,1000,1000,0,14.898819923400879,2026-09-06T18:12:40
BPI20ID,random_role,remaining_time,1000,1000,1,16.607091903686523,2026-09-06T18:11:33
BPI20ID,random_role,remaining_time,1000,1000,2,16.808698654174805,2026-09-06T18:12:16
BPI20ID,random_role,remaining_time,30,30,0,20.402563095092773,2026-09-06T18:12:40
BPI20ID,random_role,remaining_time,30,30,1,18.347923278808594,2026-09-06T18:11:33
BPI20ID,random_role,remaining_time,30,30,2,18.652610778808594,2026-09-06T18:12:16
BPI20ID,random_role,remaining_time,300,300,0,13.817153930664062,2026-09-06T18:12:40
BPI20ID,random_role,remaining_time,300,300,1,14.420564651489258,2026-09-06T18:11:33
BPI20ID,random_role,remaining_time,300,300,2,15.175640106201172,2026-09-06T18:12:16
BPI20ID,random_role,remaining_time,5000,4514,0,17.207618713378906,2026-09-06T18:12:40
BPI20ID,random_role,remaining_time,5000,4514,1,12.670775413513184,2026-09-06T18:11:33
BPI20ID,random_role,remaining_time,5000,4514,2,16.092124938964844,2026-09-06T18:12:16
BPI20ID,random_role,remaining_time,all,4514,0,17.207618713378906,2026-09-06T18:12:40
BPI20ID,random_role,remaining_time,all,4514,1,12.670775413513184,2026-09-06T18:11:33
BPI20ID,random_role,remaining_time,all,4514,2,16.092124938964844,2026-09-06T18:12:16
BPI20ID,raw15,future_activity_set,all,4514,0,0.8169981837272644,2026-09-06T21:01:23
BPI20ID,raw15,future_activity_set,all,4514,1,0.8086972236633301,2026-09-06T21:02:08
BPI20ID,raw15,future_activity_set,all,4514,2,0.814532458782196,2026-09-06T21:02:37
BPI20ID,raw15,next_3_activities,all,4514,0,0.5871507525444031,2026-09-06T21:01:23
BPI20ID,raw15,next_3_activities,all,4514,1,0.5907812714576721,2026-09-06T21:02:08
BPI20ID,raw15,next_3_activities,all,4514,2,0.5854066610336304,2026-09-06T21:02:37
BPI20ID,raw15,next_5_activities,all,4514,0,0.5367392897605896,2026-09-06T21:01:23
BPI20ID,raw15,next_5_activities,all,4514,1,0.521972119808197,2026-09-06T21:02:08
BPI20ID,raw15,next_5_activities,all,4514,2,0.5289746522903442,2026-09-06T21:02:37
BPI20ID,raw15,next_activity,all,4514,0,0.6770541071891785,2026-09-06T21:01:23
BPI20ID,raw15,next_activity,all,4514,1,0.6961192488670349,2026-09-06T21:02:08
BPI20ID,raw15,next_activity,all,4514,2,0.701732337474823,2026-09-06T21:02:37
BPI20ID,raw15,next_time,all,4514,0,3.6421306133270264,2026-09-06T21:01:23
BPI20ID,raw15,next_time,all,4514,1,3.6325361728668213,2026-09-06T21:02:08
BPI20ID,raw15,next_time,all,4514,2,3.6992387771606445,2026-09-06T21:02:37
BPI20ID,raw15,remaining_count,all,4514,0,1.2505056858062744,2026-09-06T21:01:23
BPI20ID,raw15,remaining_count,all,4514,1,1.2098150253295898,2026-09-06T21:02:08
BPI20ID,raw15,remaining_count,all,4514,2,1.2316559553146362,2026-09-06T21:02:37
BPI20ID,raw15,remaining_time,all,4514,0,13.944520950317383,2026-09-06T21:01:23
BPI20ID,raw15,remaining_time,all,4514,1,14.900288581848145,2026-09-06T21:02:08
BPI20ID,raw15,remaining_time,all,4514,2,13.508753776550293,2026-09-06T21:02:37
bpi13_incidents,gin0,future_activity_set,all,5282,0,0.7879875898361206,2026-09-06T21:31:23
bpi13_incidents,gin0,future_activity_set,all,5282,1,0.7898841500282288,2026-09-06T21:30:39
bpi13_incidents,gin0,future_activity_set,all,5282,2,0.7857367396354675,2026-09-06T21:33:55
bpi13_incidents,gin0,next_3_activities,all,5282,0,0.5256033539772034,2026-09-06T21:31:23
bpi13_incidents,gin0,next_3_activities,all,5282,1,0.5365872383117676,2026-09-06T21:30:39
bpi13_incidents,gin0,next_3_activities,all,5282,2,0.5297803282737732,2026-09-06T21:33:55
bpi13_incidents,gin0,next_5_activities,all,5282,0,0.5108689665794373,2026-09-06T21:31:23
bpi13_incidents,gin0,next_5_activities,all,5282,1,0.5239001512527466,2026-09-06T21:30:39
bpi13_incidents,gin0,next_5_activities,all,5282,2,0.5282822847366333,2026-09-06T21:33:55
bpi13_incidents,gin0,next_activity,all,5282,0,0.5539422631263733,2026-09-06T21:31:23
bpi13_incidents,gin0,next_activity,all,5282,1,0.579121470451355,2026-09-06T21:30:39
bpi13_incidents,gin0,next_activity,all,5282,2,0.5585370063781738,2026-09-06T21:33:55
bpi13_incidents,gin0,next_time,all,5282,0,0.8849318027496338,2026-09-06T21:31:23
bpi13_incidents,gin0,next_time,all,5282,1,0.8869389891624451,2026-09-06T21:30:39
bpi13_incidents,gin0,next_time,all,5282,2,0.8854467868804932,2026-09-06T21:33:55
bpi13_incidents,gin0,remaining_count,all,5282,0,2.5536653995513916,2026-09-06T21:31:23
bpi13_incidents,gin0,remaining_count,all,5282,1,2.623971700668335,2026-09-06T21:30:39
bpi13_incidents,gin0,remaining_count,all,5282,2,2.646056890487671,2026-09-06T21:33:55
bpi13_incidents,gin0,remaining_time,all,5282,0,3.457843780517578,2026-09-06T21:31:23
bpi13_incidents,gin0,remaining_time,all,5282,1,3.775078773498535,2026-09-06T21:30:39
bpi13_incidents,gin0,remaining_time,all,5282,2,3.4063210487365723,2026-09-06T21:33:55
bpi13_incidents,gin11,future_activity_set,all,5282,0,0.8344196081161499,2026-09-06T21:16:57
bpi13_incidents,gin11,future_activity_set,all,5282,1,0.8340694904327393,2026-09-06T21:19:56
bpi13_incidents,gin11,future_activity_set,all,5282,2,0.8318890929222107,2026-09-06T21:19:49
bpi13_incidents,gin11,next_3_activities,all,5282,0,0.567605197429657,2026-09-06T21:16:57
bpi13_incidents,gin11,next_3_activities,all,5282,1,0.575417697429657,2026-09-06T21:19:56
bpi13_incidents,gin11,next_3_activities,all,5282,2,0.5602567791938782,2026-09-06T21:19:49
bpi13_incidents,gin11,next_5_activities,all,5282,0,0.555959165096283,2026-09-06T21:16:57
bpi13_incidents,gin11,next_5_activities,all,5282,1,0.5601106882095337,2026-09-06T21:19:56
bpi13_incidents,gin11,next_5_activities,all,5282,2,0.5591304898262024,2026-09-06T21:19:49
bpi13_incidents,gin11,next_activity,all,5282,0,0.6599889993667603,2026-09-06T21:16:57
bpi13_incidents,gin11,next_activity,all,5282,1,0.6430802941322327,2026-09-06T21:19:56
bpi13_incidents,gin11,next_activity,all,5282,2,0.6373828053474426,2026-09-06T21:19:49
bpi13_incidents,gin11,next_time,all,5282,0,0.6188681721687317,2026-09-06T21:16:57
bpi13_incidents,gin11,next_time,all,5282,1,0.6124239563941956,2026-09-06T21:19:56
bpi13_incidents,gin11,next_time,all,5282,2,0.6131784319877625,2026-09-06T21:19:49
bpi13_incidents,gin11,remaining_count,all,5282,0,2.1773669719696045,2026-09-06T21:16:57
bpi13_incidents,gin11,remaining_count,all,5282,1,2.130289077758789,2026-09-06T21:19:56
bpi13_incidents,gin11,remaining_count,all,5282,2,2.1801350116729736,2026-09-06T21:19:49
bpi13_incidents,gin11,remaining_time,all,5282,0,3.2440285682678223,2026-09-06T21:16:57
bpi13_incidents,gin11,remaining_time,all,5282,1,3.2621145248413086,2026-09-06T21:19:56
bpi13_incidents,gin11,remaining_time,all,5282,2,3.359168767929077,2026-09-06T21:19:49
bpi13_incidents,gin15_s1,future_activity_set,all,5282,0,0.819084107875824,2026-09-07T16:34:56
bpi13_incidents,gin15_s1,future_activity_set,all,5282,1,0.8197803497314453,2026-09-07T16:35:49
bpi13_incidents,gin15_s1,future_activity_set,all,5282,2,0.8211274147033691,2026-09-07T16:36:13
bpi13_incidents,gin15_s1,next_3_activities,all,5282,0,0.5589418411254883,2026-09-07T16:34:56
bpi13_incidents,gin15_s1,next_3_activities,all,5282,1,0.5439356565475464,2026-09-07T16:35:49
bpi13_incidents,gin15_s1,next_3_activities,all,5282,2,0.5790532231330872,2026-09-07T16:36:13
bpi13_incidents,gin15_s1,next_5_activities,all,5282,0,0.555728554725647,2026-09-07T16:34:56
bpi13_incidents,gin15_s1,next_5_activities,all,5282,1,0.5520959496498108,2026-09-07T16:35:49
bpi13_incidents,gin15_s1,next_5_activities,all,5282,2,0.5554978847503662,2026-09-07T16:36:13
bpi13_incidents,gin15_s1,next_activity,all,5282,0,0.6557618379592896,2026-09-07T16:34:56
bpi13_incidents,gin15_s1,next_activity,all,5282,1,0.6807572245597839,2026-09-07T16:35:49
bpi13_incidents,gin15_s1,next_activity,all,5282,2,0.6724866628646851,2026-09-07T16:36:13
bpi13_incidents,gin15_s1,next_time,all,5282,0,0.6224806904792786,2026-09-07T16:34:56
bpi13_incidents,gin15_s1,next_time,all,5282,1,0.6182109713554382,2026-09-07T16:35:49
bpi13_incidents,gin15_s1,next_time,all,5282,2,0.6112158298492432,2026-09-07T16:36:13
bpi13_incidents,gin15_s1,remaining_count,all,5282,0,2.232804536819458,2026-09-07T16:34:56
bpi13_incidents,gin15_s1,remaining_count,all,5282,1,2.1600749492645264,2026-09-07T16:35:49
bpi13_incidents,gin15_s1,remaining_count,all,5282,2,2.1883628368377686,2026-09-07T16:36:13
bpi13_incidents,gin15_s1,remaining_time,all,5282,0,3.3353078365325928,2026-09-07T16:34:56
bpi13_incidents,gin15_s1,remaining_time,all,5282,1,3.3415141105651855,2026-09-07T16:35:49
bpi13_incidents,gin15_s1,remaining_time,all,5282,2,3.298891067504883,2026-09-07T16:36:13
bpi13_incidents,gin15_s2,future_activity_set,all,5282,0,0.8405289053916931,2026-09-07T18:48:38
bpi13_incidents,gin15_s2,future_activity_set,all,5282,1,0.8268980383872986,2026-09-07T18:48:13
bpi13_incidents,gin15_s2,future_activity_set,all,5282,2,0.8339168429374695,2026-09-07T18:52:17
bpi13_incidents,gin15_s2,next_3_activities,all,5282,0,0.5730971693992615,2026-09-07T18:48:38
bpi13_incidents,gin15_s2,next_3_activities,all,5282,1,0.5806002616882324,2026-09-07T18:48:13
bpi13_incidents,gin15_s2,next_3_activities,all,5282,2,0.5857828259468079,2026-09-07T18:52:17
bpi13_incidents,gin15_s2,next_5_activities,all,5282,0,0.5597647428512573,2026-09-07T18:48:38
bpi13_incidents,gin15_s2,next_5_activities,all,5282,1,0.5568240880966187,2026-09-07T18:48:13
bpi13_incidents,gin15_s2,next_5_activities,all,5282,2,0.5649541616439819,2026-09-07T18:52:17
bpi13_incidents,gin15_s2,next_activity,all,5282,0,0.6743245720863342,2026-09-07T18:48:38
bpi13_incidents,gin15_s2,next_activity,all,5282,1,0.6831464767456055,2026-09-07T18:48:13
bpi13_incidents,gin15_s2,next_activity,all,5282,2,0.687741219997406,2026-09-07T18:52:17
bpi13_incidents,gin15_s2,next_time,all,5282,0,0.6078283786773682,2026-09-07T18:48:38
bpi13_incidents,gin15_s2,next_time,all,5282,1,0.6072719693183899,2026-09-07T18:48:13
bpi13_incidents,gin15_s2,next_time,all,5282,2,0.6024004220962524,2026-09-07T18:52:17
bpi13_incidents,gin15_s2,remaining_count,all,5282,0,2.188586711883545,2026-09-07T18:48:38
bpi13_incidents,gin15_s2,remaining_count,all,5282,1,2.1277918815612793,2026-09-07T18:48:13
bpi13_incidents,gin15_s2,remaining_count,all,5282,2,2.174633741378784,2026-09-07T18:52:17
bpi13_incidents,gin15_s2,remaining_time,all,5282,0,3.4004054069519043,2026-09-07T18:48:38
bpi13_incidents,gin15_s2,remaining_time,all,5282,1,3.4003806114196777,2026-09-07T18:48:13
bpi13_incidents,gin15_s2,remaining_time,all,5282,2,3.541226625442505,2026-09-07T18:52:17
bpi13_incidents,latent0,future_activity_set,all,5282,0,0.8230501413345337,2026-09-06T21:48:33
bpi13_incidents,latent0,future_activity_set,all,5282,1,0.8269535303115845,2026-09-06T21:48:51
bpi13_incidents,latent0,future_activity_set,all,5282,2,0.8249932527542114,2026-09-06T21:51:47
bpi13_incidents,latent0,next_3_activities,all,5282,0,0.5769647359848022,2026-09-06T21:48:33
bpi13_incidents,latent0,next_3_activities,all,5282,1,0.5724009871482849,2026-09-06T21:48:51
bpi13_incidents,latent0,next_3_activities,all,5282,2,0.5893409848213196,2026-09-06T21:51:47
bpi13_incidents,latent0,next_5_activities,all,5282,0,0.5526725649833679,2026-09-06T21:48:33
bpi13_incidents,latent0,next_5_activities,all,5282,1,0.541428804397583,2026-09-06T21:48:51
bpi13_incidents,latent0,next_5_activities,all,5282,2,0.5523842573165894,2026-09-06T21:51:47
bpi13_incidents,latent0,next_activity,all,5282,0,0.6752434968948364,2026-09-06T21:48:33
bpi13_incidents,latent0,next_activity,all,5282,1,0.6805734038352966,2026-09-06T21:48:51
bpi13_incidents,latent0,next_activity,all,5282,2,0.6649513244628906,2026-09-06T21:51:47
bpi13_incidents,latent0,next_time,all,5282,0,0.6054726243019104,2026-09-06T21:48:33
bpi13_incidents,latent0,next_time,all,5282,1,0.5991489887237549,2026-09-06T21:48:51
bpi13_incidents,latent0,next_time,all,5282,2,0.6162022948265076,2026-09-06T21:51:47
bpi13_incidents,latent0,remaining_count,all,5282,0,2.1971254348754883,2026-09-06T21:48:33
bpi13_incidents,latent0,remaining_count,all,5282,1,2.200225591659546,2026-09-06T21:48:51
bpi13_incidents,latent0,remaining_count,all,5282,2,2.1984031200408936,2026-09-06T21:51:47
bpi13_incidents,latent0,remaining_time,all,5282,0,3.4146347045898438,2026-09-06T21:48:33
bpi13_incidents,latent0,remaining_time,all,5282,1,3.30694842338562,2026-09-06T21:48:51
bpi13_incidents,latent0,remaining_time,all,5282,2,3.3816208839416504,2026-09-06T21:51:47
bpi13_incidents,latent0_s1,future_activity_set,all,5282,0,0.8294546008110046,2026-09-07T16:29:02
bpi13_incidents,latent0_s1,future_activity_set,all,5282,1,0.8333874344825745,2026-09-07T16:28:59
bpi13_incidents,latent0_s1,future_activity_set,all,5282,2,0.82215815782547,2026-09-07T16:27:59
bpi13_incidents,latent0_s1,next_3_activities,all,5282,0,0.5825340151786804,2026-09-07T16:29:02
bpi13_incidents,latent0_s1,next_3_activities,all,5282,1,0.5700804591178894,2026-09-07T16:28:59
bpi13_incidents,latent0_s1,next_3_activities,all,5282,2,0.5669863820075989,2026-09-07T16:27:59
bpi13_incidents,latent0_s1,next_5_activities,all,5282,0,0.5582655668258667,2026-09-07T16:29:02
bpi13_incidents,latent0_s1,next_5_activities,all,5282,1,0.5593611001968384,2026-09-07T16:28:59
bpi13_incidents,latent0_s1,next_5_activities,all,5282,2,0.5507697463035583,2026-09-07T16:27:59
bpi13_incidents,latent0_s1,next_activity,all,5282,0,0.6428965330123901,2026-09-07T16:29:02
bpi13_incidents,latent0_s1,next_activity,all,5282,1,0.666789174079895,2026-09-07T16:28:59
bpi13_incidents,latent0_s1,next_activity,all,5282,2,0.6763462424278259,2026-09-07T16:27:59
bpi13_incidents,latent0_s1,next_time,all,5282,0,0.6691624522209167,2026-09-07T16:29:02
bpi13_incidents,latent0_s1,next_time,all,5282,1,0.6502186059951782,2026-09-07T16:28:59
bpi13_incidents,latent0_s1,next_time,all,5282,2,0.6331191658973694,2026-09-07T16:27:59
bpi13_incidents,latent0_s1,remaining_count,all,5282,0,2.177931785583496,2026-09-07T16:29:02
bpi13_incidents,latent0_s1,remaining_count,all,5282,1,2.1704015731811523,2026-09-07T16:28:59
bpi13_incidents,latent0_s1,remaining_count,all,5282,2,2.222386360168457,2026-09-07T16:27:59
bpi13_incidents,latent0_s1,remaining_time,all,5282,0,3.4503259658813477,2026-09-07T16:29:02
bpi13_incidents,latent0_s1,remaining_time,all,5282,1,3.405046224594116,2026-09-07T16:28:59
bpi13_incidents,latent0_s1,remaining_time,all,5282,2,3.3768725395202637,2026-09-07T16:27:59
bpi13_incidents,latent0_s2,future_activity_set,all,5282,0,0.826843798160553,2026-09-07T19:08:47
bpi13_incidents,latent0_s2,future_activity_set,all,5282,1,0.8300812840461731,2026-09-07T19:09:38
bpi13_incidents,latent0_s2,future_activity_set,all,5282,2,0.8200160264968872,2026-09-07T19:11:01
bpi13_incidents,latent0_s2,next_3_activities,all,5282,0,0.5528310537338257,2026-09-07T19:08:47
bpi13_incidents,latent0_s2,next_3_activities,all,5282,1,0.5770421028137207,2026-09-07T19:09:38
bpi13_incidents,latent0_s2,next_3_activities,all,5282,2,0.5751082897186279,2026-09-07T19:11:01
bpi13_incidents,latent0_s2,next_5_activities,all,5282,0,0.5547482967376709,2026-09-07T19:08:47
bpi13_incidents,latent0_s2,next_5_activities,all,5282,1,0.5360664129257202,2026-09-07T19:09:38
bpi13_incidents,latent0_s2,next_5_activities,all,5282,2,0.5510004162788391,2026-09-07T19:11:01
bpi13_incidents,latent0_s2,next_activity,all,5282,0,0.6732218265533447,2026-09-07T19:08:47
bpi13_incidents,latent0_s2,next_activity,all,5282,1,0.6792868971824646,2026-09-07T19:09:38
bpi13_incidents,latent0_s2,next_activity,all,5282,2,0.6785517334938049,2026-09-07T19:11:01
bpi13_incidents,latent0_s2,next_time,all,5282,0,0.6140694618225098,2026-09-07T19:08:47
bpi13_incidents,latent0_s2,next_time,all,5282,1,0.6066679358482361,2026-09-07T19:09:38
bpi13_incidents,latent0_s2,next_time,all,5282,2,0.6169842481613159,2026-09-07T19:11:01
bpi13_incidents,latent0_s2,remaining_count,all,5282,0,2.234408378601074,2026-09-07T19:08:47
bpi13_incidents,latent0_s2,remaining_count,all,5282,1,2.2229855060577393,2026-09-07T19:09:38
bpi13_incidents,latent0_s2,remaining_count,all,5282,2,2.254863977432251,2026-09-07T19:11:01
bpi13_incidents,latent0_s2,remaining_time,all,5282,0,3.215193510055542,2026-09-07T19:08:47
bpi13_incidents,latent0_s2,remaining_time,all,5282,1,3.372774362564087,2026-09-07T19:09:38
bpi13_incidents,latent0_s2,remaining_time,all,5282,2,3.216242790222168,2026-09-07T19:11:01
bpi13_incidents,mlp15,future_activity_set,all,5282,0,0.8363858461380005,2026-09-06T20:04:55
bpi13_incidents,mlp15,future_activity_set,all,5282,1,0.8396543860435486,2026-09-06T20:09:09
bpi13_incidents,mlp15,future_activity_set,all,5282,2,0.8351298570632935,2026-09-06T20:13:08
bpi13_incidents,mlp15,next_3_activities,all,5282,0,0.5541460514068604,2026-09-06T20:04:55
bpi13_incidents,mlp15,next_3_activities,all,5282,1,0.5546875,2026-09-06T20:09:09
bpi13_incidents,mlp15,next_3_activities,all,5282,2,0.5531404614448547,2026-09-06T20:13:08
bpi13_incidents,mlp15,next_5_activities,all,5282,0,0.5380268692970276,2026-09-06T20:04:55
bpi13_incidents,mlp15,next_5_activities,all,5282,1,0.5312806367874146,2026-09-06T20:09:09
bpi13_incidents,mlp15,next_5_activities,all,5282,2,0.5339329838752747,2026-09-06T20:13:08
bpi13_incidents,mlp15,next_activity,all,5282,0,0.6520860195159912,2026-09-06T20:04:55
bpi13_incidents,mlp15,next_activity,all,5282,1,0.6572321057319641,2026-09-06T20:09:09
bpi13_incidents,mlp15,next_activity,all,5282,2,0.6574159264564514,2026-09-06T20:13:08
bpi13_incidents,mlp15,next_time,all,5282,0,0.6837985515594482,2026-09-06T20:04:55
bpi13_incidents,mlp15,next_time,all,5282,1,0.7159861326217651,2026-09-06T20:09:09
bpi13_incidents,mlp15,next_time,all,5282,2,0.6553562879562378,2026-09-06T20:13:08
bpi13_incidents,mlp15,remaining_count,all,5282,0,2.2421324253082275,2026-09-06T20:04:55
bpi13_incidents,mlp15,remaining_count,all,5282,1,2.216000556945801,2026-09-06T20:09:09
bpi13_incidents,mlp15,remaining_count,all,5282,2,2.2505557537078857,2026-09-06T20:13:08
bpi13_incidents,mlp15,remaining_time,all,5282,0,3.276064395904541,2026-09-06T20:04:55
bpi13_incidents,mlp15,remaining_time,all,5282,1,3.217949867248535,2026-09-06T20:09:09
bpi13_incidents,mlp15,remaining_time,all,5282,2,3.255089044570923,2026-09-06T20:13:08
bpi13_incidents,norole,future_activity_set,all,5282,0,0.7869018316268921,2026-09-06T22:22:10
bpi13_incidents,norole,future_activity_set,all,5282,1,0.7897918820381165,2026-09-06T22:22:56
bpi13_incidents,norole,future_activity_set,all,5282,2,0.7907401919364929,2026-09-06T22:25:19
bpi13_incidents,norole,next_3_activities,all,5282,0,0.5319461822509766,2026-09-06T22:22:10
bpi13_incidents,norole,next_3_activities,all,5282,1,0.5365098714828491,2026-09-06T22:22:56
bpi13_incidents,norole,next_3_activities,all,5282,2,0.5167078971862793,2026-09-06T22:25:19
bpi13_incidents,norole,next_5_activities,all,5282,0,0.5171539187431335,2026-09-06T22:22:10
bpi13_incidents,norole,next_5_activities,all,5282,1,0.5226315855979919,2026-09-06T22:22:56
bpi13_incidents,norole,next_5_activities,all,5282,2,0.5227469205856323,2026-09-06T22:25:19
bpi13_incidents,norole,next_activity,all,5282,0,0.5596397519111633,2026-09-06T22:22:10
bpi13_incidents,norole,next_activity,all,5282,1,0.5758132934570312,2026-09-06T22:22:56
bpi13_incidents,norole,next_activity,all,5282,2,0.5701158046722412,2026-09-06T22:25:19
bpi13_incidents,norole,next_time,all,5282,0,0.8851222395896912,2026-09-06T22:22:10
bpi13_incidents,norole,next_time,all,5282,1,0.8851349353790283,2026-09-06T22:22:56
bpi13_incidents,norole,next_time,all,5282,2,0.8842493295669556,2026-09-06T22:25:19
bpi13_incidents,norole,remaining_count,all,5282,0,2.751404285430908,2026-09-06T22:22:10
bpi13_incidents,norole,remaining_count,all,5282,1,2.6546647548675537,2026-09-06T22:22:56
bpi13_incidents,norole,remaining_count,all,5282,2,2.6426687240600586,2026-09-06T22:25:19
bpi13_incidents,norole,remaining_time,all,5282,0,3.5430893898010254,2026-09-06T22:22:10
bpi13_incidents,norole,remaining_time,all,5282,1,3.5073885917663574,2026-09-06T22:22:56
bpi13_incidents,norole,remaining_time,all,5282,2,3.7564327716827393,2026-09-06T22:25:19
bpi13_incidents,pfm,future_activity_set,0,0,0,0.19512435793876648,2026-09-06T17:21:46
bpi13_incidents,pfm,future_activity_set,0,0,1,0.35175198316574097,2026-09-06T17:22:15
bpi13_incidents,pfm,future_activity_set,0,0,2,0.1982014775276184,2026-09-06T17:20:33
bpi13_incidents,pfm,future_activity_set,10,10,0,0.817802369594574,2026-09-06T17:21:46
bpi13_incidents,pfm,future_activity_set,10,10,1,0.8334630727767944,2026-09-06T17:22:15
bpi13_incidents,pfm,future_activity_set,10,10,2,0.806001603603363,2026-09-06T17:20:33
bpi13_incidents,pfm,future_activity_set,100,100,0,0.8026933670043945,2026-09-06T17:21:46
bpi13_incidents,pfm,future_activity_set,100,100,1,0.8148148059844971,2026-09-06T17:22:15
bpi13_incidents,pfm,future_activity_set,100,100,2,0.8162775635719299,2026-09-06T17:20:33
bpi13_incidents,pfm,future_activity_set,1000,1000,0,0.8256004452705383,2026-09-06T17:21:46
bpi13_incidents,pfm,future_activity_set,1000,1000,1,0.8315165638923645,2026-09-06T17:22:15
bpi13_incidents,pfm,future_activity_set,1000,1000,2,0.8347834348678589,2026-09-06T17:20:33
bpi13_incidents,pfm,future_activity_set,30,30,0,0.8163151741027832,2026-09-06T17:21:46
bpi13_incidents,pfm,future_activity_set,30,30,1,0.8091781735420227,2026-09-06T17:22:15
bpi13_incidents,pfm,future_activity_set,30,30,2,0.8182503581047058,2026-09-06T17:20:33
bpi13_incidents,pfm,future_activity_set,300,300,0,0.8192533254623413,2026-09-06T17:21:46
bpi13_incidents,pfm,future_activity_set,300,300,1,0.8388922810554504,2026-09-06T17:22:15
bpi13_incidents,pfm,future_activity_set,300,300,2,0.8221068978309631,2026-09-06T17:20:33
bpi13_incidents,pfm,future_activity_set,5000,5000,0,0.8297390937805176,2026-09-06T17:21:46
bpi13_incidents,pfm,future_activity_set,5000,5000,1,0.8288576602935791,2026-09-06T17:22:15
bpi13_incidents,pfm,future_activity_set,5000,5000,2,0.8267825841903687,2026-09-06T17:20:33
bpi13_incidents,pfm,future_activity_set,all,5282,0,0.8372527956962585,2026-09-06T17:21:46
bpi13_incidents,pfm,future_activity_set,all,5282,1,0.835290253162384,2026-09-06T17:22:15
bpi13_incidents,pfm,future_activity_set,all,5282,2,0.8295544981956482,2026-09-06T17:20:33
bpi13_incidents,pfm,next_3_activities,0,0,0,0.18185333907604218,2026-09-06T17:21:46
bpi13_incidents,pfm,next_3_activities,0,0,1,0.1519956737756729,2026-09-06T17:22:15
bpi13_incidents,pfm,next_3_activities,0,0,2,0.28790223598480225,2026-09-06T17:20:33
bpi13_incidents,pfm,next_3_activities,10,10,0,0.5243657231330872,2026-09-06T17:21:46
bpi13_incidents,pfm,next_3_activities,10,10,1,0.5359684228897095,2026-09-06T17:22:15
bpi13_incidents,pfm,next_3_activities,10,10,2,0.5222772359848022,2026-09-06T17:20:33
bpi13_incidents,pfm,next_3_activities,100,100,0,0.5194151997566223,2026-09-06T17:21:46
bpi13_incidents,pfm,next_3_activities,100,100,1,0.5266088843345642,2026-09-06T17:22:15
bpi13_incidents,pfm,next_3_activities,100,100,2,0.5212716460227966,2026-09-06T17:20:33
bpi13_incidents,pfm,next_3_activities,1000,1000,0,0.5344213843345642,2026-09-06T17:21:46
bpi13_incidents,pfm,next_3_activities,1000,1000,1,0.5423112511634827,2026-09-06T17:22:15
bpi13_incidents,pfm,next_3_activities,1000,1000,2,0.5368192791938782,2026-09-06T17:20:33
bpi13_incidents,pfm,next_3_activities,30,30,0,0.5388304591178894,2026-09-06T17:21:46
bpi13_incidents,pfm,next_3_activities,30,30,1,0.523128092288971,2026-09-06T17:22:15
bpi13_incidents,pfm,next_3_activities,30,30,2,0.5200340151786804,2026-09-06T17:20:33
bpi13_incidents,pfm,next_3_activities,300,300,0,0.5556930899620056,2026-09-06T17:21:46
bpi13_incidents,pfm,next_3_activities,300,300,1,0.5338799357414246,2026-09-06T17:22:15
bpi13_incidents,pfm,next_3_activities,300,300,2,0.5218130946159363,2026-09-06T17:20:33
bpi13_incidents,pfm,next_3_activities,5000,5000,0,0.5943688154220581,2026-09-06T17:21:46
bpi13_incidents,pfm,next_3_activities,5000,5000,1,0.5574721693992615,2026-09-06T17:22:15
bpi13_incidents,pfm,next_3_activities,5000,5000,2,0.5877939462661743,2026-09-06T17:20:33
bpi13_incidents,pfm,next_3_activities,all,5282,0,0.5793626308441162,2026-09-06T17:21:46
bpi13_incidents,pfm,next_3_activities,all,5282,1,0.5559251308441162,2026-09-06T17:22:15
bpi13_incidents,pfm,next_3_activities,all,5282,2,0.5917388796806335,2026-09-06T17:20:33
bpi13_incidents,pfm,next_5_activities,0,0,0,0.19437237083911896,2026-09-06T17:21:46
bpi13_incidents,pfm,next_5_activities,0,0,1,0.12033673375844955,2026-09-06T17:22:15
bpi13_incidents,pfm,next_5_activities,0,0,2,0.23698322474956512,2026-09-06T17:20:33
bpi13_incidents,pfm,next_5_activities,10,10,0,0.5098310708999634,2026-09-06T17:21:46
bpi13_incidents,pfm,next_5_activities,10,10,1,0.5188260674476624,2026-09-06T17:22:15
bpi13_incidents,pfm,next_5_activities,10,10,2,0.5070056915283203,2026-09-06T17:20:33
bpi13_incidents,pfm,next_5_activities,100,100,0,0.5131176710128784,2026-09-06T17:21:46
bpi13_incidents,pfm,next_5_activities,100,100,1,0.5105806589126587,2026-09-06T17:22:15
bpi13_incidents,pfm,next_5_activities,100,100,2,0.5063138008117676,2026-09-06T17:20:33
bpi13_incidents,pfm,next_5_activities,1000,1000,0,0.5352015495300293,2026-09-06T17:21:46
bpi13_incidents,pfm,next_5_activities,1000,1000,1,0.5160006880760193,2026-09-06T17:22:15
bpi13_incidents,pfm,next_5_activities,1000,1000,2,0.5174998641014099,2026-09-06T17:20:33
bpi13_incidents,pfm,next_5_activities,30,30,0,0.5204981565475464,2026-09-06T17:21:46
bpi13_incidents,pfm,next_5_activities,30,30,1,0.5059101581573486,2026-09-06T17:22:15
bpi13_incidents,pfm,next_5_activities,30,30,2,0.5055065155029297,2026-09-06T17:20:33
bpi13_incidents,pfm,next_5_activities,300,300,0,0.5339329838752747,2026-09-06T17:21:46
bpi13_incidents,pfm,next_5_activities,300,300,1,0.5167502760887146,2026-09-06T17:22:15
bpi13_incidents,pfm,next_5_activities,300,300,2,0.5123104453086853,2026-09-06T17:20:33
bpi13_incidents,pfm,next_5_activities,5000,5000,0,0.5551519393920898,2026-09-06T17:21:46
bpi13_incidents,pfm,next_5_activities,5000,5000,1,0.5609756112098694,2026-09-06T17:22:15
bpi13_incidents,pfm,next_5_activities,5000,5000,2,0.5559015274047852,2026-09-06T17:20:33
bpi13_incidents,pfm,next_5_activities,all,5282,0,0.519921600818634,2026-09-06T17:21:46
bpi13_incidents,pfm,next_5_activities,all,5282,1,0.555959165096283,2026-09-06T17:22:15
bpi13_incidents,pfm,next_5_activities,all,5282,2,0.5624170899391174,2026-09-06T17:20:33
bpi13_incidents,pfm,next_activity,0,0,0,0.20382282137870789,2026-09-06T17:21:46
bpi13_incidents,pfm,next_activity,0,0,1,0.019481712952256203,2026-09-06T17:22:15
bpi13_incidents,pfm,next_activity,0,0,2,0.1376585215330124,2026-09-06T17:20:33
bpi13_incidents,pfm,next_activity,10,10,0,0.6366477012634277,2026-09-06T17:21:46
bpi13_incidents,pfm,next_activity,10,10,1,0.6353611350059509,2026-09-06T17:22:15
bpi13_incidents,pfm,next_activity,10,10,2,0.6370152831077576,2026-09-06T17:20:33
bpi13_incidents,pfm,next_activity,100,100,0,0.6348097920417786,2026-09-06T17:21:46
bpi13_incidents,pfm,next_activity,100,100,1,0.6383017897605896,2026-09-06T17:22:15
bpi13_incidents,pfm,next_activity,100,100,2,0.6326043009757996,2026-09-06T17:20:33
bpi13_incidents,pfm,next_activity,1000,1000,0,0.6522697806358337,2026-09-06T17:21:46
bpi13_incidents,pfm,next_activity,1000,1000,1,0.6553942561149597,2026-09-06T17:22:15
bpi13_incidents,pfm,next_activity,1000,1000,2,0.6327880620956421,2026-09-06T17:20:33
bpi13_incidents,pfm,next_activity,30,30,0,0.6349935531616211,2026-09-06T17:21:46
bpi13_incidents,pfm,next_activity,30,30,1,0.6381179690361023,2026-09-06T17:22:15
bpi13_incidents,pfm,next_activity,30,30,2,0.6359125375747681,2026-09-06T17:20:33
bpi13_incidents,pfm,next_activity,300,300,0,0.6351773738861084,2026-09-06T17:21:46
bpi13_incidents,pfm,next_activity,300,300,1,0.6360962986946106,2026-09-06T17:22:15
bpi13_incidents,pfm,next_activity,300,300,2,0.6359125375747681,2026-09-06T17:20:33
bpi13_incidents,pfm,next_activity,5000,5000,0,0.6546590924263,2026-09-06T17:21:46
bpi13_incidents,pfm,next_activity,5000,5000,1,0.7024443745613098,2026-09-06T17:22:15
bpi13_incidents,pfm,next_activity,5000,5000,2,0.6752434968948364,2026-09-06T17:20:33
bpi13_incidents,pfm,next_activity,all,5282,0,0.6658702492713928,2026-09-06T17:21:46
bpi13_incidents,pfm,next_activity,all,5282,1,0.7033633589744568,2026-09-06T17:22:15
bpi13_incidents,pfm,next_activity,all,5282,2,0.663297176361084,2026-09-06T17:20:33
bpi13_incidents,pfm,next_time,0,0,0,0.888128399848938,2026-09-06T17:21:46
bpi13_incidents,pfm,next_time,0,0,1,0.8881297707557678,2026-09-06T17:22:15
bpi13_incidents,pfm,next_time,0,0,2,0.8881298303604126,2026-09-06T17:20:33
bpi13_incidents,pfm,next_time,10,10,0,0.8872513771057129,2026-09-06T17:21:46
bpi13_incidents,pfm,next_time,10,10,1,0.8872318863868713,2026-09-06T17:22:15
bpi13_incidents,pfm,next_time,10,10,2,0.8873649835586548,2026-09-06T17:20:33
bpi13_incidents,pfm,next_time,100,100,0,0.8874059915542603,2026-09-06T17:21:46
bpi13_incidents,pfm,next_time,100,100,1,0.887416660785675,2026-09-06T17:22:15
bpi13_incidents,pfm,next_time,100,100,2,0.8874087929725647,2026-09-06T17:20:33
bpi13_incidents,pfm,next_time,1000,1000,0,0.6755409240722656,2026-09-06T17:21:46
bpi13_incidents,pfm,next_time,1000,1000,1,0.6438800096511841,2026-09-06T17:22:15
bpi13_incidents,pfm,next_time,1000,1000,2,0.6440221667289734,2026-09-06T17:20:33
bpi13_incidents,pfm,next_time,30,30,0,0.8873472809791565,2026-09-06T17:21:46
bpi13_incidents,pfm,next_time,30,30,1,0.887417733669281,2026-09-06T17:22:15
bpi13_incidents,pfm,next_time,30,30,2,0.8873392939567566,2026-09-06T17:20:33
bpi13_incidents,pfm,next_time,300,300,0,0.882575511932373,2026-09-06T17:21:46
bpi13_incidents,pfm,next_time,300,300,1,0.7842844128608704,2026-09-06T17:22:15
bpi13_incidents,pfm,next_time,300,300,2,0.8779112100601196,2026-09-06T17:20:33
bpi13_incidents,pfm,next_time,5000,5000,0,0.657069981098175,2026-09-06T17:21:46
bpi13_incidents,pfm,next_time,5000,5000,1,0.6383917331695557,2026-09-06T17:22:15
bpi13_incidents,pfm,next_time,5000,5000,2,0.6508208513259888,2026-09-06T17:20:33
bpi13_incidents,pfm,next_time,all,5282,0,0.649259626865387,2026-09-06T17:21:46
bpi13_incidents,pfm,next_time,all,5282,1,0.6415091156959534,2026-09-06T17:22:15
bpi13_incidents,pfm,next_time,all,5282,2,0.6500240564346313,2026-09-06T17:20:33
bpi13_incidents,pfm,remaining_count,0,0,0,3.618182420730591,2026-09-06T17:21:46
bpi13_incidents,pfm,remaining_count,0,0,1,3.7648377418518066,2026-09-06T17:22:15
bpi13_incidents,pfm,remaining_count,0,0,2,3.7606515884399414,2026-09-06T17:20:33
bpi13_incidents,pfm,remaining_count,10,10,0,2.2445762157440186,2026-09-06T17:21:46
bpi13_incidents,pfm,remaining_count,10,10,1,2.285094738006592,2026-09-06T17:22:15
bpi13_incidents,pfm,remaining_count,10,10,2,2.2090375423431396,2026-09-06T17:20:33
bpi13_incidents,pfm,remaining_count,100,100,0,2.185666084289551,2026-09-06T17:21:46
bpi13_incidents,pfm,remaining_count,100,100,1,2.1991219520568848,2026-09-06T17:22:15
bpi13_incidents,pfm,remaining_count,100,100,2,2.231590986251831,2026-09-06T17:20:33
bpi13_incidents,pfm,remaining_count,1000,1000,0,2.218845844268799,2026-09-06T17:21:46
bpi13_incidents,pfm,remaining_count,1000,1000,1,2.2000246047973633,2026-09-06T17:22:15
bpi13_incidents,pfm,remaining_count,1000,1000,2,2.2245020866394043,2026-09-06T17:20:33
bpi13_incidents,pfm,remaining_count,30,30,0,2.2280795574188232,2026-09-06T17:21:46
bpi13_incidents,pfm,remaining_count,30,30,1,2.1778228282928467,2026-09-06T17:22:15
bpi13_incidents,pfm,remaining_count,30,30,2,2.198336601257324,2026-09-06T17:20:33
bpi13_incidents,pfm,remaining_count,300,300,0,2.2064664363861084,2026-09-06T17:21:46
bpi13_incidents,pfm,remaining_count,300,300,1,2.237520694732666,2026-09-06T17:22:15
bpi13_incidents,pfm,remaining_count,300,300,2,2.3266830444335938,2026-09-06T17:20:33
bpi13_incidents,pfm,remaining_count,5000,5000,0,2.173288583755493,2026-09-06T17:21:46
bpi13_incidents,pfm,remaining_count,5000,5000,1,2.2122132778167725,2026-09-06T17:22:15
bpi13_incidents,pfm,remaining_count,5000,5000,2,2.1552441120147705,2026-09-06T17:20:33
bpi13_incidents,pfm,remaining_count,all,5282,0,2.1211345195770264,2026-09-06T17:21:46
bpi13_incidents,pfm,remaining_count,all,5282,1,2.152813673019409,2026-09-06T17:22:15
bpi13_incidents,pfm,remaining_count,all,5282,2,2.1365315914154053,2026-09-06T17:20:33
bpi13_incidents,pfm,remaining_time,0,0,0,4.378602504730225,2026-09-06T17:21:46
bpi13_incidents,pfm,remaining_time,0,0,1,4.378603935241699,2026-09-06T17:22:15
bpi13_incidents,pfm,remaining_time,0,0,2,4.378602981567383,2026-09-06T17:20:33
bpi13_incidents,pfm,remaining_time,10,10,0,3.3671696186065674,2026-09-06T17:21:46
bpi13_incidents,pfm,remaining_time,10,10,1,3.433156728744507,2026-09-06T17:22:15
bpi13_incidents,pfm,remaining_time,10,10,2,3.5041706562042236,2026-09-06T17:20:33
bpi13_incidents,pfm,remaining_time,100,100,0,3.584012985229492,2026-09-06T17:21:46
bpi13_incidents,pfm,remaining_time,100,100,1,3.5305471420288086,2026-09-06T17:22:15
bpi13_incidents,pfm,remaining_time,100,100,2,3.5747547149658203,2026-09-06T17:20:33
bpi13_incidents,pfm,remaining_time,1000,1000,0,3.3678297996520996,2026-09-06T17:21:46
bpi13_incidents,pfm,remaining_time,1000,1000,1,3.3568758964538574,2026-09-06T17:22:15
bpi13_incidents,pfm,remaining_time,1000,1000,2,3.2417120933532715,2026-09-06T17:20:33
bpi13_incidents,pfm,remaining_time,30,30,0,3.3963658809661865,2026-09-06T17:21:46
bpi13_incidents,pfm,remaining_time,30,30,1,3.5416157245635986,2026-09-06T17:22:15
bpi13_incidents,pfm,remaining_time,30,30,2,3.415888547897339,2026-09-06T17:20:33
bpi13_incidents,pfm,remaining_time,300,300,0,3.2906692028045654,2026-09-06T17:21:46
bpi13_incidents,pfm,remaining_time,300,300,1,3.2673118114471436,2026-09-06T17:22:15
bpi13_incidents,pfm,remaining_time,300,300,2,3.329655647277832,2026-09-06T17:20:33
bpi13_incidents,pfm,remaining_time,5000,5000,0,3.3210270404815674,2026-09-06T17:21:46
bpi13_incidents,pfm,remaining_time,5000,5000,1,3.3604562282562256,2026-09-06T17:22:15
bpi13_incidents,pfm,remaining_time,5000,5000,2,3.4371049404144287,2026-09-06T17:20:33
bpi13_incidents,pfm,remaining_time,all,5282,0,3.339123487472534,2026-09-06T17:21:46
bpi13_incidents,pfm,remaining_time,all,5282,1,3.454047679901123,2026-09-06T17:22:15
bpi13_incidents,pfm,remaining_time,all,5282,2,3.298771381378174,2026-09-06T17:20:33
bpi13_incidents,pfm_ft,future_activity_set,0,0,0,0.19512435793876648,2026-09-06T17:35:43
bpi13_incidents,pfm_ft,future_activity_set,0,0,1,0.35175198316574097,2026-09-06T17:32:15
bpi13_incidents,pfm_ft,future_activity_set,0,0,2,0.1982014775276184,2026-09-06T17:40:29
bpi13_incidents,pfm_ft,future_activity_set,10,10,0,0.8167539238929749,2026-09-06T17:35:43
bpi13_incidents,pfm_ft,future_activity_set,10,10,1,0.8401899337768555,2026-09-06T17:32:15
bpi13_incidents,pfm_ft,future_activity_set,10,10,2,0.8220791220664978,2026-09-06T17:40:29
bpi13_incidents,pfm_ft,future_activity_set,100,100,0,0.831741988658905,2026-09-06T17:35:43
bpi13_incidents,pfm_ft,future_activity_set,100,100,1,0.8399930596351624,2026-09-06T17:32:15
bpi13_incidents,pfm_ft,future_activity_set,100,100,2,0.8367908596992493,2026-09-06T17:40:29
bpi13_incidents,pfm_ft,future_activity_set,1000,1000,0,0.8380976319313049,2026-09-06T17:35:43
bpi13_incidents,pfm_ft,future_activity_set,1000,1000,1,0.8504059314727783,2026-09-06T17:32:15
bpi13_incidents,pfm_ft,future_activity_set,1000,1000,2,0.8460628390312195,2026-09-06T17:40:29
bpi13_incidents,pfm_ft,future_activity_set,30,30,0,0.8199968338012695,2026-09-06T17:35:43
bpi13_incidents,pfm_ft,future_activity_set,30,30,1,0.8297817707061768,2026-09-06T17:32:15
bpi13_incidents,pfm_ft,future_activity_set,30,30,2,0.8287973999977112,2026-09-06T17:40:29
bpi13_incidents,pfm_ft,future_activity_set,300,300,0,0.8478561639785767,2026-09-06T17:35:43
bpi13_incidents,pfm_ft,future_activity_set,300,300,1,0.843589723110199,2026-09-06T17:32:15
bpi13_incidents,pfm_ft,future_activity_set,300,300,2,0.8456530570983887,2026-09-06T17:40:29
bpi13_incidents,pfm_ft,future_activity_set,5000,5000,0,0.8460060358047485,2026-09-06T17:35:43
bpi13_incidents,pfm_ft,future_activity_set,5000,5000,1,0.8485099077224731,2026-09-06T17:32:15
bpi13_incidents,pfm_ft,future_activity_set,5000,5000,2,0.8500961065292358,2026-09-06T17:40:29
bpi13_incidents,pfm_ft,future_activity_set,all,5282,0,0.8077057003974915,2026-09-06T17:35:43
bpi13_incidents,pfm_ft,future_activity_set,all,5282,1,0.8461606502532959,2026-09-06T17:32:15
bpi13_incidents,pfm_ft,future_activity_set,all,5282,2,0.8351783752441406,2026-09-06T17:40:29
bpi13_incidents,pfm_ft,next_3_activities,0,0,0,0.18185333907604218,2026-09-06T17:35:43
bpi13_incidents,pfm_ft,next_3_activities,0,0,1,0.1519956737756729,2026-09-06T17:32:15
bpi13_incidents,pfm_ft,next_3_activities,0,0,2,0.28790223598480225,2026-09-06T17:40:29
bpi13_incidents,pfm_ft,next_3_activities,10,10,0,0.5287747383117676,2026-09-06T17:35:43
bpi13_incidents,pfm_ft,next_3_activities,10,10,1,0.5412283539772034,2026-09-06T17:32:15
bpi13_incidents,pfm_ft,next_3_activities,10,10,2,0.5233601331710815,2026-09-06T17:40:29
bpi13_incidents,pfm_ft,next_3_activities,100,100,0,0.5399907231330872,2026-09-06T17:35:43
bpi13_incidents,pfm_ft,next_3_activities,100,100,1,0.5748762488365173,2026-09-06T17:32:15
bpi13_incidents,pfm_ft,next_3_activities,100,100,2,0.5674505233764648,2026-09-06T17:40:29
bpi13_incidents,pfm_ft,next_3_activities,1000,1000,0,0.577815592288971,2026-09-06T17:35:43
bpi13_incidents,pfm_ft,next_3_activities,1000,1000,1,0.5981590151786804,2026-09-06T17:32:15
bpi13_incidents,pfm_ft,next_3_activities,1000,1000,2,0.5597153306007385,2026-09-06T17:40:29
bpi13_incidents,pfm_ft,next_3_activities,30,30,0,0.5300123691558838,2026-09-06T17:35:43
bpi13_incidents,pfm_ft,next_3_activities,30,30,1,0.5423112511634827,2026-09-06T17:32:15
bpi13_incidents,pfm_ft,next_3_activities,30,30,2,0.5469523668289185,2026-09-06T17:40:29
bpi13_incidents,pfm_ft,next_3_activities,300,300,0,0.5396039485931396,2026-09-06T17:35:43
bpi13_incidents,pfm_ft,next_3_activities,300,300,1,0.5761911869049072,2026-09-06T17:32:15
bpi13_incidents,pfm_ft,next_3_activities,300,300,2,0.5660581588745117,2026-09-06T17:40:29
bpi13_incidents,pfm_ft,next_3_activities,5000,5000,0,0.6046565771102905,2026-09-06T17:35:43
bpi13_incidents,pfm_ft,next_3_activities,5000,5000,1,0.601253092288971,2026-09-06T17:32:15
bpi13_incidents,pfm_ft,next_3_activities,5000,5000,2,0.5976175665855408,2026-09-06T17:40:29
bpi13_incidents,pfm_ft,next_3_activities,all,5282,0,0.6002475023269653,2026-09-06T17:35:43
bpi13_incidents,pfm_ft,next_3_activities,all,5282,1,0.5773515105247498,2026-09-06T17:32:15
bpi13_incidents,pfm_ft,next_3_activities,all,5282,2,0.5755723714828491,2026-09-06T17:40:29
bpi13_incidents,pfm_ft,next_5_activities,0,0,0,0.19437237083911896,2026-09-06T17:35:43
bpi13_incidents,pfm_ft,next_5_activities,0,0,1,0.12033673375844955,2026-09-06T17:32:15
bpi13_incidents,pfm_ft,next_5_activities,0,0,2,0.23698322474956512,2026-09-06T17:40:29
bpi13_incidents,pfm_ft,next_5_activities,10,10,0,0.5088508129119873,2026-09-06T17:35:43
bpi13_incidents,pfm_ft,next_5_activities,10,10,1,0.5248227119445801,2026-09-06T17:32:15
bpi13_incidents,pfm_ft,next_5_activities,10,10,2,0.5087931752204895,2026-09-06T17:40:29
bpi13_incidents,pfm_ft,next_5_activities,100,100,0,0.5137519240379333,2026-09-06T17:35:43
bpi13_incidents,pfm_ft,next_5_activities,100,100,1,0.5425820350646973,2026-09-06T17:32:15
bpi13_incidents,pfm_ft,next_5_activities,100,100,2,0.5312806367874146,2026-09-06T17:40:29
bpi13_incidents,pfm_ft,next_5_activities,1000,1000,0,0.5572853684425354,2026-09-06T17:35:43
bpi13_incidents,pfm_ft,next_5_activities,1000,1000,1,0.5583809018135071,2026-09-06T17:32:15
bpi13_incidents,pfm_ft,next_5_activities,1000,1000,2,0.5639739632606506,2026-09-06T17:40:29
bpi13_incidents,pfm_ft,next_5_activities,30,30,0,0.5143285393714905,2026-09-06T17:35:43
bpi13_incidents,pfm_ft,next_5_activities,30,30,1,0.5196909308433533,2026-09-06T17:32:15
bpi13_incidents,pfm_ft,next_5_activities,30,30,2,0.5179034471511841,2026-09-06T17:40:29
bpi13_incidents,pfm_ft,next_5_activities,300,300,0,0.5353745222091675,2026-09-06T17:35:43
bpi13_incidents,pfm_ft,next_5_activities,300,300,1,0.5454073548316956,2026-09-06T17:32:15
bpi13_incidents,pfm_ft,next_5_activities,300,300,2,0.5548636317253113,2026-09-06T17:40:29
bpi13_incidents,pfm_ft,next_5_activities,5000,5000,0,0.5533068180084229,2026-09-06T17:35:43
bpi13_incidents,pfm_ft,next_5_activities,5000,5000,1,0.565761387348175,2026-09-06T17:32:15
bpi13_incidents,pfm_ft,next_5_activities,5000,5000,2,0.5616675019264221,2026-09-06T17:40:29
bpi13_incidents,pfm_ft,next_5_activities,all,5282,0,0.5624170899391174,2026-09-06T17:35:43
bpi13_incidents,pfm_ft,next_5_activities,all,5282,1,0.5677218437194824,2026-09-06T17:32:15
bpi13_incidents,pfm_ft,next_5_activities,all,5282,2,0.5548636317253113,2026-09-06T17:40:29
bpi13_incidents,pfm_ft,next_activity,0,0,0,0.20382282137870789,2026-09-06T17:35:43
bpi13_incidents,pfm_ft,next_activity,0,0,1,0.019481712952256203,2026-09-06T17:32:15
bpi13_incidents,pfm_ft,next_activity,0,0,2,0.1376585215330124,2026-09-06T17:40:29
bpi13_incidents,pfm_ft,next_activity,10,10,0,0.6313177943229675,2026-09-06T17:35:43
bpi13_incidents,pfm_ft,next_activity,10,10,1,0.6631134152412415,2026-09-06T17:32:15
bpi13_incidents,pfm_ft,next_activity,10,10,2,0.6335232257843018,2026-09-06T17:40:29
bpi13_incidents,pfm_ft,next_activity,100,100,0,0.6564969420433044,2026-09-06T17:35:43
bpi13_incidents,pfm_ft,next_activity,100,100,1,0.7002389430999756,2026-09-06T17:32:15
bpi13_incidents,pfm_ft,next_activity,100,100,2,0.7035471200942993,2026-09-06T17:40:29
bpi13_incidents,pfm_ft,next_activity,1000,1000,0,0.7164124250411987,2026-09-06T17:35:43
bpi13_incidents,pfm_ft,next_activity,1000,1000,1,0.7180665135383606,2026-09-06T17:32:15
bpi13_incidents,pfm_ft,next_activity,1000,1000,2,0.7149420976638794,2026-09-06T17:40:29
bpi13_incidents,pfm_ft,next_activity,30,30,0,0.6903142929077148,2026-09-06T17:35:43
bpi13_incidents,pfm_ft,next_activity,30,30,1,0.6671567559242249,2026-09-06T17:32:15
bpi13_incidents,pfm_ft,next_activity,30,30,2,0.6504319310188293,2026-09-06T17:40:29
bpi13_incidents,pfm_ft,next_activity,300,300,0,0.7164124250411987,2026-09-06T17:35:43
bpi13_incidents,pfm_ft,next_activity,300,300,1,0.7169637680053711,2026-09-06T17:32:15
bpi13_incidents,pfm_ft,next_activity,300,300,2,0.7055688500404358,2026-09-06T17:40:29
bpi13_incidents,pfm_ft,next_activity,5000,5000,0,0.7210071682929993,2026-09-06T17:35:43
bpi13_incidents,pfm_ft,next_activity,5000,5000,1,0.6969307065010071,2026-09-06T17:32:15
bpi13_incidents,pfm_ft,next_activity,5000,5000,2,0.7050174474716187,2026-09-06T17:40:29
bpi13_incidents,pfm_ft,next_activity,all,5282,0,0.7009741067886353,2026-09-06T17:35:43
bpi13_incidents,pfm_ft,next_activity,all,5282,1,0.7096121907234192,2026-09-06T17:32:15
bpi13_incidents,pfm_ft,next_activity,all,5282,2,0.7186179161071777,2026-09-06T17:40:29
bpi13_incidents,pfm_ft,next_time,0,0,0,0.888128399848938,2026-09-06T17:35:43
bpi13_incidents,pfm_ft,next_time,0,0,1,0.8881297707557678,2026-09-06T17:32:15
bpi13_incidents,pfm_ft,next_time,0,0,2,0.8881298303604126,2026-09-06T17:40:29
bpi13_incidents,pfm_ft,next_time,10,10,0,0.6328391432762146,2026-09-06T17:35:43
bpi13_incidents,pfm_ft,next_time,10,10,1,0.6712750792503357,2026-09-06T17:32:15
bpi13_incidents,pfm_ft,next_time,10,10,2,0.6835185289382935,2026-09-06T17:40:29
bpi13_incidents,pfm_ft,next_time,100,100,0,0.632968008518219,2026-09-06T17:35:43
bpi13_incidents,pfm_ft,next_time,100,100,1,0.6105676293373108,2026-09-06T17:32:15
bpi13_incidents,pfm_ft,next_time,100,100,2,0.5907174944877625,2026-09-06T17:40:29
bpi13_incidents,pfm_ft,next_time,1000,1000,0,0.6001765131950378,2026-09-06T17:35:43
bpi13_incidents,pfm_ft,next_time,1000,1000,1,0.6092965602874756,2026-09-06T17:32:15
bpi13_incidents,pfm_ft,next_time,1000,1000,2,0.601302981376648,2026-09-06T17:40:29
bpi13_incidents,pfm_ft,next_time,30,30,0,0.5942082405090332,2026-09-06T17:35:43
bpi13_incidents,pfm_ft,next_time,30,30,1,0.6217003464698792,2026-09-06T17:32:15
bpi13_incidents,pfm_ft,next_time,30,30,2,0.7098650336265564,2026-09-06T17:40:29
bpi13_incidents,pfm_ft,next_time,300,300,0,0.60130375623703,2026-09-06T17:35:43
bpi13_incidents,pfm_ft,next_time,300,300,1,0.6166083812713623,2026-09-06T17:32:15
bpi13_incidents,pfm_ft,next_time,300,300,2,0.5976415872573853,2026-09-06T17:40:29
bpi13_incidents,pfm_ft,next_time,5000,5000,0,0.6090596318244934,2026-09-06T17:35:43
bpi13_incidents,pfm_ft,next_time,5000,5000,1,0.6108624339103699,2026-09-06T17:32:15
bpi13_incidents,pfm_ft,next_time,5000,5000,2,0.5905842781066895,2026-09-06T17:40:29
bpi13_incidents,pfm_ft,next_time,all,5282,0,0.6281082034111023,2026-09-06T17:35:43
bpi13_incidents,pfm_ft,next_time,all,5282,1,0.6077771186828613,2026-09-06T17:32:15
bpi13_incidents,pfm_ft,next_time,all,5282,2,0.5931389927864075,2026-09-06T17:40:29
bpi13_incidents,pfm_ft,remaining_count,0,0,0,3.618182420730591,2026-09-06T17:35:43
bpi13_incidents,pfm_ft,remaining_count,0,0,1,3.7648377418518066,2026-09-06T17:32:15
bpi13_incidents,pfm_ft,remaining_count,0,0,2,3.7606515884399414,2026-09-06T17:40:29
bpi13_incidents,pfm_ft,remaining_count,10,10,0,2.24717378616333,2026-09-06T17:35:43
bpi13_incidents,pfm_ft,remaining_count,10,10,1,2.1654052734375,2026-09-06T17:32:15
bpi13_incidents,pfm_ft,remaining_count,10,10,2,2.262432336807251,2026-09-06T17:40:29
bpi13_incidents,pfm_ft,remaining_count,100,100,0,2.279531717300415,2026-09-06T17:35:43
bpi13_incidents,pfm_ft,remaining_count,100,100,1,2.2087576389312744,2026-09-06T17:32:15
bpi13_incidents,pfm_ft,remaining_count,100,100,2,2.3350589275360107,2026-09-06T17:40:29
bpi13_incidents,pfm_ft,remaining_count,1000,1000,0,2.129851818084717,2026-09-06T17:35:43
bpi13_incidents,pfm_ft,remaining_count,1000,1000,1,2.128227472305298,2026-09-06T17:32:15
bpi13_incidents,pfm_ft,remaining_count,1000,1000,2,2.172140121459961,2026-09-06T17:40:29
bpi13_incidents,pfm_ft,remaining_count,30,30,0,2.1607518196105957,2026-09-06T17:35:43
bpi13_incidents,pfm_ft,remaining_count,30,30,1,2.1952950954437256,2026-09-06T17:32:15
bpi13_incidents,pfm_ft,remaining_count,30,30,2,2.194044589996338,2026-09-06T17:40:29
bpi13_incidents,pfm_ft,remaining_count,300,300,0,2.3535592555999756,2026-09-06T17:35:43
bpi13_incidents,pfm_ft,remaining_count,300,300,1,2.3426389694213867,2026-09-06T17:32:15
bpi13_incidents,pfm_ft,remaining_count,300,300,2,2.178379774093628,2026-09-06T17:40:29
bpi13_incidents,pfm_ft,remaining_count,5000,5000,0,2.105220317840576,2026-09-06T17:35:43
bpi13_incidents,pfm_ft,remaining_count,5000,5000,1,2.1248741149902344,2026-09-06T17:32:15
bpi13_incidents,pfm_ft,remaining_count,5000,5000,2,2.1064958572387695,2026-09-06T17:40:29
bpi13_incidents,pfm_ft,remaining_count,all,5282,0,2.0761985778808594,2026-09-06T17:35:43
bpi13_incidents,pfm_ft,remaining_count,all,5282,1,2.1505188941955566,2026-09-06T17:32:15
bpi13_incidents,pfm_ft,remaining_count,all,5282,2,2.074639081954956,2026-09-06T17:40:29
bpi13_incidents,pfm_ft,remaining_time,0,0,0,4.378602504730225,2026-09-06T17:35:43
bpi13_incidents,pfm_ft,remaining_time,0,0,1,4.378603935241699,2026-09-06T17:32:15
bpi13_incidents,pfm_ft,remaining_time,0,0,2,4.378602981567383,2026-09-06T17:40:29
bpi13_incidents,pfm_ft,remaining_time,10,10,0,3.437361001968384,2026-09-06T17:35:43
bpi13_incidents,pfm_ft,remaining_time,10,10,1,3.2120797634124756,2026-09-06T17:32:15
bpi13_incidents,pfm_ft,remaining_time,10,10,2,3.344123363494873,2026-09-06T17:40:29
bpi13_incidents,pfm_ft,remaining_time,100,100,0,3.1341066360473633,2026-09-06T17:35:43
bpi13_incidents,pfm_ft,remaining_time,100,100,1,3.2970478534698486,2026-09-06T17:32:15
bpi13_incidents,pfm_ft,remaining_time,100,100,2,3.489928722381592,2026-09-06T17:40:29
bpi13_incidents,pfm_ft,remaining_time,1000,1000,0,3.1533074378967285,2026-09-06T17:35:43
bpi13_incidents,pfm_ft,remaining_time,1000,1000,1,3.1406829357147217,2026-09-06T17:32:15
bpi13_incidents,pfm_ft,remaining_time,1000,1000,2,3.32260799407959,2026-09-06T17:40:29
bpi13_incidents,pfm_ft,remaining_time,30,30,0,3.1186187267303467,2026-09-06T17:35:43
bpi13_incidents,pfm_ft,remaining_time,30,30,1,3.223714590072632,2026-09-06T17:32:15
bpi13_incidents,pfm_ft,remaining_time,30,30,2,3.242478132247925,2026-09-06T17:40:29
bpi13_incidents,pfm_ft,remaining_time,300,300,0,3.1484649181365967,2026-09-06T17:35:43
bpi13_incidents,pfm_ft,remaining_time,300,300,1,3.0443217754364014,2026-09-06T17:32:15
bpi13_incidents,pfm_ft,remaining_time,300,300,2,3.3385579586029053,2026-09-06T17:40:29
bpi13_incidents,pfm_ft,remaining_time,5000,5000,0,3.350811719894409,2026-09-06T17:35:43
bpi13_incidents,pfm_ft,remaining_time,5000,5000,1,3.0955605506896973,2026-09-06T17:32:15
bpi13_incidents,pfm_ft,remaining_time,5000,5000,2,3.1100399494171143,2026-09-06T17:40:29
bpi13_incidents,pfm_ft,remaining_time,all,5282,0,3.227736711502075,2026-09-06T17:35:43
bpi13_incidents,pfm_ft,remaining_time,all,5282,1,3.2955849170684814,2026-09-06T17:32:15
bpi13_incidents,pfm_ft,remaining_time,all,5282,2,3.2544732093811035,2026-09-06T17:40:29
bpi13_incidents,pfm_ft_s2,future_activity_set,0,0,0,0.3765479326248169,2026-09-14T21:24:13
bpi13_incidents,pfm_ft_s2,future_activity_set,0,0,1,0.4548548758029938,2026-09-14T21:23:58
bpi13_incidents,pfm_ft_s2,future_activity_set,0,0,2,0.4374854862689972,2026-09-14T21:26:26
bpi13_incidents,pfm_ft_s2,future_activity_set,10,10,0,0.8171152472496033,2026-09-14T21:24:13
bpi13_incidents,pfm_ft_s2,future_activity_set,10,10,1,0.8429498076438904,2026-09-14T21:23:58
bpi13_incidents,pfm_ft_s2,future_activity_set,10,10,2,0.8250278830528259,2026-09-14T21:26:26
bpi13_incidents,pfm_ft_s2,future_activity_set,100,100,0,0.8270821571350098,2026-09-14T21:24:13
bpi13_incidents,pfm_ft_s2,future_activity_set,100,100,1,0.8361793756484985,2026-09-14T21:23:58
bpi13_incidents,pfm_ft_s2,future_activity_set,100,100,2,0.8369035124778748,2026-09-14T21:26:26
bpi13_incidents,pfm_ft_s2,future_activity_set,1000,1000,0,0.8400722146034241,2026-09-14T21:24:13
bpi13_incidents,pfm_ft_s2,future_activity_set,1000,1000,1,0.8461538553237915,2026-09-14T21:23:58
bpi13_incidents,pfm_ft_s2,future_activity_set,1000,1000,2,0.8419552445411682,2026-09-14T21:26:26
bpi13_incidents,pfm_ft_s2,future_activity_set,30,30,0,0.825160026550293,2026-09-14T21:24:13
bpi13_incidents,pfm_ft_s2,future_activity_set,30,30,1,0.8210101127624512,2026-09-14T21:23:58
bpi13_incidents,pfm_ft_s2,future_activity_set,30,30,2,0.8350630402565002,2026-09-14T21:26:26
bpi13_incidents,pfm_ft_s2,future_activity_set,300,300,0,0.8414319157600403,2026-09-14T21:24:13
bpi13_incidents,pfm_ft_s2,future_activity_set,300,300,1,0.8407011032104492,2026-09-14T21:23:58
bpi13_incidents,pfm_ft_s2,future_activity_set,300,300,2,0.8467534780502319,2026-09-14T21:26:26
bpi13_incidents,pfm_ft_s2,future_activity_set,5000,5000,0,0.8295297622680664,2026-09-14T21:24:13
bpi13_incidents,pfm_ft_s2,future_activity_set,5000,5000,1,0.825058102607727,2026-09-14T21:23:58
bpi13_incidents,pfm_ft_s2,future_activity_set,5000,5000,2,0.8514869809150696,2026-09-14T21:26:26
bpi13_incidents,pfm_ft_s2,future_activity_set,all,5282,0,0.8228662014007568,2026-09-14T21:24:13
bpi13_incidents,pfm_ft_s2,future_activity_set,all,5282,1,0.8468638062477112,2026-09-14T21:23:58
bpi13_incidents,pfm_ft_s2,future_activity_set,all,5282,2,0.8390194177627563,2026-09-14T21:26:26
bpi13_incidents,pfm_ft_s2,next_3_activities,0,0,0,0.1279393583536148,2026-09-14T21:24:13
bpi13_incidents,pfm_ft_s2,next_3_activities,0,0,1,0.07425742596387863,2026-09-14T21:23:58
bpi13_incidents,pfm_ft_s2,next_3_activities,0,0,2,0.13227103650569916,2026-09-14T21:26:26
bpi13_incidents,pfm_ft_s2,next_3_activities,10,10,0,0.5198019742965698,2026-09-14T21:24:13
bpi13_incidents,pfm_ft_s2,next_3_activities,10,10,1,0.5396039485931396,2026-09-14T21:23:58
bpi13_incidents,pfm_ft_s2,next_3_activities,10,10,2,0.5236695408821106,2026-09-14T21:26:26
bpi13_incidents,pfm_ft_s2,next_3_activities,100,100,0,0.5313273668289185,2026-09-14T21:24:13
bpi13_incidents,pfm_ft_s2,next_3_activities,100,100,1,0.5636602640151978,2026-09-14T21:23:58
bpi13_incidents,pfm_ft_s2,next_3_activities,100,100,2,0.5645111203193665,2026-09-14T21:26:26
bpi13_incidents,pfm_ft_s2,next_3_activities,1000,1000,0,0.5921255946159363,2026-09-14T21:24:13
bpi13_incidents,pfm_ft_s2,next_3_activities,1000,1000,1,0.5970761179924011,2026-09-14T21:23:58
bpi13_incidents,pfm_ft_s2,next_3_activities,1000,1000,2,0.5625773668289185,2026-09-14T21:26:26
bpi13_incidents,pfm_ft_s2,next_3_activities,30,30,0,0.5418471693992615,2026-09-14T21:24:13
bpi13_incidents,pfm_ft_s2,next_3_activities,30,30,1,0.5457147359848022,2026-09-14T21:23:58
bpi13_incidents,pfm_ft_s2,next_3_activities,30,30,2,0.5497369766235352,2026-09-14T21:26:26
bpi13_incidents,pfm_ft_s2,next_3_activities,300,300,0,0.5834622383117676,2026-09-14T21:24:13
bpi13_incidents,pfm_ft_s2,next_3_activities,300,300,1,0.5900371074676514,2026-09-14T21:23:58
bpi13_incidents,pfm_ft_s2,next_3_activities,300,300,2,0.5505878925323486,2026-09-14T21:26:26
bpi13_incidents,pfm_ft_s2,next_3_activities,5000,5000,0,0.591352105140686,2026-09-14T21:24:13
bpi13_incidents,pfm_ft_s2,next_3_activities,5000,5000,1,0.6020265817642212,2026-09-14T21:23:58
bpi13_incidents,pfm_ft_s2,next_3_activities,5000,5000,2,0.6068997383117676,2026-09-14T21:26:26
bpi13_incidents,pfm_ft_s2,next_3_activities,all,5282,0,0.5959158539772034,2026-09-14T21:24:13
bpi13_incidents,pfm_ft_s2,next_3_activities,all,5282,1,0.6024907231330872,2026-09-14T21:23:58
bpi13_incidents,pfm_ft_s2,next_3_activities,all,5282,2,0.5831528306007385,2026-09-14T21:26:26
bpi13_incidents,pfm_ft_s2,next_5_activities,0,0,0,0.10211613029241562,2026-09-14T21:24:13
bpi13_incidents,pfm_ft_s2,next_5_activities,0,0,1,0.09998270124197006,2026-09-14T21:23:58
bpi13_incidents,pfm_ft_s2,next_5_activities,0,0,2,0.09709969162940979,2026-09-14T21:26:26
bpi13_incidents,pfm_ft_s2,next_5_activities,10,10,0,0.5130600333213806,2026-09-14T21:24:13
bpi13_incidents,pfm_ft_s2,next_5_activities,10,10,1,0.5192296504974365,2026-09-14T21:23:58
bpi13_incidents,pfm_ft_s2,next_5_activities,10,10,2,0.506659746170044,2026-09-14T21:26:26
bpi13_incidents,pfm_ft_s2,next_5_activities,100,100,0,0.5176151990890503,2026-09-14T21:24:13
bpi13_incidents,pfm_ft_s2,next_5_activities,100,100,1,0.5240731239318848,2026-09-14T21:23:58
bpi13_incidents,pfm_ft_s2,next_5_activities,100,100,2,0.5360087752342224,2026-09-14T21:26:26
bpi13_incidents,pfm_ft_s2,next_5_activities,1000,1000,0,0.5432162880897522,2026-09-14T21:24:13
bpi13_incidents,pfm_ft_s2,next_5_activities,1000,1000,1,0.5636856555938721,2026-09-14T21:23:58
bpi13_incidents,pfm_ft_s2,next_5_activities,1000,1000,2,0.5597071051597595,2026-09-14T21:26:26
bpi13_incidents,pfm_ft_s2,next_5_activities,30,30,0,0.5298967957496643,2026-09-14T21:24:13
bpi13_incidents,pfm_ft_s2,next_5_activities,30,30,1,0.5245344042778015,2026-09-14T21:23:58
bpi13_incidents,pfm_ft_s2,next_5_activities,30,30,2,0.5139248967170715,2026-09-14T21:26:26
bpi13_incidents,pfm_ft_s2,next_5_activities,300,300,0,0.5640316009521484,2026-09-14T21:24:13
bpi13_incidents,pfm_ft_s2,next_5_activities,300,300,1,0.5512310266494751,2026-09-14T21:23:58
bpi13_incidents,pfm_ft_s2,next_5_activities,300,300,2,0.5574007034301758,2026-09-14T21:26:26
bpi13_incidents,pfm_ft_s2,next_5_activities,5000,5000,0,0.5647811889648438,2026-09-14T21:24:13
bpi13_incidents,pfm_ft_s2,next_5_activities,5000,5000,1,0.5671452283859253,2026-09-14T21:23:58
bpi13_incidents,pfm_ft_s2,next_5_activities,5000,5000,2,0.5599377155303955,2026-09-14T21:26:26
bpi13_incidents,pfm_ft_s2,next_5_activities,all,5282,0,0.555728554725647,2026-09-14T21:24:13
bpi13_incidents,pfm_ft_s2,next_5_activities,all,5282,1,0.5582079291343689,2026-09-14T21:23:58
bpi13_incidents,pfm_ft_s2,next_5_activities,all,5282,2,0.5457533001899719,2026-09-14T21:26:26
bpi13_incidents,pfm_ft_s2,next_activity,0,0,0,0.16118361055850983,2026-09-14T21:24:13
bpi13_incidents,pfm_ft_s2,next_activity,0,0,1,0.04962323233485222,2026-09-14T21:23:58
bpi13_incidents,pfm_ft_s2,next_activity,0,0,2,0.17901121079921722,2026-09-14T21:26:26
bpi13_incidents,pfm_ft_s2,next_activity,10,10,0,0.6421613693237305,2026-09-14T21:24:13
bpi13_incidents,pfm_ft_s2,next_activity,10,10,1,0.6566807627677917,2026-09-14T21:23:58
bpi13_incidents,pfm_ft_s2,next_activity,10,10,2,0.6381179690361023,2026-09-14T21:26:26
bpi13_incidents,pfm_ft_s2,next_activity,100,100,0,0.659805178642273,2026-09-14T21:24:13
bpi13_incidents,pfm_ft_s2,next_activity,100,100,1,0.6800220608711243,2026-09-14T21:23:58
bpi13_incidents,pfm_ft_s2,next_activity,100,100,2,0.686454713344574,2026-09-14T21:26:26
bpi13_incidents,pfm_ft_s2,next_activity,1000,1000,0,0.6991361975669861,2026-09-14T21:24:13
bpi13_incidents,pfm_ft_s2,next_activity,1000,1000,1,0.7127366065979004,2026-09-14T21:23:58
bpi13_incidents,pfm_ft_s2,next_activity,1000,1000,2,0.6783679723739624,2026-09-14T21:26:26
bpi13_incidents,pfm_ft_s2,next_activity,30,30,0,0.6903142929077148,2026-09-14T21:24:13
bpi13_incidents,pfm_ft_s2,next_activity,30,30,1,0.6969307065010071,2026-09-14T21:23:58
bpi13_incidents,pfm_ft_s2,next_activity,30,30,2,0.6515346169471741,2026-09-14T21:26:26
bpi13_incidents,pfm_ft_s2,next_activity,300,300,0,0.7083256840705872,2026-09-14T21:24:13
bpi13_incidents,pfm_ft_s2,next_activity,300,300,1,0.7092446088790894,2026-09-14T21:23:58
bpi13_incidents,pfm_ft_s2,next_activity,300,300,2,0.7167800068855286,2026-09-14T21:26:26
bpi13_incidents,pfm_ft_s2,next_activity,5000,5000,0,0.659805178642273,2026-09-14T21:24:13
bpi13_incidents,pfm_ft_s2,next_activity,5000,5000,1,0.7068553566932678,2026-09-14T21:23:58
bpi13_incidents,pfm_ft_s2,next_activity,5000,5000,2,0.7162286639213562,2026-09-14T21:26:26
bpi13_incidents,pfm_ft_s2,next_activity,all,5282,0,0.7024443745613098,2026-09-14T21:24:13
bpi13_incidents,pfm_ft_s2,next_activity,all,5282,1,0.712185263633728,2026-09-14T21:23:58
bpi13_incidents,pfm_ft_s2,next_activity,all,5282,2,0.7235802412033081,2026-09-14T21:26:26
bpi13_incidents,pfm_ft_s2,next_time,0,0,0,0.888127326965332,2026-09-14T21:24:13
bpi13_incidents,pfm_ft_s2,next_time,0,0,1,0.8881276845932007,2026-09-14T21:23:58
bpi13_incidents,pfm_ft_s2,next_time,0,0,2,0.8881290555000305,2026-09-14T21:26:26
bpi13_incidents,pfm_ft_s2,next_time,10,10,0,0.6434066891670227,2026-09-14T21:24:13
bpi13_incidents,pfm_ft_s2,next_time,10,10,1,0.6570987701416016,2026-09-14T21:23:58
bpi13_incidents,pfm_ft_s2,next_time,10,10,2,0.7132839560508728,2026-09-14T21:26:26
bpi13_incidents,pfm_ft_s2,next_time,100,100,0,0.6243270039558411,2026-09-14T21:24:13
bpi13_incidents,pfm_ft_s2,next_time,100,100,1,0.6250964403152466,2026-09-14T21:23:58
bpi13_incidents,pfm_ft_s2,next_time,100,100,2,0.5914744138717651,2026-09-14T21:26:26
bpi13_incidents,pfm_ft_s2,next_time,1000,1000,0,0.6096045970916748,2026-09-14T21:24:13
bpi13_incidents,pfm_ft_s2,next_time,1000,1000,1,0.60543292760849,2026-09-14T21:23:58
bpi13_incidents,pfm_ft_s2,next_time,1000,1000,2,0.602410614490509,2026-09-14T21:26:26
bpi13_incidents,pfm_ft_s2,next_time,30,30,0,0.6370069980621338,2026-09-14T21:24:13
bpi13_incidents,pfm_ft_s2,next_time,30,30,1,0.6135725975036621,2026-09-14T21:23:58
bpi13_incidents,pfm_ft_s2,next_time,30,30,2,0.6774620413780212,2026-09-14T21:26:26
bpi13_incidents,pfm_ft_s2,next_time,300,300,0,0.6001024842262268,2026-09-14T21:24:13
bpi13_incidents,pfm_ft_s2,next_time,300,300,1,0.6126445531845093,2026-09-14T21:23:58
bpi13_incidents,pfm_ft_s2,next_time,300,300,2,0.6185898780822754,2026-09-14T21:26:26
bpi13_incidents,pfm_ft_s2,next_time,5000,5000,0,0.5704198479652405,2026-09-14T21:24:13
bpi13_incidents,pfm_ft_s2,next_time,5000,5000,1,0.5941326022148132,2026-09-14T21:23:58
bpi13_incidents,pfm_ft_s2,next_time,5000,5000,2,0.6444215178489685,2026-09-14T21:26:26
bpi13_incidents,pfm_ft_s2,next_time,all,5282,0,0.5732609033584595,2026-09-14T21:24:13
bpi13_incidents,pfm_ft_s2,next_time,all,5282,1,0.585886538028717,2026-09-14T21:23:58
bpi13_incidents,pfm_ft_s2,next_time,all,5282,2,0.5821524858474731,2026-09-14T21:26:26
bpi13_incidents,pfm_ft_s2,remaining_count,0,0,0,3.5449447631835938,2026-09-14T21:24:13
bpi13_incidents,pfm_ft_s2,remaining_count,0,0,1,3.5820205211639404,2026-09-14T21:23:58
bpi13_incidents,pfm_ft_s2,remaining_count,0,0,2,3.6751954555511475,2026-09-14T21:26:26
bpi13_incidents,pfm_ft_s2,remaining_count,10,10,0,2.1614482402801514,2026-09-14T21:24:13
bpi13_incidents,pfm_ft_s2,remaining_count,10,10,1,2.206835985183716,2026-09-14T21:23:58
bpi13_incidents,pfm_ft_s2,remaining_count,10,10,2,2.2751588821411133,2026-09-14T21:26:26
bpi13_incidents,pfm_ft_s2,remaining_count,100,100,0,2.284895658493042,2026-09-14T21:24:13
bpi13_incidents,pfm_ft_s2,remaining_count,100,100,1,2.1507604122161865,2026-09-14T21:23:58
bpi13_incidents,pfm_ft_s2,remaining_count,100,100,2,2.2848377227783203,2026-09-14T21:26:26
bpi13_incidents,pfm_ft_s2,remaining_count,1000,1000,0,2.124606132507324,2026-09-14T21:24:13
bpi13_incidents,pfm_ft_s2,remaining_count,1000,1000,1,2.112565279006958,2026-09-14T21:23:58
bpi13_incidents,pfm_ft_s2,remaining_count,1000,1000,2,2.126204490661621,2026-09-14T21:26:26
bpi13_incidents,pfm_ft_s2,remaining_count,30,30,0,2.2504825592041016,2026-09-14T21:24:13
bpi13_incidents,pfm_ft_s2,remaining_count,30,30,1,2.2061870098114014,2026-09-14T21:23:58
bpi13_incidents,pfm_ft_s2,remaining_count,30,30,2,2.1839439868927,2026-09-14T21:26:26
bpi13_incidents,pfm_ft_s2,remaining_count,300,300,0,2.245306968688965,2026-09-14T21:24:13
bpi13_incidents,pfm_ft_s2,remaining_count,300,300,1,2.3088033199310303,2026-09-14T21:23:58
bpi13_incidents,pfm_ft_s2,remaining_count,300,300,2,2.2028584480285645,2026-09-14T21:26:26
bpi13_incidents,pfm_ft_s2,remaining_count,5000,5000,0,2.0785164833068848,2026-09-14T21:24:13
bpi13_incidents,pfm_ft_s2,remaining_count,5000,5000,1,2.101224184036255,2026-09-14T21:23:58
bpi13_incidents,pfm_ft_s2,remaining_count,5000,5000,2,2.097224235534668,2026-09-14T21:26:26
bpi13_incidents,pfm_ft_s2,remaining_count,all,5282,0,2.177589178085327,2026-09-14T21:24:13
bpi13_incidents,pfm_ft_s2,remaining_count,all,5282,1,2.1579806804656982,2026-09-14T21:23:58
bpi13_incidents,pfm_ft_s2,remaining_count,all,5282,2,2.1631529331207275,2026-09-14T21:26:26
bpi13_incidents,pfm_ft_s2,remaining_time,0,0,0,4.378601551055908,2026-09-14T21:24:13
bpi13_incidents,pfm_ft_s2,remaining_time,0,0,1,4.378602027893066,2026-09-14T21:23:58
bpi13_incidents,pfm_ft_s2,remaining_time,0,0,2,4.378602981567383,2026-09-14T21:26:26
bpi13_incidents,pfm_ft_s2,remaining_time,10,10,0,3.4233741760253906,2026-09-14T21:24:13
bpi13_incidents,pfm_ft_s2,remaining_time,10,10,1,3.175828695297241,2026-09-14T21:23:58
bpi13_incidents,pfm_ft_s2,remaining_time,10,10,2,3.4624509811401367,2026-09-14T21:26:26
bpi13_incidents,pfm_ft_s2,remaining_time,100,100,0,3.2316911220550537,2026-09-14T21:24:13
bpi13_incidents,pfm_ft_s2,remaining_time,100,100,1,3.160433769226074,2026-09-14T21:23:58
bpi13_incidents,pfm_ft_s2,remaining_time,100,100,2,3.2676126956939697,2026-09-14T21:26:26
bpi13_incidents,pfm_ft_s2,remaining_time,1000,1000,0,3.207740306854248,2026-09-14T21:24:13
bpi13_incidents,pfm_ft_s2,remaining_time,1000,1000,1,3.1787772178649902,2026-09-14T21:23:58
bpi13_incidents,pfm_ft_s2,remaining_time,1000,1000,2,3.180457592010498,2026-09-14T21:26:26
bpi13_incidents,pfm_ft_s2,remaining_time,30,30,0,3.514317750930786,2026-09-14T21:24:13
bpi13_incidents,pfm_ft_s2,remaining_time,30,30,1,3.2281272411346436,2026-09-14T21:23:58
bpi13_incidents,pfm_ft_s2,remaining_time,30,30,2,3.483375072479248,2026-09-14T21:26:26
bpi13_incidents,pfm_ft_s2,remaining_time,300,300,0,3.191071033477783,2026-09-14T21:24:13
bpi13_incidents,pfm_ft_s2,remaining_time,300,300,1,3.079961061477661,2026-09-14T21:23:58
bpi13_incidents,pfm_ft_s2,remaining_time,300,300,2,3.2006442546844482,2026-09-14T21:26:26
bpi13_incidents,pfm_ft_s2,remaining_time,5000,5000,0,3.387183427810669,2026-09-14T21:24:13
bpi13_incidents,pfm_ft_s2,remaining_time,5000,5000,1,3.2826719284057617,2026-09-14T21:23:58
bpi13_incidents,pfm_ft_s2,remaining_time,5000,5000,2,3.145407199859619,2026-09-14T21:26:26
bpi13_incidents,pfm_ft_s2,remaining_time,all,5282,0,3.082291603088379,2026-09-14T21:24:13
bpi13_incidents,pfm_ft_s2,remaining_time,all,5282,1,3.223926305770874,2026-09-14T21:23:58
bpi13_incidents,pfm_ft_s2,remaining_time,all,5282,2,3.213815689086914,2026-09-14T21:26:26
bpi13_incidents,pfm_rft,future_activity_set,0,0,0,0.19512435793876648,2026-09-07T21:35:54
bpi13_incidents,pfm_rft,future_activity_set,0,0,1,0.35175198316574097,2026-09-07T21:38:58
bpi13_incidents,pfm_rft,future_activity_set,0,0,2,0.1982014775276184,2026-09-07T21:37:29
bpi13_incidents,pfm_rft,future_activity_set,10,10,0,0.7982679009437561,2026-09-07T21:35:54
bpi13_incidents,pfm_rft,future_activity_set,10,10,1,0.8402208089828491,2026-09-07T21:38:58
bpi13_incidents,pfm_rft,future_activity_set,10,10,2,0.8057964444160461,2026-09-07T21:37:29
bpi13_incidents,pfm_rft,future_activity_set,100,100,0,0.8003339171409607,2026-09-07T21:35:54
bpi13_incidents,pfm_rft,future_activity_set,100,100,1,0.7571154236793518,2026-09-07T21:38:58
bpi13_incidents,pfm_rft,future_activity_set,100,100,2,0.8182886838912964,2026-09-07T21:37:29
bpi13_incidents,pfm_rft,future_activity_set,1000,1000,0,0.8313754796981812,2026-09-07T21:35:54
bpi13_incidents,pfm_rft,future_activity_set,1000,1000,1,0.8416185975074768,2026-09-07T21:38:58
bpi13_incidents,pfm_rft,future_activity_set,1000,1000,2,0.8400369882583618,2026-09-07T21:37:29
bpi13_incidents,pfm_rft,future_activity_set,30,30,0,0.7995633482933044,2026-09-07T21:35:54
bpi13_incidents,pfm_rft,future_activity_set,30,30,1,0.8115119934082031,2026-09-07T21:38:58
bpi13_incidents,pfm_rft,future_activity_set,30,30,2,0.8253343105316162,2026-09-07T21:37:29
bpi13_incidents,pfm_rft,future_activity_set,300,300,0,0.8361923694610596,2026-09-07T21:35:54
bpi13_incidents,pfm_rft,future_activity_set,300,300,1,0.8422978520393372,2026-09-07T21:38:58
bpi13_incidents,pfm_rft,future_activity_set,300,300,2,0.8383581042289734,2026-09-07T21:37:29
bpi13_incidents,pfm_rft,future_activity_set,5000,5000,0,0.8451317548751831,2026-09-07T21:35:54
bpi13_incidents,pfm_rft,future_activity_set,5000,5000,1,0.8394895792007446,2026-09-07T21:38:58
bpi13_incidents,pfm_rft,future_activity_set,5000,5000,2,0.8462172746658325,2026-09-07T21:37:29
bpi13_incidents,pfm_rft,future_activity_set,all,5282,0,0.845150887966156,2026-09-07T21:35:54
bpi13_incidents,pfm_rft,future_activity_set,all,5282,1,0.8378575444221497,2026-09-07T21:38:58
bpi13_incidents,pfm_rft,future_activity_set,all,5282,2,0.829733669757843,2026-09-07T21:37:29
bpi13_incidents,pfm_rft,next_3_activities,0,0,0,0.18185333907604218,2026-09-07T21:35:54
bpi13_incidents,pfm_rft,next_3_activities,0,0,1,0.1519956737756729,2026-09-07T21:38:58
bpi13_incidents,pfm_rft,next_3_activities,0,0,2,0.28790223598480225,2026-09-07T21:37:29
bpi13_incidents,pfm_rft,next_3_activities,10,10,0,0.5208848714828491,2026-09-07T21:35:54
bpi13_incidents,pfm_rft,next_3_activities,10,10,1,0.5252939462661743,2026-09-07T21:38:58
bpi13_incidents,pfm_rft,next_3_activities,10,10,2,0.5234375,2026-09-07T21:37:29
bpi13_incidents,pfm_rft,next_3_activities,100,100,0,0.5225092768669128,2026-09-07T21:35:54
bpi13_incidents,pfm_rft,next_3_activities,100,100,1,0.5245977640151978,2026-09-07T21:38:58
bpi13_incidents,pfm_rft,next_3_activities,100,100,2,0.5246751308441162,2026-09-07T21:37:29
bpi13_incidents,pfm_rft,next_3_activities,1000,1000,0,0.5860921740531921,2026-09-07T21:35:54
bpi13_incidents,pfm_rft,next_3_activities,1000,1000,1,0.5549195408821106,2026-09-07T21:38:58
bpi13_incidents,pfm_rft,next_3_activities,1000,1000,2,0.5407642126083374,2026-09-07T21:37:29
bpi13_incidents,pfm_rft,next_3_activities,30,30,0,0.5542234182357788,2026-09-07T21:35:54
bpi13_incidents,pfm_rft,next_3_activities,30,30,1,0.5251392126083374,2026-09-07T21:38:58
bpi13_incidents,pfm_rft,next_3_activities,30,30,2,0.5198019742965698,2026-09-07T21:37:29
bpi13_incidents,pfm_rft,next_3_activities,300,300,0,0.5211169719696045,2026-09-07T21:35:54
bpi13_incidents,pfm_rft,next_3_activities,300,300,1,0.5326423048973083,2026-09-07T21:38:58
bpi13_incidents,pfm_rft,next_3_activities,300,300,2,0.525835394859314,2026-09-07T21:37:29
bpi13_incidents,pfm_rft,next_3_activities,5000,5000,0,0.5774288177490234,2026-09-07T21:35:54
bpi13_incidents,pfm_rft,next_3_activities,5000,5000,1,0.5634282231330872,2026-09-07T21:38:58
bpi13_incidents,pfm_rft,next_3_activities,5000,5000,2,0.5584776997566223,2026-09-07T21:37:29
bpi13_incidents,pfm_rft,next_3_activities,all,5282,0,0.5429300665855408,2026-09-07T21:35:54
bpi13_incidents,pfm_rft,next_3_activities,all,5282,1,0.5614944100379944,2026-09-07T21:38:58
bpi13_incidents,pfm_rft,next_3_activities,all,5282,2,0.546565592288971,2026-09-07T21:37:29
bpi13_incidents,pfm_rft,next_5_activities,0,0,0,0.19437237083911896,2026-09-07T21:35:54
bpi13_incidents,pfm_rft,next_5_activities,0,0,1,0.12033673375844955,2026-09-07T21:38:58
bpi13_incidents,pfm_rft,next_5_activities,0,0,2,0.23698322474956512,2026-09-07T21:37:29
bpi13_incidents,pfm_rft,next_5_activities,10,10,0,0.5160006880760193,2026-09-07T21:35:54
bpi13_incidents,pfm_rft,next_5_activities,10,10,1,0.523842453956604,2026-09-07T21:38:58
bpi13_incidents,pfm_rft,next_5_activities,10,10,2,0.5071210265159607,2026-09-07T21:37:29
bpi13_incidents,pfm_rft,next_5_activities,100,100,0,0.506256103515625,2026-09-07T21:35:54
bpi13_incidents,pfm_rft,next_5_activities,100,100,1,0.5185377597808838,2026-09-07T21:38:58
bpi13_incidents,pfm_rft,next_5_activities,100,100,2,0.5100616812705994,2026-09-07T21:37:29
bpi13_incidents,pfm_rft,next_5_activities,1000,1000,0,0.5519806146621704,2026-09-07T21:35:54
bpi13_incidents,pfm_rft,next_5_activities,1000,1000,1,0.540217936038971,2026-09-07T21:38:58
bpi13_incidents,pfm_rft,next_5_activities,1000,1000,2,0.5309346914291382,2026-09-07T21:37:29
bpi13_incidents,pfm_rft,next_5_activities,30,30,0,0.5058525204658508,2026-09-07T21:35:54
bpi13_incidents,pfm_rft,next_5_activities,30,30,1,0.5107536315917969,2026-09-07T21:38:58
bpi13_incidents,pfm_rft,next_5_activities,30,30,2,0.5074669718742371,2026-09-07T21:37:29
bpi13_incidents,pfm_rft,next_5_activities,300,300,0,0.535662829875946,2026-09-07T21:35:54
bpi13_incidents,pfm_rft,next_5_activities,300,300,1,0.5103499889373779,2026-09-07T21:38:58
bpi13_incidents,pfm_rft,next_5_activities,300,300,2,0.5165196061134338,2026-09-07T21:37:29
bpi13_incidents,pfm_rft,next_5_activities,5000,5000,0,0.5588421821594238,2026-09-07T21:35:54
bpi13_incidents,pfm_rft,next_5_activities,5000,5000,1,0.5552095770835876,2026-09-07T21:38:58
bpi13_incidents,pfm_rft,next_5_activities,5000,5000,2,0.537738561630249,2026-09-07T21:37:29
bpi13_incidents,pfm_rft,next_5_activities,all,5282,0,0.5266101360321045,2026-09-07T21:35:54
bpi13_incidents,pfm_rft,next_5_activities,all,5282,1,0.5482327342033386,2026-09-07T21:38:58
bpi13_incidents,pfm_rft,next_5_activities,all,5282,2,0.5452920198440552,2026-09-07T21:37:29
bpi13_incidents,pfm_rft,next_activity,0,0,0,0.20382282137870789,2026-09-07T21:35:54
bpi13_incidents,pfm_rft,next_activity,0,0,1,0.019481712952256203,2026-09-07T21:38:58
bpi13_incidents,pfm_rft,next_activity,0,0,2,0.1376585215330124,2026-09-07T21:37:29
bpi13_incidents,pfm_rft,next_activity,10,10,0,0.6366477012634277,2026-09-07T21:35:54
bpi13_incidents,pfm_rft,next_activity,10,10,1,0.6364638805389404,2026-09-07T21:38:58
bpi13_incidents,pfm_rft,next_activity,10,10,2,0.6379342079162598,2026-09-07T21:37:29
bpi13_incidents,pfm_rft,next_activity,100,100,0,0.6362801194190979,2026-09-07T21:35:54
bpi13_incidents,pfm_rft,next_activity,100,100,1,0.6360962986946106,2026-09-07T21:38:58
bpi13_incidents,pfm_rft,next_activity,100,100,2,0.6370152831077576,2026-09-07T21:37:29
bpi13_incidents,pfm_rft,next_activity,1000,1000,0,0.6688109040260315,2026-09-07T21:35:54
bpi13_incidents,pfm_rft,next_activity,1000,1000,1,0.6360962986946106,2026-09-07T21:38:58
bpi13_incidents,pfm_rft,next_activity,1000,1000,2,0.6379342079162598,2026-09-07T21:37:29
bpi13_incidents,pfm_rft,next_activity,30,30,0,0.6364638805389404,2026-09-07T21:35:54
bpi13_incidents,pfm_rft,next_activity,30,30,1,0.6364638805389404,2026-09-07T21:38:58
bpi13_incidents,pfm_rft,next_activity,30,30,2,0.6366477012634277,2026-09-07T21:37:29
bpi13_incidents,pfm_rft,next_activity,300,300,0,0.6366477012634277,2026-09-07T21:35:54
bpi13_incidents,pfm_rft,next_activity,300,300,1,0.6368314623832703,2026-09-07T21:38:58
bpi13_incidents,pfm_rft,next_activity,300,300,2,0.6371990442276001,2026-09-07T21:37:29
bpi13_incidents,pfm_rft,next_activity,5000,5000,0,0.6662378311157227,2026-09-07T21:35:54
bpi13_incidents,pfm_rft,next_activity,5000,5000,1,0.6519021987915039,2026-09-07T21:38:58
bpi13_incidents,pfm_rft,next_activity,5000,5000,2,0.6590700149536133,2026-09-07T21:37:29
bpi13_incidents,pfm_rft,next_activity,all,5282,0,0.6680757403373718,2026-09-07T21:35:54
bpi13_incidents,pfm_rft,next_activity,all,5282,1,0.698584794998169,2026-09-07T21:38:58
bpi13_incidents,pfm_rft,next_activity,all,5282,2,0.6544752717018127,2026-09-07T21:37:29
bpi13_incidents,pfm_rft,next_time,0,0,0,0.888128399848938,2026-09-07T21:35:54
bpi13_incidents,pfm_rft,next_time,0,0,1,0.8881297707557678,2026-09-07T21:38:58
bpi13_incidents,pfm_rft,next_time,0,0,2,0.8881298303604126,2026-09-07T21:37:29
bpi13_incidents,pfm_rft,next_time,10,10,0,0.7302971482276917,2026-09-07T21:35:54
bpi13_incidents,pfm_rft,next_time,10,10,1,0.706924319267273,2026-09-07T21:38:58
bpi13_incidents,pfm_rft,next_time,10,10,2,0.8522040843963623,2026-09-07T21:37:29
bpi13_incidents,pfm_rft,next_time,100,100,0,0.6904561519622803,2026-09-07T21:35:54
bpi13_incidents,pfm_rft,next_time,100,100,1,0.6523159146308899,2026-09-07T21:38:58
bpi13_incidents,pfm_rft,next_time,100,100,2,0.6824833154678345,2026-09-07T21:37:29
bpi13_incidents,pfm_rft,next_time,1000,1000,0,0.6427889466285706,2026-09-07T21:35:54
bpi13_incidents,pfm_rft,next_time,1000,1000,1,0.6393871307373047,2026-09-07T21:38:58
bpi13_incidents,pfm_rft,next_time,1000,1000,2,0.6507601141929626,2026-09-07T21:37:29
bpi13_incidents,pfm_rft,next_time,30,30,0,0.7265849113464355,2026-09-07T21:35:54
bpi13_incidents,pfm_rft,next_time,30,30,1,0.8870948553085327,2026-09-07T21:38:58
bpi13_incidents,pfm_rft,next_time,30,30,2,0.8086196780204773,2026-09-07T21:37:29
bpi13_incidents,pfm_rft,next_time,300,300,0,0.692232072353363,2026-09-07T21:35:54
bpi13_incidents,pfm_rft,next_time,300,300,1,0.6402451395988464,2026-09-07T21:38:58
bpi13_incidents,pfm_rft,next_time,300,300,2,0.6471831798553467,2026-09-07T21:37:29
bpi13_incidents,pfm_rft,next_time,5000,5000,0,0.5887553095817566,2026-09-07T21:35:54
bpi13_incidents,pfm_rft,next_time,5000,5000,1,0.5903043746948242,2026-09-07T21:38:58
bpi13_incidents,pfm_rft,next_time,5000,5000,2,0.6285653114318848,2026-09-07T21:37:29
bpi13_incidents,pfm_rft,next_time,all,5282,0,0.6453078985214233,2026-09-07T21:35:54
bpi13_incidents,pfm_rft,next_time,all,5282,1,0.6501246094703674,2026-09-07T21:38:58
bpi13_incidents,pfm_rft,next_time,all,5282,2,0.6330478191375732,2026-09-07T21:37:29
bpi13_incidents,pfm_rft,remaining_count,0,0,0,3.618182420730591,2026-09-07T21:35:54
bpi13_incidents,pfm_rft,remaining_count,0,0,1,3.7648377418518066,2026-09-07T21:38:58
bpi13_incidents,pfm_rft,remaining_count,0,0,2,3.7606515884399414,2026-09-07T21:37:29
bpi13_incidents,pfm_rft,remaining_count,10,10,0,2.2548696994781494,2026-09-07T21:35:54
bpi13_incidents,pfm_rft,remaining_count,10,10,1,2.1863796710968018,2026-09-07T21:38:58
bpi13_incidents,pfm_rft,remaining_count,10,10,2,2.179702043533325,2026-09-07T21:37:29
bpi13_incidents,pfm_rft,remaining_count,100,100,0,2.2010281085968018,2026-09-07T21:35:54
bpi13_incidents,pfm_rft,remaining_count,100,100,1,2.1841018199920654,2026-09-07T21:38:58
bpi13_incidents,pfm_rft,remaining_count,100,100,2,2.2021994590759277,2026-09-07T21:37:29
bpi13_incidents,pfm_rft,remaining_count,1000,1000,0,2.209763765335083,2026-09-07T21:35:54
bpi13_incidents,pfm_rft,remaining_count,1000,1000,1,2.165747880935669,2026-09-07T21:38:58
bpi13_incidents,pfm_rft,remaining_count,1000,1000,2,2.1524431705474854,2026-09-07T21:37:29
bpi13_incidents,pfm_rft,remaining_count,30,30,0,2.1829214096069336,2026-09-07T21:35:54
bpi13_incidents,pfm_rft,remaining_count,30,30,1,2.1586620807647705,2026-09-07T21:38:58
bpi13_incidents,pfm_rft,remaining_count,30,30,2,2.1883928775787354,2026-09-07T21:37:29
bpi13_incidents,pfm_rft,remaining_count,300,300,0,2.268359661102295,2026-09-07T21:35:54
bpi13_incidents,pfm_rft,remaining_count,300,300,1,2.1804113388061523,2026-09-07T21:38:58
bpi13_incidents,pfm_rft,remaining_count,300,300,2,2.244739532470703,2026-09-07T21:37:29
bpi13_incidents,pfm_rft,remaining_count,5000,5000,0,2.1899471282958984,2026-09-07T21:35:54
bpi13_incidents,pfm_rft,remaining_count,5000,5000,1,2.190976858139038,2026-09-07T21:38:58
bpi13_incidents,pfm_rft,remaining_count,5000,5000,2,2.184602975845337,2026-09-07T21:37:29
bpi13_incidents,pfm_rft,remaining_count,all,5282,0,2.2127845287323,2026-09-07T21:35:54
bpi13_incidents,pfm_rft,remaining_count,all,5282,1,2.1706368923187256,2026-09-07T21:38:58
bpi13_incidents,pfm_rft,remaining_count,all,5282,2,2.218193769454956,2026-09-07T21:37:29
bpi13_incidents,pfm_rft,remaining_time,0,0,0,4.378602504730225,2026-09-07T21:35:54
bpi13_incidents,pfm_rft,remaining_time,0,0,1,4.378603935241699,2026-09-07T21:38:58
bpi13_incidents,pfm_rft,remaining_time,0,0,2,4.378602981567383,2026-09-07T21:37:29
bpi13_incidents,pfm_rft,remaining_time,10,10,0,3.2347795963287354,2026-09-07T21:35:54
bpi13_incidents,pfm_rft,remaining_time,10,10,1,3.2859387397766113,2026-09-07T21:38:58
bpi13_incidents,pfm_rft,remaining_time,10,10,2,3.335919141769409,2026-09-07T21:37:29
bpi13_incidents,pfm_rft,remaining_time,100,100,0,3.32108736038208,2026-09-07T21:35:54
bpi13_incidents,pfm_rft,remaining_time,100,100,1,3.268174171447754,2026-09-07T21:38:58
bpi13_incidents,pfm_rft,remaining_time,100,100,2,3.2990827560424805,2026-09-07T21:37:29
bpi13_incidents,pfm_rft,remaining_time,1000,1000,0,3.279447555541992,2026-09-07T21:35:54
bpi13_incidents,pfm_rft,remaining_time,1000,1000,1,3.264193058013916,2026-09-07T21:38:58
bpi13_incidents,pfm_rft,remaining_time,1000,1000,2,3.217953681945801,2026-09-07T21:37:29
bpi13_incidents,pfm_rft,remaining_time,30,30,0,3.3268628120422363,2026-09-07T21:35:54
bpi13_incidents,pfm_rft,remaining_time,30,30,1,3.2158894538879395,2026-09-07T21:38:58
bpi13_incidents,pfm_rft,remaining_time,30,30,2,3.2278976440429688,2026-09-07T21:37:29
bpi13_incidents,pfm_rft,remaining_time,300,300,0,3.334946393966675,2026-09-07T21:35:54
bpi13_incidents,pfm_rft,remaining_time,300,300,1,3.245436191558838,2026-09-07T21:38:58
bpi13_incidents,pfm_rft,remaining_time,300,300,2,3.201059341430664,2026-09-07T21:37:29
bpi13_incidents,pfm_rft,remaining_time,5000,5000,0,3.270185708999634,2026-09-07T21:35:54
bpi13_incidents,pfm_rft,remaining_time,5000,5000,1,3.2661871910095215,2026-09-07T21:38:58
bpi13_incidents,pfm_rft,remaining_time,5000,5000,2,3.194396734237671,2026-09-07T21:37:29
bpi13_incidents,pfm_rft,remaining_time,all,5282,0,3.3465576171875,2026-09-07T21:35:54
bpi13_incidents,pfm_rft,remaining_time,all,5282,1,3.2151479721069336,2026-09-07T21:38:58
bpi13_incidents,pfm_rft,remaining_time,all,5282,2,3.3316824436187744,2026-09-07T21:37:29
bpi13_incidents,pfm_s2,future_activity_set,0,0,0,0.3765479326248169,2026-09-14T21:22:00
bpi13_incidents,pfm_s2,future_activity_set,0,0,1,0.4548548758029938,2026-09-14T21:21:47
bpi13_incidents,pfm_s2,future_activity_set,0,0,2,0.4374854862689972,2026-09-14T21:24:19
bpi13_incidents,pfm_s2,future_activity_set,10,10,0,0.8114731311798096,2026-09-14T21:22:00
bpi13_incidents,pfm_s2,future_activity_set,10,10,1,0.8314337730407715,2026-09-14T21:21:47
bpi13_incidents,pfm_s2,future_activity_set,10,10,2,0.8225169777870178,2026-09-14T21:24:19
bpi13_incidents,pfm_s2,future_activity_set,100,100,0,0.8138250112533569,2026-09-14T21:22:00
bpi13_incidents,pfm_s2,future_activity_set,100,100,1,0.8092267513275146,2026-09-14T21:21:47
bpi13_incidents,pfm_s2,future_activity_set,100,100,2,0.8217067122459412,2026-09-14T21:24:19
bpi13_incidents,pfm_s2,future_activity_set,1000,1000,0,0.8351786136627197,2026-09-14T21:22:00
bpi13_incidents,pfm_s2,future_activity_set,1000,1000,1,0.8320128917694092,2026-09-14T21:21:47
bpi13_incidents,pfm_s2,future_activity_set,1000,1000,2,0.8231168389320374,2026-09-14T21:24:19
bpi13_incidents,pfm_s2,future_activity_set,30,30,0,0.8020905256271362,2026-09-14T21:22:00
bpi13_incidents,pfm_s2,future_activity_set,30,30,1,0.8013579845428467,2026-09-14T21:21:47
bpi13_incidents,pfm_s2,future_activity_set,30,30,2,0.8196895122528076,2026-09-14T21:24:19
bpi13_incidents,pfm_s2,future_activity_set,300,300,0,0.819120466709137,2026-09-14T21:22:00
bpi13_incidents,pfm_s2,future_activity_set,300,300,1,0.8321543335914612,2026-09-14T21:21:47
bpi13_incidents,pfm_s2,future_activity_set,300,300,2,0.8202333450317383,2026-09-14T21:24:19
bpi13_incidents,pfm_s2,future_activity_set,5000,5000,0,0.8388864994049072,2026-09-14T21:22:00
bpi13_incidents,pfm_s2,future_activity_set,5000,5000,1,0.8339085578918457,2026-09-14T21:21:47
bpi13_incidents,pfm_s2,future_activity_set,5000,5000,2,0.8389854431152344,2026-09-14T21:24:19
bpi13_incidents,pfm_s2,future_activity_set,all,5282,0,0.8405289053916931,2026-09-14T21:22:00
bpi13_incidents,pfm_s2,future_activity_set,all,5282,1,0.8268980383872986,2026-09-14T21:21:47
bpi13_incidents,pfm_s2,future_activity_set,all,5282,2,0.8339168429374695,2026-09-14T21:24:19
bpi13_incidents,pfm_s2,next_3_activities,0,0,0,0.1279393583536148,2026-09-14T21:22:00
bpi13_incidents,pfm_s2,next_3_activities,0,0,1,0.07425742596387863,2026-09-14T21:21:47
bpi13_incidents,pfm_s2,next_3_activities,0,0,2,0.13227103650569916,2026-09-14T21:24:19
bpi13_incidents,pfm_s2,next_3_activities,10,10,0,0.5215810537338257,2026-09-14T21:22:00
bpi13_incidents,pfm_s2,next_3_activities,10,10,1,0.5362005233764648,2026-09-14T21:21:47
bpi13_incidents,pfm_s2,next_3_activities,10,10,2,0.523746907711029,2026-09-14T21:24:19
bpi13_incidents,pfm_s2,next_3_activities,100,100,0,0.5228186845779419,2026-09-14T21:22:00
bpi13_incidents,pfm_s2,next_3_activities,100,100,1,0.5247524976730347,2026-09-14T21:21:47
bpi13_incidents,pfm_s2,next_3_activities,100,100,2,0.5248298048973083,2026-09-14T21:24:19
bpi13_incidents,pfm_s2,next_3_activities,1000,1000,0,0.5667543411254883,2026-09-14T21:22:00
bpi13_incidents,pfm_s2,next_3_activities,1000,1000,1,0.5684560537338257,2026-09-14T21:21:47
bpi13_incidents,pfm_s2,next_3_activities,1000,1000,2,0.5624226331710815,2026-09-14T21:24:19
bpi13_incidents,pfm_s2,next_3_activities,30,30,0,0.5219678282737732,2026-09-14T21:22:00
bpi13_incidents,pfm_s2,next_3_activities,30,30,1,0.5186417102813721,2026-09-14T21:21:47
bpi13_incidents,pfm_s2,next_3_activities,30,30,2,0.5233601331710815,2026-09-14T21:24:19
bpi13_incidents,pfm_s2,next_3_activities,300,300,0,0.5251392126083374,2026-09-14T21:22:00
bpi13_incidents,pfm_s2,next_3_activities,300,300,1,0.5555383563041687,2026-09-14T21:21:47
bpi13_incidents,pfm_s2,next_3_activities,300,300,2,0.523128092288971,2026-09-14T21:24:19
bpi13_incidents,pfm_s2,next_3_activities,5000,5000,0,0.5760365128517151,2026-09-14T21:22:00
bpi13_incidents,pfm_s2,next_3_activities,5000,5000,1,0.5859375,2026-09-14T21:21:47
bpi13_incidents,pfm_s2,next_3_activities,5000,5000,2,0.5723236203193665,2026-09-14T21:24:19
bpi13_incidents,pfm_s2,next_3_activities,all,5282,0,0.5730971693992615,2026-09-14T21:22:00
bpi13_incidents,pfm_s2,next_3_activities,all,5282,1,0.5806002616882324,2026-09-14T21:21:47
bpi13_incidents,pfm_s2,next_3_activities,all,5282,2,0.5857828259468079,2026-09-14T21:24:19
bpi13_incidents,pfm_s2,next_5_activities,0,0,0,0.10211613029241562,2026-09-14T21:22:00
bpi13_incidents,pfm_s2,next_5_activities,0,0,1,0.09998270124197006,2026-09-14T21:21:47
bpi13_incidents,pfm_s2,next_5_activities,0,0,2,0.09709969162940979,2026-09-14T21:24:19
bpi13_incidents,pfm_s2,next_5_activities,10,10,0,0.5075246691703796,2026-09-14T21:22:00
bpi13_incidents,pfm_s2,next_5_activities,10,10,1,0.5184224247932434,2026-09-14T21:21:47
bpi13_incidents,pfm_s2,next_5_activities,10,10,2,0.5072939991950989,2026-09-14T21:24:19
bpi13_incidents,pfm_s2,next_5_activities,100,100,0,0.5074669718742371,2026-09-14T21:22:00
bpi13_incidents,pfm_s2,next_5_activities,100,100,1,0.5098310708999634,2026-09-14T21:21:47
bpi13_incidents,pfm_s2,next_5_activities,100,100,2,0.5100040435791016,2026-09-14T21:24:19
bpi13_incidents,pfm_s2,next_5_activities,1000,1000,0,0.5353745222091675,2026-09-14T21:22:00
bpi13_incidents,pfm_s2,next_5_activities,1000,1000,1,0.5466759204864502,2026-09-14T21:21:47
bpi13_incidents,pfm_s2,next_5_activities,1000,1000,2,0.5515770316123962,2026-09-14T21:24:19
bpi13_incidents,pfm_s2,next_5_activities,30,30,0,0.5075823068618774,2026-09-14T21:22:00
bpi13_incidents,pfm_s2,next_5_activities,30,30,1,0.5052182674407959,2026-09-14T21:21:47
bpi13_incidents,pfm_s2,next_5_activities,30,30,2,0.5085048675537109,2026-09-14T21:24:19
bpi13_incidents,pfm_s2,next_5_activities,300,300,0,0.513002336025238,2026-09-14T21:22:00
bpi13_incidents,pfm_s2,next_5_activities,300,300,1,0.5347979068756104,2026-09-14T21:21:47
bpi13_incidents,pfm_s2,next_5_activities,300,300,2,0.5098310708999634,2026-09-14T21:24:19
bpi13_incidents,pfm_s2,next_5_activities,5000,5000,0,0.5615522265434265,2026-09-14T21:22:00
bpi13_incidents,pfm_s2,next_5_activities,5000,5000,1,0.560860276222229,2026-09-14T21:21:47
bpi13_incidents,pfm_s2,next_5_activities,5000,5000,2,0.5545753240585327,2026-09-14T21:24:19
bpi13_incidents,pfm_s2,next_5_activities,all,5282,0,0.5597647428512573,2026-09-14T21:22:00
bpi13_incidents,pfm_s2,next_5_activities,all,5282,1,0.5568240880966187,2026-09-14T21:21:47
bpi13_incidents,pfm_s2,next_5_activities,all,5282,2,0.5649541616439819,2026-09-14T21:24:19
bpi13_incidents,pfm_s2,next_activity,0,0,0,0.16118361055850983,2026-09-14T21:22:00
bpi13_incidents,pfm_s2,next_activity,0,0,1,0.04962323233485222,2026-09-14T21:21:47
bpi13_incidents,pfm_s2,next_activity,0,0,2,0.17901121079921722,2026-09-14T21:24:19
bpi13_incidents,pfm_s2,next_activity,10,10,0,0.6348097920417786,2026-09-14T21:22:00
bpi13_incidents,pfm_s2,next_activity,10,10,1,0.6360962986946106,2026-09-14T21:21:47
bpi13_incidents,pfm_s2,next_activity,10,10,2,0.6397721171379089,2026-09-14T21:24:19
bpi13_incidents,pfm_s2,next_activity,100,100,0,0.6368314623832703,2026-09-14T21:22:00
bpi13_incidents,pfm_s2,next_activity,100,100,1,0.6364638805389404,2026-09-14T21:21:47
bpi13_incidents,pfm_s2,next_activity,100,100,2,0.6384855508804321,2026-09-14T21:24:19
bpi13_incidents,pfm_s2,next_activity,1000,1000,0,0.6590700149536133,2026-09-14T21:22:00
bpi13_incidents,pfm_s2,next_activity,1000,1000,1,0.6566807627677917,2026-09-14T21:21:47
bpi13_incidents,pfm_s2,next_activity,1000,1000,2,0.6379342079162598,2026-09-14T21:24:19
bpi13_incidents,pfm_s2,next_activity,30,30,0,0.6364638805389404,2026-09-14T21:22:00
bpi13_incidents,pfm_s2,next_activity,30,30,1,0.6335232257843018,2026-09-14T21:21:47
bpi13_incidents,pfm_s2,next_activity,30,30,2,0.6366477012634277,2026-09-14T21:24:19
bpi13_incidents,pfm_s2,next_activity,300,300,0,0.638853132724762,2026-09-14T21:22:00
bpi13_incidents,pfm_s2,next_activity,300,300,1,0.6362801194190979,2026-09-14T21:21:47
bpi13_incidents,pfm_s2,next_activity,300,300,2,0.6384855508804321,2026-09-14T21:24:19
bpi13_incidents,pfm_s2,next_activity,5000,5000,0,0.664216160774231,2026-09-14T21:22:00
bpi13_incidents,pfm_s2,next_activity,5000,5000,1,0.6757948994636536,2026-09-14T21:21:47
bpi13_incidents,pfm_s2,next_activity,5000,5000,2,0.6805734038352966,2026-09-14T21:24:19
bpi13_incidents,pfm_s2,next_activity,all,5282,0,0.6743245720863342,2026-09-14T21:22:00
bpi13_incidents,pfm_s2,next_activity,all,5282,1,0.6831464767456055,2026-09-14T21:21:47
bpi13_incidents,pfm_s2,next_activity,all,5282,2,0.6879250407218933,2026-09-14T21:24:19
bpi13_incidents,pfm_s2,next_time,0,0,0,0.888127326965332,2026-09-14T21:22:00
bpi13_incidents,pfm_s2,next_time,0,0,1,0.8881276845932007,2026-09-14T21:21:47
bpi13_incidents,pfm_s2,next_time,0,0,2,0.8881290555000305,2026-09-14T21:24:19
bpi13_incidents,pfm_s2,next_time,10,10,0,0.8874086737632751,2026-09-14T21:22:00
bpi13_incidents,pfm_s2,next_time,10,10,1,0.8871603608131409,2026-09-14T21:21:47
bpi13_incidents,pfm_s2,next_time,10,10,2,0.887380063533783,2026-09-14T21:24:19
bpi13_incidents,pfm_s2,next_time,100,100,0,0.8874710202217102,2026-09-14T21:22:00
bpi13_incidents,pfm_s2,next_time,100,100,1,0.8874058127403259,2026-09-14T21:21:47
bpi13_incidents,pfm_s2,next_time,100,100,2,0.8874325752258301,2026-09-14T21:24:19
bpi13_incidents,pfm_s2,next_time,1000,1000,0,0.6131067276000977,2026-09-14T21:22:00
bpi13_incidents,pfm_s2,next_time,1000,1000,1,0.6122453808784485,2026-09-14T21:21:47
bpi13_incidents,pfm_s2,next_time,1000,1000,2,0.6031782627105713,2026-09-14T21:24:19
bpi13_incidents,pfm_s2,next_time,30,30,0,0.8873963952064514,2026-09-14T21:22:00
bpi13_incidents,pfm_s2,next_time,30,30,1,0.8873711824417114,2026-09-14T21:21:47
bpi13_incidents,pfm_s2,next_time,30,30,2,0.8874169588088989,2026-09-14T21:24:19
bpi13_incidents,pfm_s2,next_time,300,300,0,0.6328434348106384,2026-09-14T21:22:00
bpi13_incidents,pfm_s2,next_time,300,300,1,0.8703094124794006,2026-09-14T21:21:47
bpi13_incidents,pfm_s2,next_time,300,300,2,0.632387101650238,2026-09-14T21:24:19
bpi13_incidents,pfm_s2,next_time,5000,5000,0,0.6104616522789001,2026-09-14T21:22:00
bpi13_incidents,pfm_s2,next_time,5000,5000,1,0.6134383082389832,2026-09-14T21:21:47
bpi13_incidents,pfm_s2,next_time,5000,5000,2,0.6097800135612488,2026-09-14T21:24:19
bpi13_incidents,pfm_s2,next_time,all,5282,0,0.6078283786773682,2026-09-14T21:22:00
bpi13_incidents,pfm_s2,next_time,all,5282,1,0.6072719693183899,2026-09-14T21:21:47
bpi13_incidents,pfm_s2,next_time,all,5282,2,0.5982958078384399,2026-09-14T21:24:19
bpi13_incidents,pfm_s2,remaining_count,0,0,0,3.5449447631835938,2026-09-14T21:22:00
bpi13_incidents,pfm_s2,remaining_count,0,0,1,3.5820205211639404,2026-09-14T21:21:47
bpi13_incidents,pfm_s2,remaining_count,0,0,2,3.6751954555511475,2026-09-14T21:24:19
bpi13_incidents,pfm_s2,remaining_count,10,10,0,2.1764583587646484,2026-09-14T21:22:00
bpi13_incidents,pfm_s2,remaining_count,10,10,1,2.1949026584625244,2026-09-14T21:21:47
bpi13_incidents,pfm_s2,remaining_count,10,10,2,2.1930367946624756,2026-09-14T21:24:19
bpi13_incidents,pfm_s2,remaining_count,100,100,0,2.248363494873047,2026-09-14T21:22:00
bpi13_incidents,pfm_s2,remaining_count,100,100,1,2.189305067062378,2026-09-14T21:21:47
bpi13_incidents,pfm_s2,remaining_count,100,100,2,2.217242956161499,2026-09-14T21:24:19
bpi13_incidents,pfm_s2,remaining_count,1000,1000,0,2.1832475662231445,2026-09-14T21:22:00
bpi13_incidents,pfm_s2,remaining_count,1000,1000,1,2.161553144454956,2026-09-14T21:21:47
bpi13_incidents,pfm_s2,remaining_count,1000,1000,2,2.17836332321167,2026-09-14T21:24:19
bpi13_incidents,pfm_s2,remaining_count,30,30,0,2.1785218715667725,2026-09-14T21:22:00
bpi13_incidents,pfm_s2,remaining_count,30,30,1,2.2109787464141846,2026-09-14T21:21:47
bpi13_incidents,pfm_s2,remaining_count,30,30,2,2.1980419158935547,2026-09-14T21:24:19
bpi13_incidents,pfm_s2,remaining_count,300,300,0,2.2159371376037598,2026-09-14T21:22:00
bpi13_incidents,pfm_s2,remaining_count,300,300,1,2.1937122344970703,2026-09-14T21:21:47
bpi13_incidents,pfm_s2,remaining_count,300,300,2,2.2645297050476074,2026-09-14T21:24:19
bpi13_incidents,pfm_s2,remaining_count,5000,5000,0,2.1696650981903076,2026-09-14T21:22:00
bpi13_incidents,pfm_s2,remaining_count,5000,5000,1,2.144778251647949,2026-09-14T21:21:47
bpi13_incidents,pfm_s2,remaining_count,5000,5000,2,2.198240041732788,2026-09-14T21:24:19
bpi13_incidents,pfm_s2,remaining_count,all,5282,0,2.188586711883545,2026-09-14T21:22:00
bpi13_incidents,pfm_s2,remaining_count,all,5282,1,2.1277918815612793,2026-09-14T21:21:47
bpi13_incidents,pfm_s2,remaining_count,all,5282,2,2.1732490062713623,2026-09-14T21:24:19
bpi13_incidents,pfm_s2,remaining_time,0,0,0,4.378601551055908,2026-09-14T21:22:00
bpi13_incidents,pfm_s2,remaining_time,0,0,1,4.378602027893066,2026-09-14T21:21:47
bpi13_incidents,pfm_s2,remaining_time,0,0,2,4.378602981567383,2026-09-14T21:24:19
bpi13_incidents,pfm_s2,remaining_time,10,10,0,3.602627992630005,2026-09-14T21:22:00
bpi13_incidents,pfm_s2,remaining_time,10,10,1,3.3770618438720703,2026-09-14T21:21:47
bpi13_incidents,pfm_s2,remaining_time,10,10,2,3.6264114379882812,2026-09-14T21:24:19
bpi13_incidents,pfm_s2,remaining_time,100,100,0,3.794935941696167,2026-09-14T21:22:00
bpi13_incidents,pfm_s2,remaining_time,100,100,1,3.5154197216033936,2026-09-14T21:21:47
bpi13_incidents,pfm_s2,remaining_time,100,100,2,3.793649196624756,2026-09-14T21:24:19
bpi13_incidents,pfm_s2,remaining_time,1000,1000,0,3.463304281234741,2026-09-14T21:22:00
bpi13_incidents,pfm_s2,remaining_time,1000,1000,1,3.574462890625,2026-09-14T21:21:47
bpi13_incidents,pfm_s2,remaining_time,1000,1000,2,3.2470052242279053,2026-09-14T21:24:19
bpi13_incidents,pfm_s2,remaining_time,30,30,0,3.568861246109009,2026-09-14T21:22:00
bpi13_incidents,pfm_s2,remaining_time,30,30,1,3.7243881225585938,2026-09-14T21:21:47
bpi13_incidents,pfm_s2,remaining_time,30,30,2,3.682809352874756,2026-09-14T21:24:19
bpi13_incidents,pfm_s2,remaining_time,300,300,0,3.5271518230438232,2026-09-14T21:22:00
bpi13_incidents,pfm_s2,remaining_time,300,300,1,3.440472364425659,2026-09-14T21:21:47
bpi13_incidents,pfm_s2,remaining_time,300,300,2,3.638932704925537,2026-09-14T21:24:19
bpi13_incidents,pfm_s2,remaining_time,5000,5000,0,3.4530255794525146,2026-09-14T21:22:00
bpi13_incidents,pfm_s2,remaining_time,5000,5000,1,3.4872817993164062,2026-09-14T21:21:47
bpi13_incidents,pfm_s2,remaining_time,5000,5000,2,3.5458850860595703,2026-09-14T21:24:19
bpi13_incidents,pfm_s2,remaining_time,all,5282,0,3.4004054069519043,2026-09-14T21:22:00
bpi13_incidents,pfm_s2,remaining_time,all,5282,1,3.4003806114196777,2026-09-14T21:21:47
bpi13_incidents,pfm_s2,remaining_time,all,5282,2,3.4512853622436523,2026-09-14T21:24:19
bpi13_incidents,pfm_scratch,future_activity_set,0,0,0,0.2960369288921356,2026-09-14T23:24:25
bpi13_incidents,pfm_scratch,future_activity_set,0,0,1,0.002019522013142705,2026-09-14T23:30:33
bpi13_incidents,pfm_scratch,future_activity_set,0,0,2,0.20309503376483917,2026-09-14T23:34:42
bpi13_incidents,pfm_scratch,future_activity_set,10,10,0,0.7529294490814209,2026-09-14T23:24:25
bpi13_incidents,pfm_scratch,future_activity_set,10,10,1,0.8331620693206787,2026-09-14T23:30:33
bpi13_incidents,pfm_scratch,future_activity_set,10,10,2,0.7573480010032654,2026-09-14T23:34:42
bpi13_incidents,pfm_scratch,future_activity_set,100,100,0,0.7498868703842163,2026-09-14T23:24:25
bpi13_incidents,pfm_scratch,future_activity_set,100,100,1,0.7510195374488831,2026-09-14T23:30:33
bpi13_incidents,pfm_scratch,future_activity_set,100,100,2,0.7573480010032654,2026-09-14T23:34:42
bpi13_incidents,pfm_scratch,future_activity_set,1000,1000,0,0.8426950573921204,2026-09-14T23:24:25
bpi13_incidents,pfm_scratch,future_activity_set,1000,1000,1,0.8457773327827454,2026-09-14T23:30:33
bpi13_incidents,pfm_scratch,future_activity_set,1000,1000,2,0.8498445153236389,2026-09-14T23:34:42
bpi13_incidents,pfm_scratch,future_activity_set,30,30,0,0.8270626068115234,2026-09-14T23:24:25
bpi13_incidents,pfm_scratch,future_activity_set,30,30,1,0.7510195374488831,2026-09-14T23:30:33
bpi13_incidents,pfm_scratch,future_activity_set,30,30,2,0.7573480010032654,2026-09-14T23:34:42
bpi13_incidents,pfm_scratch,future_activity_set,300,300,0,0.7573480010032654,2026-09-14T23:24:25
bpi13_incidents,pfm_scratch,future_activity_set,300,300,1,0.8486579656600952,2026-09-14T23:30:33
bpi13_incidents,pfm_scratch,future_activity_set,300,300,2,0.7573480010032654,2026-09-14T23:34:42
bpi13_incidents,pfm_scratch,future_activity_set,5000,5000,0,0.8499247431755066,2026-09-14T23:24:25
bpi13_incidents,pfm_scratch,future_activity_set,5000,5000,1,0.8482195734977722,2026-09-14T23:30:33
bpi13_incidents,pfm_scratch,future_activity_set,5000,5000,2,0.8453526496887207,2026-09-14T23:34:42
bpi13_incidents,pfm_scratch,future_activity_set,all,5282,0,0.8485915660858154,2026-09-14T23:24:25
bpi13_incidents,pfm_scratch,future_activity_set,all,5282,1,0.8485699892044067,2026-09-14T23:30:33
bpi13_incidents,pfm_scratch,future_activity_set,all,5282,2,0.8503174781799316,2026-09-14T23:34:42
bpi13_incidents,pfm_scratch,next_3_activities,0,0,0,0.02274133637547493,2026-09-14T23:24:25
bpi13_incidents,pfm_scratch,next_3_activities,0,0,1,0.00015470296784769744,2026-09-14T23:30:33
bpi13_incidents,pfm_scratch,next_3_activities,0,0,2,0.1258508712053299,2026-09-14T23:34:42
bpi13_incidents,pfm_scratch,next_3_activities,10,10,0,0.47687190771102905,2026-09-14T23:24:25
bpi13_incidents,pfm_scratch,next_3_activities,10,10,1,0.5308632254600525,2026-09-14T23:30:33
bpi13_incidents,pfm_scratch,next_3_activities,10,10,2,0.5320234894752502,2026-09-14T23:34:42
bpi13_incidents,pfm_scratch,next_3_activities,100,100,0,0.47687190771102905,2026-09-14T23:24:25
bpi13_incidents,pfm_scratch,next_3_activities,100,100,1,0.47687190771102905,2026-09-14T23:30:33
bpi13_incidents,pfm_scratch,next_3_activities,100,100,2,0.5582456588745117,2026-09-14T23:34:42
bpi13_incidents,pfm_scratch,next_3_activities,1000,1000,0,0.6011757254600525,2026-09-14T23:24:25
bpi13_incidents,pfm_scratch,next_3_activities,1000,1000,1,0.5966119766235352,2026-09-14T23:30:33
bpi13_incidents,pfm_scratch,next_3_activities,1000,1000,2,0.6001701951026917,2026-09-14T23:34:42
bpi13_incidents,pfm_scratch,next_3_activities,30,30,0,0.47687190771102905,2026-09-14T23:24:25
bpi13_incidents,pfm_scratch,next_3_activities,30,30,1,0.47687190771102905,2026-09-14T23:30:33
bpi13_incidents,pfm_scratch,next_3_activities,30,30,2,0.5732518434524536,2026-09-14T23:34:42
bpi13_incidents,pfm_scratch,next_3_activities,300,300,0,0.5878713130950928,2026-09-14T23:24:25
bpi13_incidents,pfm_scratch,next_3_activities,300,300,1,0.5825340151786804,2026-09-14T23:30:33
bpi13_incidents,pfm_scratch,next_3_activities,300,300,2,0.5644338130950928,2026-09-14T23:34:42
bpi13_incidents,pfm_scratch,next_3_activities,5000,5000,0,0.6004022359848022,2026-09-14T23:24:25
bpi13_incidents,pfm_scratch,next_3_activities,5000,5000,1,0.5946008563041687,2026-09-14T23:30:33
bpi13_incidents,pfm_scratch,next_3_activities,5000,5000,2,0.5960705280303955,2026-09-14T23:34:42
bpi13_incidents,pfm_scratch,next_3_activities,all,5282,0,0.5957611203193665,2026-09-14T23:24:25
bpi13_incidents,pfm_scratch,next_3_activities,all,5282,1,0.6010210514068604,2026-09-14T23:30:33
bpi13_incidents,pfm_scratch,next_3_activities,all,5282,2,0.5885674357414246,2026-09-14T23:34:42
bpi13_incidents,pfm_scratch,next_5_activities,0,0,0,0.06757769733667374,2026-09-14T23:24:25
bpi13_incidents,pfm_scratch,next_5_activities,0,0,1,0.14340078830718994,2026-09-14T23:30:33
bpi13_incidents,pfm_scratch,next_5_activities,0,0,2,0.016260161995887756,2026-09-14T23:34:42
bpi13_incidents,pfm_scratch,next_5_activities,10,10,0,0.5098310708999634,2026-09-14T23:24:25
bpi13_incidents,pfm_scratch,next_5_activities,10,10,1,0.5297238230705261,2026-09-14T23:30:33
bpi13_incidents,pfm_scratch,next_5_activities,10,10,2,0.47494667768478394,2026-09-14T23:34:42
bpi13_incidents,pfm_scratch,next_5_activities,100,100,0,0.47494667768478394,2026-09-14T23:24:25
bpi13_incidents,pfm_scratch,next_5_activities,100,100,1,0.47494667768478394,2026-09-14T23:30:33
bpi13_incidents,pfm_scratch,next_5_activities,100,100,2,0.47494667768478394,2026-09-14T23:34:42
bpi13_incidents,pfm_scratch,next_5_activities,1000,1000,0,0.5670299530029297,2026-09-14T23:24:25
bpi13_incidents,pfm_scratch,next_5_activities,1000,1000,1,0.5670299530029297,2026-09-14T23:30:33
bpi13_incidents,pfm_scratch,next_5_activities,1000,1000,2,0.5706048607826233,2026-09-14T23:34:42
bpi13_incidents,pfm_scratch,next_5_activities,30,30,0,0.5000288486480713,2026-09-14T23:24:25
bpi13_incidents,pfm_scratch,next_5_activities,30,30,1,0.47494667768478394,2026-09-14T23:30:33
bpi13_incidents,pfm_scratch,next_5_activities,30,30,2,0.47494667768478394,2026-09-14T23:34:42
bpi13_incidents,pfm_scratch,next_5_activities,300,300,0,0.5599954128265381,2026-09-14T23:24:25
bpi13_incidents,pfm_scratch,next_5_activities,300,300,1,0.5603989958763123,2026-09-14T23:30:33
bpi13_incidents,pfm_scratch,next_5_activities,300,300,2,0.5650117993354797,2026-09-14T23:34:42
bpi13_incidents,pfm_scratch,next_5_activities,5000,5000,0,0.5658190846443176,2026-09-14T23:24:25
bpi13_incidents,pfm_scratch,next_5_activities,5000,5000,1,0.5620135068893433,2026-09-14T23:30:33
bpi13_incidents,pfm_scratch,next_5_activities,5000,5000,2,0.5709508061408997,2026-09-14T23:34:42
bpi13_incidents,pfm_scratch,next_5_activities,all,5282,0,0.5704318881034851,2026-09-14T23:24:25
bpi13_incidents,pfm_scratch,next_5_activities,all,5282,1,0.5631666779518127,2026-09-14T23:30:33
bpi13_incidents,pfm_scratch,next_5_activities,all,5282,2,0.5596494078636169,2026-09-14T23:34:42
bpi13_incidents,pfm_scratch,next_activity,0,0,0,0.0,2026-09-14T23:24:25
bpi13_incidents,pfm_scratch,next_activity,0,0,1,0.0001837897434597835,2026-09-14T23:30:33
bpi13_incidents,pfm_scratch,next_activity,0,0,2,0.22771549224853516,2026-09-14T23:34:42
bpi13_incidents,pfm_scratch,next_activity,10,10,0,0.5234332084655762,2026-09-14T23:24:25
bpi13_incidents,pfm_scratch,next_activity,10,10,1,0.5234332084655762,2026-09-14T23:30:33
bpi13_incidents,pfm_scratch,next_activity,10,10,2,0.5234332084655762,2026-09-14T23:34:42
bpi13_incidents,pfm_scratch,next_activity,100,100,0,0.5234332084655762,2026-09-14T23:24:25
bpi13_incidents,pfm_scratch,next_activity,100,100,1,0.5234332084655762,2026-09-14T23:30:33
bpi13_incidents,pfm_scratch,next_activity,100,100,2,0.5234332084655762,2026-09-14T23:34:42
bpi13_incidents,pfm_scratch,next_activity,1000,1000,0,0.7178827524185181,2026-09-14T23:24:25
bpi13_incidents,pfm_scratch,next_activity,1000,1000,1,0.6853519678115845,2026-09-14T23:30:33
bpi13_incidents,pfm_scratch,next_activity,1000,1000,2,0.712185263633728,2026-09-14T23:34:42
bpi13_incidents,pfm_scratch,next_activity,30,30,0,0.5234332084655762,2026-09-14T23:24:25
bpi13_incidents,pfm_scratch,next_activity,30,30,1,0.5234332084655762,2026-09-14T23:30:33
bpi13_incidents,pfm_scratch,next_activity,30,30,2,0.5234332084655762,2026-09-14T23:34:42
bpi13_incidents,pfm_scratch,next_activity,300,300,0,0.7206395864486694,2026-09-14T23:24:25
bpi13_incidents,pfm_scratch,next_activity,300,300,1,0.5234332084655762,2026-09-14T23:30:33
bpi13_incidents,pfm_scratch,next_activity,300,300,2,0.5234332084655762,2026-09-14T23:34:42
bpi13_incidents,pfm_scratch,next_activity,5000,5000,0,0.7123690247535706,2026-09-14T23:24:25
bpi13_incidents,pfm_scratch,next_activity,5000,5000,1,0.7199044227600098,2026-09-14T23:30:33
bpi13_incidents,pfm_scratch,next_activity,5000,5000,2,0.7182503342628479,2026-09-14T23:34:42
bpi13_incidents,pfm_scratch,next_activity,all,5282,0,0.7176989316940308,2026-09-14T23:24:25
bpi13_incidents,pfm_scratch,next_activity,all,5282,1,0.6987686157226562,2026-09-14T23:30:33
bpi13_incidents,pfm_scratch,next_activity,all,5282,2,0.7140231728553772,2026-09-14T23:34:42
bpi13_incidents,pfm_scratch,next_time,0,0,0,0.8881300091743469,2026-09-14T23:24:25
bpi13_incidents,pfm_scratch,next_time,0,0,1,0.8881298303604126,2026-09-14T23:30:33
bpi13_incidents,pfm_scratch,next_time,0,0,2,0.8881300091743469,2026-09-14T23:34:42
bpi13_incidents,pfm_scratch,next_time,10,10,0,0.885347306728363,2026-09-14T23:24:25
bpi13_incidents,pfm_scratch,next_time,10,10,1,0.7870244979858398,2026-09-14T23:30:33
bpi13_incidents,pfm_scratch,next_time,10,10,2,0.8857563734054565,2026-09-14T23:34:42
bpi13_incidents,pfm_scratch,next_time,100,100,0,0.8854112029075623,2026-09-14T23:24:25
bpi13_incidents,pfm_scratch,next_time,100,100,1,0.88528972864151,2026-09-14T23:30:33
bpi13_incidents,pfm_scratch,next_time,100,100,2,0.8858242034912109,2026-09-14T23:34:42
bpi13_incidents,pfm_scratch,next_time,1000,1000,0,0.59569251537323,2026-09-14T23:24:25
bpi13_incidents,pfm_scratch,next_time,1000,1000,1,0.5978536605834961,2026-09-14T23:30:33
bpi13_incidents,pfm_scratch,next_time,1000,1000,2,0.5963372588157654,2026-09-14T23:34:42
bpi13_incidents,pfm_scratch,next_time,30,30,0,0.6184653639793396,2026-09-14T23:24:25
bpi13_incidents,pfm_scratch,next_time,30,30,1,0.7296411395072937,2026-09-14T23:30:33
bpi13_incidents,pfm_scratch,next_time,30,30,2,0.8082985281944275,2026-09-14T23:34:42
bpi13_incidents,pfm_scratch,next_time,300,300,0,0.591821014881134,2026-09-14T23:24:25
bpi13_incidents,pfm_scratch,next_time,300,300,1,0.5961151719093323,2026-09-14T23:30:33
bpi13_incidents,pfm_scratch,next_time,300,300,2,0.613365650177002,2026-09-14T23:34:42
bpi13_incidents,pfm_scratch,next_time,5000,5000,0,0.613109827041626,2026-09-14T23:24:25
bpi13_incidents,pfm_scratch,next_time,5000,5000,1,0.6019297242164612,2026-09-14T23:30:33
bpi13_incidents,pfm_scratch,next_time,5000,5000,2,0.597212016582489,2026-09-14T23:34:42
bpi13_incidents,pfm_scratch,next_time,all,5282,0,0.59400874376297,2026-09-14T23:24:25
bpi13_incidents,pfm_scratch,next_time,all,5282,1,0.6167523264884949,2026-09-14T23:30:33
bpi13_incidents,pfm_scratch,next_time,all,5282,2,0.5903191566467285,2026-09-14T23:34:42
bpi13_incidents,pfm_scratch,remaining_count,0,0,0,3.940492630004883,2026-09-14T23:24:25
bpi13_incidents,pfm_scratch,remaining_count,0,0,1,3.712193727493286,2026-09-14T23:30:33
bpi13_incidents,pfm_scratch,remaining_count,0,0,2,4.009575366973877,2026-09-14T23:34:42
bpi13_incidents,pfm_scratch,remaining_count,10,10,0,2.7594869136810303,2026-09-14T23:24:25
bpi13_incidents,pfm_scratch,remaining_count,10,10,1,2.306777238845825,2026-09-14T23:30:33
bpi13_incidents,pfm_scratch,remaining_count,10,10,2,2.8295369148254395,2026-09-14T23:34:42
bpi13_incidents,pfm_scratch,remaining_count,100,100,0,2.3676092624664307,2026-09-14T23:24:25
bpi13_incidents,pfm_scratch,remaining_count,100,100,1,2.746389865875244,2026-09-14T23:30:33
bpi13_incidents,pfm_scratch,remaining_count,100,100,2,2.3684592247009277,2026-09-14T23:34:42
bpi13_incidents,pfm_scratch,remaining_count,1000,1000,0,2.267324924468994,2026-09-14T23:24:25
bpi13_incidents,pfm_scratch,remaining_count,1000,1000,1,2.1816775798797607,2026-09-14T23:30:33
bpi13_incidents,pfm_scratch,remaining_count,1000,1000,2,2.1806323528289795,2026-09-14T23:34:42
bpi13_incidents,pfm_scratch,remaining_count,30,30,0,2.248847484588623,2026-09-14T23:24:25
bpi13_incidents,pfm_scratch,remaining_count,30,30,1,2.7447216510772705,2026-09-14T23:30:33
bpi13_incidents,pfm_scratch,remaining_count,30,30,2,2.835340738296509,2026-09-14T23:34:42
bpi13_incidents,pfm_scratch,remaining_count,300,300,0,2.7432808876037598,2026-09-14T23:24:25
bpi13_incidents,pfm_scratch,remaining_count,300,300,1,2.2229206562042236,2026-09-14T23:30:33
bpi13_incidents,pfm_scratch,remaining_count,300,300,2,2.860433578491211,2026-09-14T23:34:42
bpi13_incidents,pfm_scratch,remaining_count,5000,5000,0,2.1789562702178955,2026-09-14T23:24:25
bpi13_incidents,pfm_scratch,remaining_count,5000,5000,1,2.139594316482544,2026-09-14T23:30:33
bpi13_incidents,pfm_scratch,remaining_count,5000,5000,2,2.111030340194702,2026-09-14T23:34:42
bpi13_incidents,pfm_scratch,remaining_count,all,5282,0,2.169581174850464,2026-09-14T23:24:25
bpi13_incidents,pfm_scratch,remaining_count,all,5282,1,2.169835329055786,2026-09-14T23:30:33
bpi13_incidents,pfm_scratch,remaining_count,all,5282,2,2.2446582317352295,2026-09-14T23:34:42
bpi13_incidents,pfm_scratch,remaining_time,0,0,0,4.378602981567383,2026-09-14T23:24:25
bpi13_incidents,pfm_scratch,remaining_time,0,0,1,4.378602981567383,2026-09-14T23:30:33
bpi13_incidents,pfm_scratch,remaining_time,0,0,2,4.378602981567383,2026-09-14T23:34:42
bpi13_incidents,pfm_scratch,remaining_time,10,10,0,3.92405104637146,2026-09-14T23:24:25
bpi13_incidents,pfm_scratch,remaining_time,10,10,1,3.895967483520508,2026-09-14T23:30:33
bpi13_incidents,pfm_scratch,remaining_time,10,10,2,3.908747911453247,2026-09-14T23:34:42
bpi13_incidents,pfm_scratch,remaining_time,100,100,0,3.9291608333587646,2026-09-14T23:24:25
bpi13_incidents,pfm_scratch,remaining_time,100,100,1,3.921640634536743,2026-09-14T23:30:33
bpi13_incidents,pfm_scratch,remaining_time,100,100,2,3.9090895652770996,2026-09-14T23:34:42
bpi13_incidents,pfm_scratch,remaining_time,1000,1000,0,3.908461332321167,2026-09-14T23:24:25
bpi13_incidents,pfm_scratch,remaining_time,1000,1000,1,3.906374216079712,2026-09-14T23:30:33
bpi13_incidents,pfm_scratch,remaining_time,1000,1000,2,3.914029121398926,2026-09-14T23:34:42
bpi13_incidents,pfm_scratch,remaining_time,30,30,0,3.9326674938201904,2026-09-14T23:24:25
bpi13_incidents,pfm_scratch,remaining_time,30,30,1,3.932760000228882,2026-09-14T23:30:33
bpi13_incidents,pfm_scratch,remaining_time,30,30,2,3.9112863540649414,2026-09-14T23:34:42
bpi13_incidents,pfm_scratch,remaining_time,300,300,0,3.9064016342163086,2026-09-14T23:24:25
bpi13_incidents,pfm_scratch,remaining_time,300,300,1,3.2736973762512207,2026-09-14T23:30:33
bpi13_incidents,pfm_scratch,remaining_time,300,300,2,4.044077396392822,2026-09-14T23:34:42
bpi13_incidents,pfm_scratch,remaining_time,5000,5000,0,3.46331524848938,2026-09-14T23:24:25
bpi13_incidents,pfm_scratch,remaining_time,5000,5000,1,3.4175736904144287,2026-09-14T23:30:33
bpi13_incidents,pfm_scratch,remaining_time,5000,5000,2,3.4382243156433105,2026-09-14T23:34:42
bpi13_incidents,pfm_scratch,remaining_time,all,5282,0,3.3142290115356445,2026-09-14T23:24:25
bpi13_incidents,pfm_scratch,remaining_time,all,5282,1,3.3789737224578857,2026-09-14T23:30:33
bpi13_incidents,pfm_scratch,remaining_time,all,5282,2,3.2737503051757812,2026-09-14T23:34:42
bpi13_incidents,random_role,future_activity_set,0,0,0,0.2960369288921356,2026-09-06T17:22:39
bpi13_incidents,random_role,future_activity_set,0,0,1,0.002019522013142705,2026-09-06T17:31:38
bpi13_incidents,random_role,future_activity_set,0,0,2,0.20309503376483917,2026-09-06T17:32:35
bpi13_incidents,random_role,future_activity_set,10,10,0,0.7528442144393921,2026-09-06T17:22:39
bpi13_incidents,random_role,future_activity_set,10,10,1,0.7573480010032654,2026-09-06T17:31:38
bpi13_incidents,random_role,future_activity_set,10,10,2,0.7581510543823242,2026-09-06T17:32:35
bpi13_incidents,random_role,future_activity_set,100,100,0,0.7544811367988586,2026-09-06T17:22:39
bpi13_incidents,random_role,future_activity_set,100,100,1,0.7582941651344299,2026-09-06T17:31:38
bpi13_incidents,random_role,future_activity_set,100,100,2,0.7573860883712769,2026-09-06T17:32:35
bpi13_incidents,random_role,future_activity_set,1000,1000,0,0.8322017192840576,2026-09-06T17:22:39
bpi13_incidents,random_role,future_activity_set,1000,1000,1,0.8319355249404907,2026-09-06T17:31:38
bpi13_incidents,random_role,future_activity_set,1000,1000,2,0.8313425183296204,2026-09-06T17:32:35
bpi13_incidents,random_role,future_activity_set,30,30,0,0.7587031126022339,2026-09-06T17:22:39
bpi13_incidents,random_role,future_activity_set,30,30,1,0.7532783150672913,2026-09-06T17:31:38
bpi13_incidents,random_role,future_activity_set,30,30,2,0.7622304558753967,2026-09-06T17:32:35
bpi13_incidents,random_role,future_activity_set,300,300,0,0.8163713812828064,2026-09-06T17:22:39
bpi13_incidents,random_role,future_activity_set,300,300,1,0.7573480010032654,2026-09-06T17:31:38
bpi13_incidents,random_role,future_activity_set,300,300,2,0.7573480010032654,2026-09-06T17:32:35
bpi13_incidents,random_role,future_activity_set,5000,5000,0,0.8314988613128662,2026-09-06T17:22:39
bpi13_incidents,random_role,future_activity_set,5000,5000,1,0.8373382687568665,2026-09-06T17:31:38
bpi13_incidents,random_role,future_activity_set,5000,5000,2,0.8379974365234375,2026-09-06T17:32:35
bpi13_incidents,random_role,future_activity_set,all,5282,0,0.8302738666534424,2026-09-06T17:22:39
bpi13_incidents,random_role,future_activity_set,all,5282,1,0.8327943086624146,2026-09-06T17:31:38
bpi13_incidents,random_role,future_activity_set,all,5282,2,0.8394405245780945,2026-09-06T17:32:35
bpi13_incidents,random_role,next_3_activities,0,0,0,0.02274133637547493,2026-09-06T17:22:39
bpi13_incidents,random_role,next_3_activities,0,0,1,0.00015470296784769744,2026-09-06T17:31:38
bpi13_incidents,random_role,next_3_activities,0,0,2,0.1258508712053299,2026-09-06T17:32:35
bpi13_incidents,random_role,next_3_activities,10,10,0,0.4892481565475464,2026-09-06T17:22:39
bpi13_incidents,random_role,next_3_activities,10,10,1,0.5104424357414246,2026-09-06T17:31:38
bpi13_incidents,random_role,next_3_activities,10,10,2,0.5094369053840637,2026-09-06T17:32:35
bpi13_incidents,random_role,next_3_activities,100,100,0,0.4765625,2026-09-06T17:22:39
bpi13_incidents,random_role,next_3_activities,100,100,1,0.48677289485931396,2026-09-06T17:31:38
bpi13_incidents,random_role,next_3_activities,100,100,2,0.4771813154220581,2026-09-06T17:32:35
bpi13_incidents,random_role,next_3_activities,1000,1000,0,0.5269956588745117,2026-09-06T17:22:39
bpi13_incidents,random_role,next_3_activities,1000,1000,1,0.5176361203193665,2026-09-06T17:31:38
bpi13_incidents,random_role,next_3_activities,1000,1000,2,0.5265315771102905,2026-09-06T17:32:35
bpi13_incidents,random_role,next_3_activities,30,30,0,0.5092821717262268,2026-09-06T17:22:39
bpi13_incidents,random_role,next_3_activities,30,30,1,0.5000773668289185,2026-09-06T17:31:38
bpi13_incidents,random_role,next_3_activities,30,30,2,0.4764077961444855,2026-09-06T17:32:35
bpi13_incidents,random_role,next_3_activities,300,300,0,0.5279238820075989,2026-09-06T17:22:39
bpi13_incidents,random_role,next_3_activities,300,300,1,0.5542234182357788,2026-09-06T17:31:38
bpi13_incidents,random_role,next_3_activities,300,300,2,0.5279238820075989,2026-09-06T17:32:35
bpi13_incidents,random_role,next_3_activities,5000,5000,0,0.5368192791938782,2026-09-06T17:22:39
bpi13_incidents,random_role,next_3_activities,5000,5000,1,0.531559407711029,2026-09-06T17:31:38
bpi13_incidents,random_role,next_3_activities,5000,5000,2,0.5539913177490234,2026-09-06T17:32:35
bpi13_incidents,random_role,next_3_activities,all,5282,0,0.5362005233764648,2026-09-06T17:22:39
bpi13_incidents,random_role,next_3_activities,all,5282,1,0.5375928282737732,2026-09-06T17:31:38
bpi13_incidents,random_role,next_3_activities,all,5282,2,0.5358911156654358,2026-09-06T17:32:35
bpi13_incidents,random_role,next_5_activities,0,0,0,0.06757769733667374,2026-09-06T17:22:39
bpi13_incidents,random_role,next_5_activities,0,0,1,0.14340078830718994,2026-09-06T17:31:38
bpi13_incidents,random_role,next_5_activities,0,0,2,0.016260161995887756,2026-09-06T17:32:35
bpi13_incidents,random_role,next_5_activities,10,10,0,0.4843452572822571,2026-09-06T17:22:39
bpi13_incidents,random_role,next_5_activities,10,10,1,0.49668455123901367,2026-09-06T17:31:38
bpi13_incidents,random_role,next_5_activities,10,10,2,0.47494667768478394,2026-09-06T17:32:35
bpi13_incidents,random_role,next_5_activities,100,100,0,0.474427729845047,2026-09-06T17:22:39
bpi13_incidents,random_role,next_5_activities,100,100,1,0.47915586829185486,2026-09-06T17:31:38
bpi13_incidents,random_role,next_5_activities,100,100,2,0.49605026841163635,2026-09-06T17:32:35
bpi13_incidents,random_role,next_5_activities,1000,1000,0,0.5289165377616882,2026-09-06T17:22:39
bpi13_incidents,random_role,next_5_activities,1000,1000,1,0.5192873477935791,2026-09-06T17:31:38
bpi13_incidents,random_role,next_5_activities,1000,1000,2,0.5096004009246826,2026-09-06T17:32:35
bpi13_incidents,random_role,next_5_activities,30,30,0,0.47817564010620117,2026-09-06T17:22:39
bpi13_incidents,random_role,next_5_activities,30,30,1,0.4910915195941925,2026-09-06T17:31:38
bpi13_incidents,random_role,next_5_activities,30,30,2,0.4886697828769684,2026-09-06T17:32:35
bpi13_incidents,random_role,next_5_activities,300,300,0,0.5343942642211914,2026-09-06T17:22:39
bpi13_incidents,random_role,next_5_activities,300,300,1,0.5342212915420532,2026-09-06T17:31:38
bpi13_incidents,random_role,next_5_activities,300,300,2,0.4936285614967346,2026-09-06T17:32:35
bpi13_incidents,random_role,next_5_activities,5000,5000,0,0.534451961517334,2026-09-06T17:22:39
bpi13_incidents,random_role,next_5_activities,5000,5000,1,0.5320302248001099,2026-09-06T17:31:38
bpi13_incidents,random_role,next_5_activities,5000,5000,2,0.5335294008255005,2026-09-06T17:32:35
bpi13_incidents,random_role,next_5_activities,all,5282,0,0.5300121307373047,2026-09-06T17:22:39
bpi13_incidents,random_role,next_5_activities,all,5282,1,0.5274174213409424,2026-09-06T17:31:38
bpi13_incidents,random_role,next_5_activities,all,5282,2,0.5337023735046387,2026-09-06T17:32:35
bpi13_incidents,random_role,next_activity,0,0,0,0.0,2026-09-06T17:22:39
bpi13_incidents,random_role,next_activity,0,0,1,0.0001837897434597835,2026-09-06T17:31:38
bpi13_incidents,random_role,next_activity,0,0,2,0.22771549224853516,2026-09-06T17:32:35
bpi13_incidents,random_role,next_activity,10,10,0,0.521595299243927,2026-09-06T17:22:39
bpi13_incidents,random_role,next_activity,10,10,1,0.523800790309906,2026-09-06T17:31:38
bpi13_incidents,random_role,next_activity,10,10,2,0.5234332084655762,2026-09-06T17:32:35
bpi13_incidents,random_role,next_activity,100,100,0,0.5230656266212463,2026-09-06T17:22:39
bpi13_incidents,random_role,next_activity,100,100,1,0.523800790309906,2026-09-06T17:31:38
bpi13_incidents,random_role,next_activity,100,100,2,0.5234332084655762,2026-09-06T17:32:35
bpi13_incidents,random_role,next_activity,1000,1000,0,0.6344422101974487,2026-09-06T17:22:39
bpi13_incidents,random_role,next_activity,1000,1000,1,0.6129388213157654,2026-09-06T17:31:38
bpi13_incidents,random_role,next_activity,1000,1000,2,0.6155118346214294,2026-09-06T17:32:35
bpi13_incidents,random_role,next_activity,30,30,0,0.6364638805389404,2026-09-06T17:22:39
bpi13_incidents,random_role,next_activity,30,30,1,0.5234332084655762,2026-09-06T17:31:38
bpi13_incidents,random_role,next_activity,30,30,2,0.5234332084655762,2026-09-06T17:32:35
bpi13_incidents,random_role,next_activity,300,300,0,0.6364638805389404,2026-09-06T17:22:39
bpi13_incidents,random_role,next_activity,300,300,1,0.5234332084655762,2026-09-06T17:31:38
bpi13_incidents,random_role,next_activity,300,300,2,0.6360962986946106,2026-09-06T17:32:35
bpi13_incidents,random_role,next_activity,5000,5000,0,0.6370152831077576,2026-09-06T17:22:39
bpi13_incidents,random_role,next_activity,5000,5000,1,0.6331556439399719,2026-09-06T17:31:38
bpi13_incidents,random_role,next_activity,5000,5000,2,0.6366477012634277,2026-09-06T17:32:35
bpi13_incidents,random_role,next_activity,all,5282,0,0.6377503871917725,2026-09-06T17:22:39
bpi13_incidents,random_role,next_activity,all,5282,1,0.6438154578208923,2026-09-06T17:31:38
bpi13_incidents,random_role,next_activity,all,5282,2,0.6384855508804321,2026-09-06T17:32:35
bpi13_incidents,random_role,next_time,0,0,0,0.8881300091743469,2026-09-06T17:22:39
bpi13_incidents,random_role,next_time,0,0,1,0.8881298303604126,2026-09-06T17:31:38
bpi13_incidents,random_role,next_time,0,0,2,0.8881300091743469,2026-09-06T17:32:35
bpi13_incidents,random_role,next_time,10,10,0,0.8867042064666748,2026-09-06T17:22:39
bpi13_incidents,random_role,next_time,10,10,1,0.8234847784042358,2026-09-06T17:31:38
bpi13_incidents,random_role,next_time,10,10,2,0.8854659795761108,2026-09-06T17:32:35
bpi13_incidents,random_role,next_time,100,100,0,0.8866211175918579,2026-09-06T17:22:39
bpi13_incidents,random_role,next_time,100,100,1,0.8756811618804932,2026-09-06T17:31:38
bpi13_incidents,random_role,next_time,100,100,2,0.8868353366851807,2026-09-06T17:32:35
bpi13_incidents,random_role,next_time,1000,1000,0,0.6729793548583984,2026-09-06T17:22:39
bpi13_incidents,random_role,next_time,1000,1000,1,0.6548104882240295,2026-09-06T17:31:38
bpi13_incidents,random_role,next_time,1000,1000,2,0.6099270582199097,2026-09-06T17:32:35
bpi13_incidents,random_role,next_time,30,30,0,0.8867350220680237,2026-09-06T17:22:39
bpi13_incidents,random_role,next_time,30,30,1,0.8865064978599548,2026-09-06T17:31:38
bpi13_incidents,random_role,next_time,30,30,2,0.8868470191955566,2026-09-06T17:32:35
bpi13_incidents,random_role,next_time,300,300,0,0.7662950158119202,2026-09-06T17:22:39
bpi13_incidents,random_role,next_time,300,300,1,0.6755725741386414,2026-09-06T17:31:38
bpi13_incidents,random_role,next_time,300,300,2,0.8193070292472839,2026-09-06T17:32:35
bpi13_incidents,random_role,next_time,5000,5000,0,0.6618979573249817,2026-09-06T17:22:39
bpi13_incidents,random_role,next_time,5000,5000,1,0.6652829051017761,2026-09-06T17:31:38
bpi13_incidents,random_role,next_time,5000,5000,2,0.7358172535896301,2026-09-06T17:32:35
bpi13_incidents,random_role,next_time,all,5282,0,0.686560869216919,2026-09-06T17:22:39
bpi13_incidents,random_role,next_time,all,5282,1,0.6492892503738403,2026-09-06T17:31:38
bpi13_incidents,random_role,next_time,all,5282,2,0.6629728674888611,2026-09-06T17:32:35
bpi13_incidents,random_role,remaining_count,0,0,0,3.940492630004883,2026-09-06T17:22:39
bpi13_incidents,random_role,remaining_count,0,0,1,3.712193727493286,2026-09-06T17:31:38
bpi13_incidents,random_role,remaining_count,0,0,2,4.009575366973877,2026-09-06T17:32:35
bpi13_incidents,random_role,remaining_count,10,10,0,2.770537853240967,2026-09-06T17:22:39
bpi13_incidents,random_role,remaining_count,10,10,1,2.7448182106018066,2026-09-06T17:31:38
bpi13_incidents,random_role,remaining_count,10,10,2,2.774688243865967,2026-09-06T17:32:35
bpi13_incidents,random_role,remaining_count,100,100,0,2.762319803237915,2026-09-06T17:22:39
bpi13_incidents,random_role,remaining_count,100,100,1,2.7619106769561768,2026-09-06T17:31:38
bpi13_incidents,random_role,remaining_count,100,100,2,2.7745308876037598,2026-09-06T17:32:35
bpi13_incidents,random_role,remaining_count,1000,1000,0,2.2084579467773438,2026-09-06T17:22:39
bpi13_incidents,random_role,remaining_count,1000,1000,1,2.308720111846924,2026-09-06T17:31:38
bpi13_incidents,random_role,remaining_count,1000,1000,2,2.2480974197387695,2026-09-06T17:32:35
bpi13_incidents,random_role,remaining_count,30,30,0,2.7664811611175537,2026-09-06T17:22:39
bpi13_incidents,random_role,remaining_count,30,30,1,2.765606641769409,2026-09-06T17:31:38
bpi13_incidents,random_role,remaining_count,30,30,2,2.773301839828491,2026-09-06T17:32:35
bpi13_incidents,random_role,remaining_count,300,300,0,2.7834818363189697,2026-09-06T17:22:39
bpi13_incidents,random_role,remaining_count,300,300,1,2.5650405883789062,2026-09-06T17:31:38
bpi13_incidents,random_role,remaining_count,300,300,2,2.811880588531494,2026-09-06T17:32:35
bpi13_incidents,random_role,remaining_count,5000,5000,0,2.2640573978424072,2026-09-06T17:22:39
bpi13_incidents,random_role,remaining_count,5000,5000,1,2.332145929336548,2026-09-06T17:31:38
bpi13_incidents,random_role,remaining_count,5000,5000,2,2.3754537105560303,2026-09-06T17:32:35
bpi13_incidents,random_role,remaining_count,all,5282,0,2.2544121742248535,2026-09-06T17:22:39
bpi13_incidents,random_role,remaining_count,all,5282,1,2.2252037525177,2026-09-06T17:31:38
bpi13_incidents,random_role,remaining_count,all,5282,2,2.2971816062927246,2026-09-06T17:32:35
bpi13_incidents,random_role,remaining_time,0,0,0,4.378602981567383,2026-09-06T17:22:39
bpi13_incidents,random_role,remaining_time,0,0,1,4.378602981567383,2026-09-06T17:31:38
bpi13_incidents,random_role,remaining_time,0,0,2,4.378602981567383,2026-09-06T17:32:35
bpi13_incidents,random_role,remaining_time,10,10,0,3.7926032543182373,2026-09-06T17:22:39
bpi13_incidents,random_role,remaining_time,10,10,1,3.7635655403137207,2026-09-06T17:31:38
bpi13_incidents,random_role,remaining_time,10,10,2,3.8307278156280518,2026-09-06T17:32:35
bpi13_incidents,random_role,remaining_time,100,100,0,3.73050594329834,2026-09-06T17:22:39
bpi13_incidents,random_role,remaining_time,100,100,1,3.8451077938079834,2026-09-06T17:31:38
bpi13_incidents,random_role,remaining_time,100,100,2,3.804443359375,2026-09-06T17:32:35
bpi13_incidents,random_role,remaining_time,1000,1000,0,3.4046123027801514,2026-09-06T17:22:39
bpi13_incidents,random_role,remaining_time,1000,1000,1,3.3456668853759766,2026-09-06T17:31:38
bpi13_incidents,random_role,remaining_time,1000,1000,2,3.524141550064087,2026-09-06T17:32:35
bpi13_incidents,random_role,remaining_time,30,30,0,3.7197916507720947,2026-09-06T17:22:39
bpi13_incidents,random_role,remaining_time,30,30,1,3.856846332550049,2026-09-06T17:31:38
bpi13_incidents,random_role,remaining_time,30,30,2,3.779041051864624,2026-09-06T17:32:35
bpi13_incidents,random_role,remaining_time,300,300,0,3.346749782562256,2026-09-06T17:22:39
bpi13_incidents,random_role,remaining_time,300,300,1,3.4620466232299805,2026-09-06T17:31:38
bpi13_incidents,random_role,remaining_time,300,300,2,3.533740282058716,2026-09-06T17:32:35
bpi13_incidents,random_role,remaining_time,5000,5000,0,3.249192714691162,2026-09-06T17:22:39
bpi13_incidents,random_role,remaining_time,5000,5000,1,3.2423431873321533,2026-09-06T17:31:38
bpi13_incidents,random_role,remaining_time,5000,5000,2,3.339289426803589,2026-09-06T17:32:35
bpi13_incidents,random_role,remaining_time,all,5282,0,3.222763776779175,2026-09-06T17:22:39
bpi13_incidents,random_role,remaining_time,all,5282,1,3.203949213027954,2026-09-06T17:31:38
bpi13_incidents,random_role,remaining_time,all,5282,2,3.303067684173584,2026-09-06T17:32:35
bpi13_incidents,raw15,future_activity_set,all,5282,0,0.8439576625823975,2026-09-06T20:46:11
bpi13_incidents,raw15,future_activity_set,all,5282,1,0.8403050303459167,2026-09-06T20:50:29
bpi13_incidents,raw15,future_activity_set,all,5282,2,0.8469678163528442,2026-09-06T20:53:47
bpi13_incidents,raw15,next_3_activities,all,5282,0,0.5430848002433777,2026-09-06T20:46:11
bpi13_incidents,raw15,next_3_activities,all,5282,1,0.5543007254600525,2026-09-06T20:50:29
bpi13_incidents,raw15,next_3_activities,all,5282,2,0.5496596693992615,2026-09-06T20:53:47
bpi13_incidents,raw15,next_5_activities,all,5282,0,0.5549212694168091,2026-09-06T20:46:11
bpi13_incidents,raw15,next_5_activities,all,5282,1,0.5589575171470642,2026-09-06T20:50:29
bpi13_incidents,raw15,next_5_activities,all,5282,2,0.5463876128196716,2026-09-06T20:53:47
bpi13_incidents,raw15,next_activity,all,5282,0,0.6471236944198608,2026-09-06T20:46:11
bpi13_incidents,raw15,next_activity,all,5282,1,0.6612755060195923,2026-09-06T20:50:29
bpi13_incidents,raw15,next_activity,all,5282,2,0.6618268489837646,2026-09-06T20:53:47
bpi13_incidents,raw15,next_time,all,5282,0,0.6416699290275574,2026-09-06T20:46:11
bpi13_incidents,raw15,next_time,all,5282,1,0.6461436152458191,2026-09-06T20:50:29
bpi13_incidents,raw15,next_time,all,5282,2,0.7109758257865906,2026-09-06T20:53:47
bpi13_incidents,raw15,remaining_count,all,5282,0,2.185495138168335,2026-09-06T20:46:11
bpi13_incidents,raw15,remaining_count,all,5282,1,2.2416348457336426,2026-09-06T20:50:29
bpi13_incidents,raw15,remaining_count,all,5282,2,2.2164361476898193,2026-09-06T20:53:47
bpi13_incidents,raw15,remaining_time,all,5282,0,3.2938599586486816,2026-09-06T20:46:11
bpi13_incidents,raw15,remaining_time,all,5282,1,3.1945691108703613,2026-09-06T20:50:29
bpi13_incidents,raw15,remaining_time,all,5282,2,3.322009801864624,2026-09-06T20:53:47
helpdesk,gin0,future_activity_set,all,2662,0,0.8629968166351318,2026-09-06T21:26:47
helpdesk,gin0,future_activity_set,all,2662,1,0.8637709617614746,2026-09-06T21:27:36
helpdesk,gin0,future_activity_set,all,2662,2,0.8663526177406311,2026-09-06T21:27:40
helpdesk,gin0,next_3_activities,all,2662,0,0.8166743516921997,2026-09-06T21:26:47
helpdesk,gin0,next_3_activities,all,2662,1,0.8175956010818481,2026-09-06T21:27:36
helpdesk,gin0,next_3_activities,all,2662,2,0.8171349763870239,2026-09-06T21:27:40
helpdesk,gin0,next_5_activities,all,2662,0,0.8156827688217163,2026-09-06T21:26:47
helpdesk,gin0,next_5_activities,all,2662,1,0.8161333799362183,2026-09-06T21:27:36
helpdesk,gin0,next_5_activities,all,2662,2,0.8161333799362183,2026-09-06T21:27:40
helpdesk,gin0,next_activity,all,2662,0,0.8332034349441528,2026-09-06T21:26:47
helpdesk,gin0,next_activity,all,2662,1,0.8332034349441528,2026-09-06T21:27:36
helpdesk,gin0,next_activity,all,2662,2,0.8332034349441528,2026-09-06T21:27:40
helpdesk,gin0,next_time,all,2662,0,3.4576265811920166,2026-09-06T21:26:47
helpdesk,gin0,next_time,all,2662,1,3.5348658561706543,2026-09-06T21:27:36
helpdesk,gin0,next_time,all,2662,2,3.5778677463531494,2026-09-06T21:27:40
helpdesk,gin0,remaining_count,all,2662,0,0.35349711775779724,2026-09-06T21:26:47
helpdesk,gin0,remaining_count,all,2662,1,0.3899223506450653,2026-09-06T21:27:36
helpdesk,gin0,remaining_count,all,2662,2,0.37196284532546997,2026-09-06T21:27:40
helpdesk,gin0,remaining_time,all,2662,0,5.186953544616699,2026-09-06T21:26:47
helpdesk,gin0,remaining_time,all,2662,1,5.142679691314697,2026-09-06T21:27:36
helpdesk,gin0,remaining_time,all,2662,2,5.160634517669678,2026-09-06T21:27:40
helpdesk,gin11,future_activity_set,all,2662,0,0.8877219557762146,2026-09-06T21:12:08
helpdesk,gin11,future_activity_set,all,2662,1,0.8805748224258423,2026-09-06T21:12:51
helpdesk,gin11,future_activity_set,all,2662,2,0.8800792694091797,2026-09-06T21:13:42
helpdesk,gin11,next_3_activities,all,2662,0,0.815292477607727,2026-09-06T21:12:08
helpdesk,gin11,next_3_activities,all,2662,1,0.8143712282180786,2026-09-06T21:12:51
helpdesk,gin11,next_3_activities,all,2662,2,0.8042376637458801,2026-09-06T21:13:42
helpdesk,gin11,next_5_activities,all,2662,0,0.8170347213745117,2026-09-06T21:12:08
helpdesk,gin11,next_5_activities,all,2662,1,0.8152320981025696,2026-09-06T21:12:51
helpdesk,gin11,next_5_activities,all,2662,2,0.801261842250824,2026-09-06T21:13:42
helpdesk,gin11,next_activity,all,2662,0,0.8246297836303711,2026-09-06T21:12:08
helpdesk,gin11,next_activity,all,2662,1,0.8191738128662109,2026-09-06T21:12:51
helpdesk,gin11,next_activity,all,2662,2,0.7957910895347595,2026-09-06T21:13:42
helpdesk,gin11,next_time,all,2662,0,3.579453229904175,2026-09-06T21:12:08
helpdesk,gin11,next_time,all,2662,1,3.5313010215759277,2026-09-06T21:12:51
helpdesk,gin11,next_time,all,2662,2,3.533456563949585,2026-09-06T21:13:42
helpdesk,gin11,remaining_count,all,2662,0,0.29679223895072937,2026-09-06T21:12:08
helpdesk,gin11,remaining_count,all,2662,1,0.2908630073070526,2026-09-06T21:12:51
helpdesk,gin11,remaining_count,all,2662,2,0.28899264335632324,2026-09-06T21:13:42
helpdesk,gin11,remaining_time,all,2662,0,4.998138904571533,2026-09-06T21:12:08
helpdesk,gin11,remaining_time,all,2662,1,5.00324821472168,2026-09-06T21:12:51
helpdesk,gin11,remaining_time,all,2662,2,5.0173211097717285,2026-09-06T21:13:42
helpdesk,gin15_s1,future_activity_set,all,2662,0,0.8815920352935791,2026-09-07T16:32:02
helpdesk,gin15_s1,future_activity_set,all,2662,1,0.8877705335617065,2026-09-07T16:32:11
helpdesk,gin15_s1,future_activity_set,all,2662,2,0.8810529112815857,2026-09-07T16:32:37
helpdesk,gin15_s1,next_3_activities,all,2662,0,0.8166743516921997,2026-09-07T16:32:02
helpdesk,gin15_s1,next_3_activities,all,2662,1,0.813450038433075,2026-09-07T16:32:11
helpdesk,gin15_s1,next_3_activities,all,2662,2,0.8070013523101807,2026-09-07T16:32:37
helpdesk,gin15_s1,next_5_activities,all,2662,0,0.8107255697250366,2026-09-07T16:32:02
helpdesk,gin15_s1,next_5_activities,all,2662,1,0.8111761808395386,2026-09-07T16:32:11
helpdesk,gin15_s1,next_5_activities,all,2662,2,0.812077522277832,2026-09-07T16:32:37
helpdesk,gin15_s1,next_activity,all,2662,0,0.8106001615524292,2026-09-07T16:32:02
helpdesk,gin15_s1,next_activity,all,2662,1,0.8191738128662109,2026-09-07T16:32:11
helpdesk,gin15_s1,next_activity,all,2662,2,0.8168355226516724,2026-09-07T16:32:37
helpdesk,gin15_s1,next_time,all,2662,0,3.5600688457489014,2026-09-07T16:32:02
helpdesk,gin15_s1,next_time,all,2662,1,3.549687385559082,2026-09-07T16:32:11
helpdesk,gin15_s1,next_time,all,2662,2,3.5051567554473877,2026-09-07T16:32:37
helpdesk,gin15_s1,remaining_count,all,2662,0,0.29357245564460754,2026-09-07T16:32:02
helpdesk,gin15_s1,remaining_count,all,2662,1,0.3031972348690033,2026-09-07T16:32:11
helpdesk,gin15_s1,remaining_count,all,2662,2,0.3027855157852173,2026-09-07T16:32:37
helpdesk,gin15_s1,remaining_time,all,2662,0,5.054174423217773,2026-09-07T16:32:02
helpdesk,gin15_s1,remaining_time,all,2662,1,5.066621780395508,2026-09-07T16:32:11
helpdesk,gin15_s1,remaining_time,all,2662,2,5.068892955780029,2026-09-07T16:32:37
helpdesk,gin15_s2,future_activity_set,all,2662,0,0.8814317584037781,2026-09-07T18:43:19
helpdesk,gin15_s2,future_activity_set,all,2662,1,0.8936062455177307,2026-09-07T18:44:04
helpdesk,gin15_s2,future_activity_set,all,2662,2,0.8916330933570862,2026-09-07T18:44:44
helpdesk,gin15_s2,next_3_activities,all,2662,0,0.8143712282180786,2026-09-07T18:43:19
helpdesk,gin15_s2,next_3_activities,all,2662,1,0.8157531023025513,2026-09-07T18:44:04
helpdesk,gin15_s2,next_3_activities,all,2662,2,0.8166743516921997,2026-09-07T18:44:44
helpdesk,gin15_s2,next_5_activities,all,2662,0,0.8084722757339478,2026-09-07T18:43:19
helpdesk,gin15_s2,next_5_activities,all,2662,1,0.8192879557609558,2026-09-07T18:44:04
helpdesk,gin15_s2,next_5_activities,all,2662,2,0.8147814273834229,2026-09-07T18:44:44
helpdesk,gin15_s2,next_activity,all,2662,0,0.8199532628059387,2026-09-07T18:43:19
helpdesk,gin15_s2,next_activity,all,2662,1,0.8363211154937744,2026-09-07T18:44:04
helpdesk,gin15_s2,next_activity,all,2662,2,0.8347622752189636,2026-09-07T18:44:44
helpdesk,gin15_s2,next_time,all,2662,0,3.4864022731781006,2026-09-07T18:43:19
helpdesk,gin15_s2,next_time,all,2662,1,3.536982297897339,2026-09-07T18:44:04
helpdesk,gin15_s2,next_time,all,2662,2,3.5287792682647705,2026-09-07T18:44:44
helpdesk,gin15_s2,remaining_count,all,2662,0,0.3004901111125946,2026-09-07T18:43:19
helpdesk,gin15_s2,remaining_count,all,2662,1,0.28804805874824524,2026-09-07T18:44:04
helpdesk,gin15_s2,remaining_count,all,2662,2,0.2884569764137268,2026-09-07T18:44:44
helpdesk,gin15_s2,remaining_time,all,2662,0,4.996845722198486,2026-09-07T18:43:19
helpdesk,gin15_s2,remaining_time,all,2662,1,4.986475944519043,2026-09-07T18:44:04
helpdesk,gin15_s2,remaining_time,all,2662,2,5.00592565536499,2026-09-07T18:44:44
helpdesk,latent0,future_activity_set,all,2662,0,0.8990592360496521,2026-09-06T21:45:11
helpdesk,latent0,future_activity_set,all,2662,1,0.8910741209983826,2026-09-06T21:45:41
helpdesk,latent0,future_activity_set,all,2662,2,0.8847305178642273,2026-09-06T21:46:04
helpdesk,latent0,next_3_activities,all,2662,0,0.8203592896461487,2026-09-06T21:45:11
helpdesk,latent0,next_3_activities,all,2662,1,0.8120681643486023,2026-09-06T21:45:41
helpdesk,latent0,next_3_activities,all,2662,2,0.8148318529129028,2026-09-06T21:46:04
helpdesk,latent0,next_5_activities,all,2662,0,0.8197386264801025,2026-09-06T21:45:11
helpdesk,latent0,next_5_activities,all,2662,1,0.8102748990058899,2026-09-06T21:45:41
helpdesk,latent0,next_5_activities,all,2662,2,0.8116268515586853,2026-09-06T21:46:04
helpdesk,latent0,next_activity,all,2662,0,0.8238503336906433,2026-09-06T21:45:11
helpdesk,latent0,next_activity,all,2662,1,0.8246297836303711,2026-09-06T21:45:41
helpdesk,latent0,next_activity,all,2662,2,0.8300857543945312,2026-09-06T21:46:04
helpdesk,latent0,next_time,all,2662,0,3.524160623550415,2026-09-06T21:45:11
helpdesk,latent0,next_time,all,2662,1,3.5357158184051514,2026-09-06T21:45:41
helpdesk,latent0,next_time,all,2662,2,3.5321733951568604,2026-09-06T21:46:04
helpdesk,latent0,remaining_count,all,2662,0,0.2862612009048462,2026-09-06T21:45:11
helpdesk,latent0,remaining_count,all,2662,1,0.28367072343826294,2026-09-06T21:45:41
helpdesk,latent0,remaining_count,all,2662,2,0.29021546244621277,2026-09-06T21:46:04
helpdesk,latent0,remaining_time,all,2662,0,4.994877815246582,2026-09-06T21:45:11
helpdesk,latent0,remaining_time,all,2662,1,5.0029168128967285,2026-09-06T21:45:41
helpdesk,latent0,remaining_time,all,2662,2,4.998278617858887,2026-09-06T21:46:04
helpdesk,latent0_s1,future_activity_set,all,2662,0,0.8783016800880432,2026-09-07T16:25:17
helpdesk,latent0_s1,future_activity_set,all,2662,1,0.8774957060813904,2026-09-07T16:25:22
helpdesk,latent0_s1,future_activity_set,all,2662,2,0.8778682351112366,2026-09-07T16:25:16
helpdesk,latent0_s1,next_3_activities,all,2662,0,0.8111469149589539,2026-09-07T16:25:17
helpdesk,latent0_s1,next_3_activities,all,2662,1,0.8000921010971069,2026-09-07T16:25:22
helpdesk,latent0_s1,next_3_activities,all,2662,2,0.7825886607170105,2026-09-07T16:25:16
helpdesk,latent0_s1,next_5_activities,all,2662,0,0.797205924987793,2026-09-07T16:25:17
helpdesk,latent0_s1,next_5_activities,all,2662,1,0.7999098896980286,2026-09-07T16:25:22
helpdesk,latent0_s1,next_5_activities,all,2662,2,0.7908967733383179,2026-09-07T16:25:16
helpdesk,latent0_s1,next_activity,all,2662,0,0.8074824810028076,2026-09-07T16:25:17
helpdesk,latent0_s1,next_activity,all,2662,1,0.7942322492599487,2026-09-07T16:25:22
helpdesk,latent0_s1,next_activity,all,2662,2,0.7926734089851379,2026-09-07T16:25:16
helpdesk,latent0_s1,next_time,all,2662,0,3.5138888359069824,2026-09-07T16:25:17
helpdesk,latent0_s1,next_time,all,2662,1,3.53273344039917,2026-09-07T16:25:22
helpdesk,latent0_s1,next_time,all,2662,2,3.5067555904388428,2026-09-07T16:25:16
helpdesk,latent0_s1,remaining_count,all,2662,0,0.29692018032073975,2026-09-07T16:25:17
helpdesk,latent0_s1,remaining_count,all,2662,1,0.29095467925071716,2026-09-07T16:25:22
helpdesk,latent0_s1,remaining_count,all,2662,2,0.2991982400417328,2026-09-07T16:25:16
helpdesk,latent0_s1,remaining_time,all,2662,0,5.081053733825684,2026-09-07T16:25:17
helpdesk,latent0_s1,remaining_time,all,2662,1,5.051929473876953,2026-09-07T16:25:22
helpdesk,latent0_s1,remaining_time,all,2662,2,5.069864273071289,2026-09-07T16:25:16
helpdesk,latent0_s2,future_activity_set,all,2662,0,0.8801980018615723,2026-09-07T19:03:58
helpdesk,latent0_s2,future_activity_set,all,2662,1,0.895348846912384,2026-09-07T19:04:45
helpdesk,latent0_s2,future_activity_set,all,2662,2,0.8891118764877319,2026-09-07T19:05:29
helpdesk,latent0_s2,next_3_activities,all,2662,0,0.8175956010818481,2026-09-07T19:03:58
helpdesk,latent0_s2,next_3_activities,all,2662,1,0.8194380402565002,2026-09-07T19:04:45
helpdesk,latent0_s2,next_3_activities,all,2662,2,0.8166743516921997,2026-09-07T19:05:29
helpdesk,latent0_s2,next_5_activities,all,2662,0,0.8183866739273071,2026-09-07T19:03:58
helpdesk,latent0_s2,next_5_activities,all,2662,1,0.8192879557609558,2026-09-07T19:04:45
helpdesk,latent0_s2,next_5_activities,all,2662,2,0.8134294748306274,2026-09-07T19:05:29
helpdesk,latent0_s2,next_activity,all,2662,0,0.8308651447296143,2026-09-07T19:03:58
helpdesk,latent0_s2,next_activity,all,2662,1,0.8402182459831238,2026-09-07T19:04:45
helpdesk,latent0_s2,next_activity,all,2662,2,0.8238503336906433,2026-09-07T19:05:29
helpdesk,latent0_s2,next_time,all,2662,0,3.4555811882019043,2026-09-07T19:03:58
helpdesk,latent0_s2,next_time,all,2662,1,3.5044736862182617,2026-09-07T19:04:45
helpdesk,latent0_s2,next_time,all,2662,2,3.630312919616699,2026-09-07T19:05:29
helpdesk,latent0_s2,remaining_count,all,2662,0,0.29817068576812744,2026-09-07T19:03:58
helpdesk,latent0_s2,remaining_count,all,2662,1,0.297809362411499,2026-09-07T19:04:45
helpdesk,latent0_s2,remaining_count,all,2662,2,0.288901686668396,2026-09-07T19:05:29
helpdesk,latent0_s2,remaining_time,all,2662,0,5.039405345916748,2026-09-07T19:03:58
helpdesk,latent0_s2,remaining_time,all,2662,1,5.033625602722168,2026-09-07T19:04:45
helpdesk,latent0_s2,remaining_time,all,2662,2,5.025843620300293,2026-09-07T19:05:29
helpdesk,mlp15,future_activity_set,all,2662,0,0.8774352669715881,2026-09-06T19:59:33
helpdesk,mlp15,future_activity_set,all,2662,1,0.8852377533912659,2026-09-06T20:00:28
helpdesk,mlp15,future_activity_set,all,2662,2,0.8801980018615723,2026-09-06T20:01:34
helpdesk,mlp15,next_3_activities,all,2662,0,0.8139106631278992,2026-09-06T19:59:33
helpdesk,mlp15,next_3_activities,all,2662,1,0.8102257251739502,2026-09-06T20:00:28
helpdesk,mlp15,next_3_activities,all,2662,2,0.8037770390510559,2026-09-06T20:01:34
helpdesk,mlp15,next_5_activities,all,2662,0,0.8152320981025696,2026-09-06T19:59:33
helpdesk,mlp15,next_5_activities,all,2662,1,0.8089229464530945,2026-09-06T20:00:28
helpdesk,mlp15,next_5_activities,all,2662,2,0.808021605014801,2026-09-06T20:01:34
helpdesk,mlp15,next_activity,all,2662,0,0.8293063044548035,2026-09-06T19:59:33
helpdesk,mlp15,next_activity,all,2662,1,0.8238503336906433,2026-09-06T20:00:28
helpdesk,mlp15,next_activity,all,2662,2,0.8207326531410217,2026-09-06T20:01:34
helpdesk,mlp15,next_time,all,2662,0,3.5790581703186035,2026-09-06T19:59:33
helpdesk,mlp15,next_time,all,2662,1,3.564699649810791,2026-09-06T20:00:28
helpdesk,mlp15,next_time,all,2662,2,3.5614709854125977,2026-09-06T20:01:34
helpdesk,mlp15,remaining_count,all,2662,0,0.28944748640060425,2026-09-06T19:59:33
helpdesk,mlp15,remaining_count,all,2662,1,0.2854321002960205,2026-09-06T20:00:28
helpdesk,mlp15,remaining_count,all,2662,2,0.2869766354560852,2026-09-06T20:01:34
helpdesk,mlp15,remaining_time,all,2662,0,5.131203651428223,2026-09-06T19:59:33
helpdesk,mlp15,remaining_time,all,2662,1,5.092757701873779,2026-09-06T20:00:28
helpdesk,mlp15,remaining_time,all,2662,2,5.127518177032471,2026-09-06T20:01:34
helpdesk,norole,future_activity_set,all,2662,0,0.8336200714111328,2026-09-06T22:18:29
helpdesk,norole,future_activity_set,all,2662,1,0.8362090587615967,2026-09-06T22:19:29
helpdesk,norole,future_activity_set,all,2662,2,0.8349418640136719,2026-09-06T22:19:45
helpdesk,norole,next_3_activities,all,2662,0,0.8143712282180786,2026-09-06T22:18:29
helpdesk,norole,next_3_activities,all,2662,1,0.8148318529129028,2026-09-06T22:19:29
helpdesk,norole,next_3_activities,all,2662,2,0.8129894137382507,2026-09-06T22:19:45
helpdesk,norole,next_5_activities,all,2662,0,0.8143307566642761,2026-09-06T22:18:29
helpdesk,norole,next_5_activities,all,2662,1,0.8143307566642761,2026-09-06T22:19:29
helpdesk,norole,next_5_activities,all,2662,2,0.8129788041114807,2026-09-06T22:19:45
helpdesk,norole,next_activity,all,2662,0,0.8293063044548035,2026-09-06T22:18:29
helpdesk,norole,next_activity,all,2662,1,0.8285269141197205,2026-09-06T22:19:29
helpdesk,norole,next_activity,all,2662,2,0.8285269141197205,2026-09-06T22:19:45
helpdesk,norole,next_time,all,2662,0,3.6155426502227783,2026-09-06T22:18:29
helpdesk,norole,next_time,all,2662,1,3.588794231414795,2026-09-06T22:19:29
helpdesk,norole,next_time,all,2662,2,3.6076173782348633,2026-09-06T22:19:45
helpdesk,norole,remaining_count,all,2662,0,0.4146127998828888,2026-09-06T22:18:29
helpdesk,norole,remaining_count,all,2662,1,0.4148117005825043,2026-09-06T22:19:29
helpdesk,norole,remaining_count,all,2662,2,0.4065558910369873,2026-09-06T22:19:45
helpdesk,norole,remaining_time,all,2662,0,5.172272205352783,2026-09-06T22:18:29
helpdesk,norole,remaining_time,all,2662,1,5.1517486572265625,2026-09-06T22:19:29
helpdesk,norole,remaining_time,all,2662,2,5.145360946655273,2026-09-06T22:19:45
helpdesk,pfm,future_activity_set,0,0,0,0.12692156434059143,2026-09-06T16:55:49
helpdesk,pfm,future_activity_set,0,0,1,0.01809694804251194,2026-09-06T16:55:23
helpdesk,pfm,future_activity_set,0,0,2,0.23720259964466095,2026-09-06T16:58:32
helpdesk,pfm,future_activity_set,10,10,0,0.8616909980773926,2026-09-06T16:55:49
helpdesk,pfm,future_activity_set,10,10,1,0.8168875575065613,2026-09-06T16:55:23
helpdesk,pfm,future_activity_set,10,10,2,0.8979177474975586,2026-09-06T16:58:32
helpdesk,pfm,future_activity_set,100,100,0,0.8585342168807983,2026-09-06T16:55:49
helpdesk,pfm,future_activity_set,100,100,1,0.7672176361083984,2026-09-06T16:55:23
helpdesk,pfm,future_activity_set,100,100,2,0.8697148561477661,2026-09-06T16:58:32
helpdesk,pfm,future_activity_set,1000,1000,0,0.8893370032310486,2026-09-06T16:55:49
helpdesk,pfm,future_activity_set,1000,1000,1,0.8805969953536987,2026-09-06T16:55:23
helpdesk,pfm,future_activity_set,1000,1000,2,0.8825185298919678,2026-09-06T16:58:32
helpdesk,pfm,future_activity_set,30,30,0,0.85360187292099,2026-09-06T16:55:49
helpdesk,pfm,future_activity_set,30,30,1,0.8261480927467346,2026-09-06T16:55:23
helpdesk,pfm,future_activity_set,30,30,2,0.8772656917572021,2026-09-06T16:58:32
helpdesk,pfm,future_activity_set,300,300,0,0.8717186450958252,2026-09-06T16:55:49
helpdesk,pfm,future_activity_set,300,300,1,0.8262692093849182,2026-09-06T16:55:23
helpdesk,pfm,future_activity_set,300,300,2,0.8519318699836731,2026-09-06T16:58:32
helpdesk,pfm,future_activity_set,5000,2662,0,0.8850574493408203,2026-09-06T16:55:49
helpdesk,pfm,future_activity_set,5000,2662,1,0.883837103843689,2026-09-06T16:55:23
helpdesk,pfm,future_activity_set,5000,2662,2,0.8799403309822083,2026-09-06T16:58:32
helpdesk,pfm,future_activity_set,all,2662,0,0.8850574493408203,2026-09-06T16:55:49
helpdesk,pfm,future_activity_set,all,2662,1,0.883837103843689,2026-09-06T16:55:23
helpdesk,pfm,future_activity_set,all,2662,2,0.8799403309822083,2026-09-06T16:58:32
helpdesk,pfm,next_3_activities,0,0,0,0.003224320476874709,2026-09-06T16:55:49
helpdesk,pfm,next_3_activities,0,0,1,0.06448641419410706,2026-09-06T16:55:23
helpdesk,pfm,next_3_activities,0,0,2,0.23030860722064972,2026-09-06T16:58:32
helpdesk,pfm,next_3_activities,10,10,0,0.7540304064750671,2026-09-06T16:55:49
helpdesk,pfm,next_3_activities,10,10,1,0.8111469149589539,2026-09-06T16:55:23
helpdesk,pfm,next_3_activities,10,10,2,0.7623215317726135,2026-09-06T16:58:32
helpdesk,pfm,next_3_activities,100,100,0,0.6840165853500366,2026-09-06T16:55:49
helpdesk,pfm,next_3_activities,100,100,1,0.8125287890434265,2026-09-06T16:55:23
helpdesk,pfm,next_3_activities,100,100,2,0.7526485323905945,2026-09-06T16:58:32
helpdesk,pfm,next_3_activities,1000,1000,0,0.7968677878379822,2026-09-06T16:55:49
helpdesk,pfm,next_3_activities,1000,1000,1,0.8000921010971069,2026-09-06T16:55:23
helpdesk,pfm,next_3_activities,1000,1000,2,0.815292477607727,2026-09-06T16:58:32
helpdesk,pfm,next_3_activities,30,30,0,0.7535697817802429,2026-09-06T16:55:49
helpdesk,pfm,next_3_activities,30,30,1,0.7650852203369141,2026-09-06T16:55:23
helpdesk,pfm,next_3_activities,30,30,2,0.772455096244812,2026-09-06T16:58:32
helpdesk,pfm,next_3_activities,300,300,0,0.735145092010498,2026-09-06T16:55:49
helpdesk,pfm,next_3_activities,300,300,1,0.7369875907897949,2026-09-06T16:55:23
helpdesk,pfm,next_3_activities,300,300,2,0.7807462215423584,2026-09-06T16:58:32
helpdesk,pfm,next_3_activities,5000,2662,0,0.7941040992736816,2026-09-06T16:55:49
helpdesk,pfm,next_3_activities,5000,2662,1,0.8019345998764038,2026-09-06T16:55:23
helpdesk,pfm,next_3_activities,5000,2662,2,0.7913404107093811,2026-09-06T16:58:32
helpdesk,pfm,next_3_activities,all,2662,0,0.7941040992736816,2026-09-06T16:55:49
helpdesk,pfm,next_3_activities,all,2662,1,0.8019345998764038,2026-09-06T16:55:23
helpdesk,pfm,next_3_activities,all,2662,2,0.7913404107093811,2026-09-06T16:58:32
helpdesk,pfm,next_5_activities,0,0,0,0.0036052276846021414,2026-09-06T16:55:49
helpdesk,pfm,next_5_activities,0,0,1,0.06624605506658554,2026-09-06T16:55:23
helpdesk,pfm,next_5_activities,0,0,2,0.24109959602355957,2026-09-06T16:58:32
helpdesk,pfm,next_5_activities,10,10,0,0.7503380179405212,2026-09-06T16:55:49
helpdesk,pfm,next_5_activities,10,10,1,0.8062190413475037,2026-09-06T16:55:23
helpdesk,pfm,next_5_activities,10,10,2,0.7854889631271362,2026-09-06T16:58:32
helpdesk,pfm,next_5_activities,100,100,0,0.707525908946991,2026-09-06T16:55:49
helpdesk,pfm,next_5_activities,100,100,1,0.8111761808395386,2026-09-06T16:55:23
helpdesk,pfm,next_5_activities,100,100,2,0.7561964988708496,2026-09-06T16:58:32
helpdesk,pfm,next_5_activities,1000,1000,0,0.7958539724349976,2026-09-06T16:55:49
helpdesk,pfm,next_5_activities,1000,1000,1,0.796755313873291,2026-09-06T16:55:23
helpdesk,pfm,next_5_activities,1000,1000,2,0.812077522277832,2026-09-06T16:58:32
helpdesk,pfm,next_5_activities,30,30,0,0.7512392997741699,2026-09-06T16:55:49
helpdesk,pfm,next_5_activities,30,30,1,0.7557458281517029,2026-09-06T16:55:23
helpdesk,pfm,next_5_activities,30,30,2,0.7688148021697998,2026-09-06T16:58:32
helpdesk,pfm,next_5_activities,300,300,0,0.7251014113426208,2026-09-06T16:55:49
helpdesk,pfm,next_5_activities,300,300,1,0.7462821006774902,2026-09-06T16:55:23
helpdesk,pfm,next_5_activities,300,300,2,0.78143310546875,2026-09-06T16:58:32
helpdesk,pfm,next_5_activities,5000,2662,0,0.7877421975135803,2026-09-06T16:55:49
helpdesk,pfm,next_5_activities,5000,2662,1,0.8021631240844727,2026-09-06T16:55:23
helpdesk,pfm,next_5_activities,5000,2662,2,0.7917981147766113,2026-09-06T16:58:32
helpdesk,pfm,next_5_activities,all,2662,0,0.7877421975135803,2026-09-06T16:55:49
helpdesk,pfm,next_5_activities,all,2662,1,0.8021631240844727,2026-09-06T16:55:23
helpdesk,pfm,next_5_activities,all,2662,2,0.7917981147766113,2026-09-06T16:58:32
helpdesk,pfm,next_activity,0,0,0,0.0007794232224114239,2026-09-06T16:55:49
helpdesk,pfm,next_activity,0,0,1,0.0007794232224114239,2026-09-06T16:55:23
helpdesk,pfm,next_activity,0,0,2,0.2291504293680191,2026-09-06T16:58:32
helpdesk,pfm,next_activity,10,10,0,0.7334372401237488,2026-09-06T16:55:49
helpdesk,pfm,next_activity,10,10,1,0.8371005654335022,2026-09-06T16:55:23
helpdesk,pfm,next_activity,10,10,2,0.8199532628059387,2026-09-06T16:58:32
helpdesk,pfm,next_activity,100,100,0,0.7357755303382874,2026-09-06T16:55:49
helpdesk,pfm,next_activity,100,100,1,0.8300857543945312,2026-09-06T16:55:23
helpdesk,pfm,next_activity,100,100,2,0.7622759342193604,2026-09-06T16:58:32
helpdesk,pfm,next_activity,1000,1000,0,0.7989088296890259,2026-09-06T16:55:49
helpdesk,pfm,next_activity,1000,1000,1,0.7981293797492981,2026-09-06T16:55:23
helpdesk,pfm,next_activity,1000,1000,2,0.8269680142402649,2026-09-06T16:58:32
helpdesk,pfm,next_activity,30,30,0,0.7396726608276367,2026-09-06T16:55:49
helpdesk,pfm,next_activity,30,30,1,0.7661730051040649,2026-09-06T16:55:23
helpdesk,pfm,next_activity,30,30,2,0.777864396572113,2026-09-06T16:58:32
helpdesk,pfm,next_activity,300,300,0,0.7342166900634766,2026-09-06T16:55:49
helpdesk,pfm,next_activity,300,300,1,0.7607170939445496,2026-09-06T16:55:23
helpdesk,pfm,next_activity,300,300,2,0.7661730051040649,2026-09-06T16:58:32
helpdesk,pfm,next_activity,5000,2662,0,0.777864396572113,2026-09-06T16:55:49
helpdesk,pfm,next_activity,5000,2662,1,0.8082618713378906,2026-09-06T16:55:23
helpdesk,pfm,next_activity,5000,2662,2,0.8074824810028076,2026-09-06T16:58:32
helpdesk,pfm,next_activity,all,2662,0,0.777864396572113,2026-09-06T16:55:49
helpdesk,pfm,next_activity,all,2662,1,0.8082618713378906,2026-09-06T16:55:23
helpdesk,pfm,next_activity,all,2662,2,0.8074824810028076,2026-09-06T16:58:32
helpdesk,pfm,next_time,0,0,0,3.685602903366089,2026-09-06T16:55:49
helpdesk,pfm,next_time,0,0,1,3.6856048107147217,2026-09-06T16:55:23
helpdesk,pfm,next_time,0,0,2,3.6856038570404053,2026-09-06T16:58:32
helpdesk,pfm,next_time,10,10,0,3.653306722640991,2026-09-06T16:55:49
helpdesk,pfm,next_time,10,10,1,3.6529815196990967,2026-09-06T16:55:23
helpdesk,pfm,next_time,10,10,2,3.6375677585601807,2026-09-06T16:58:32
helpdesk,pfm,next_time,100,100,0,3.5741353034973145,2026-09-06T16:55:49
helpdesk,pfm,next_time,100,100,1,3.63454270362854,2026-09-06T16:55:23
helpdesk,pfm,next_time,100,100,2,3.575488328933716,2026-09-06T16:58:32
helpdesk,pfm,next_time,1000,1000,0,3.5813050270080566,2026-09-06T16:55:49
helpdesk,pfm,next_time,1000,1000,1,3.471885919570923,2026-09-06T16:55:23
helpdesk,pfm,next_time,1000,1000,2,3.574796199798584,2026-09-06T16:58:32
helpdesk,pfm,next_time,30,30,0,3.6621031761169434,2026-09-06T16:55:49
helpdesk,pfm,next_time,30,30,1,3.610499620437622,2026-09-06T16:55:23
helpdesk,pfm,next_time,30,30,2,3.6442534923553467,2026-09-06T16:58:32
helpdesk,pfm,next_time,300,300,0,3.5663979053497314,2026-09-06T16:55:49
helpdesk,pfm,next_time,300,300,1,3.562283754348755,2026-09-06T16:55:23
helpdesk,pfm,next_time,300,300,2,3.5569815635681152,2026-09-06T16:58:32
helpdesk,pfm,next_time,5000,2662,0,3.508153200149536,2026-09-06T16:55:49
helpdesk,pfm,next_time,5000,2662,1,3.467740058898926,2026-09-06T16:55:23
helpdesk,pfm,next_time,5000,2662,2,3.5066440105438232,2026-09-06T16:58:32
helpdesk,pfm,next_time,all,2662,0,3.508153200149536,2026-09-06T16:55:49
helpdesk,pfm,next_time,all,2662,1,3.467740058898926,2026-09-06T16:55:23
helpdesk,pfm,next_time,all,2662,2,3.5066440105438232,2026-09-06T16:58:32
helpdesk,pfm,remaining_count,0,0,0,1.1159083843231201,2026-09-06T16:55:49
helpdesk,pfm,remaining_count,0,0,1,1.3255252838134766,2026-09-06T16:55:23
helpdesk,pfm,remaining_count,0,0,2,1.2349365949630737,2026-09-06T16:58:32
helpdesk,pfm,remaining_count,10,10,0,0.3906441032886505,2026-09-06T16:55:49
helpdesk,pfm,remaining_count,10,10,1,0.5003888010978699,2026-09-06T16:55:23
helpdesk,pfm,remaining_count,10,10,2,0.3004594147205353,2026-09-06T16:58:32
helpdesk,pfm,remaining_count,100,100,0,0.3362247049808502,2026-09-06T16:55:49
helpdesk,pfm,remaining_count,100,100,1,0.3373357653617859,2026-09-06T16:55:23
helpdesk,pfm,remaining_count,100,100,2,0.34486833214759827,2026-09-06T16:58:32
helpdesk,pfm,remaining_count,1000,1000,0,0.31300705671310425,2026-09-06T16:55:49
helpdesk,pfm,remaining_count,1000,1000,1,0.31122833490371704,2026-09-06T16:55:23
helpdesk,pfm,remaining_count,1000,1000,2,0.3113095760345459,2026-09-06T16:58:32
helpdesk,pfm,remaining_count,30,30,0,0.3538673222064972,2026-09-06T16:55:49
helpdesk,pfm,remaining_count,30,30,1,0.36614134907722473,2026-09-06T16:55:23
helpdesk,pfm,remaining_count,30,30,2,0.3315389156341553,2026-09-06T16:58:32
helpdesk,pfm,remaining_count,300,300,0,0.3285631239414215,2026-09-06T16:55:49
helpdesk,pfm,remaining_count,300,300,1,0.3878331780433655,2026-09-06T16:55:23
helpdesk,pfm,remaining_count,300,300,2,0.36286064982414246,2026-09-06T16:58:32
helpdesk,pfm,remaining_count,5000,2662,0,0.29367464780807495,2026-09-06T16:55:49
helpdesk,pfm,remaining_count,5000,2662,1,0.29869043827056885,2026-09-06T16:55:23
helpdesk,pfm,remaining_count,5000,2662,2,0.2931770086288452,2026-09-06T16:58:32
helpdesk,pfm,remaining_count,all,2662,0,0.29367464780807495,2026-09-06T16:55:49
helpdesk,pfm,remaining_count,all,2662,1,0.29869043827056885,2026-09-06T16:55:23
helpdesk,pfm,remaining_count,all,2662,2,0.2931770086288452,2026-09-06T16:58:32
helpdesk,pfm,remaining_time,0,0,0,5.3831305503845215,2026-09-06T16:55:49
helpdesk,pfm,remaining_time,0,0,1,5.383132457733154,2026-09-06T16:55:23
helpdesk,pfm,remaining_time,0,0,2,5.383131504058838,2026-09-06T16:58:32
helpdesk,pfm,remaining_time,10,10,0,5.092477321624756,2026-09-06T16:55:49
helpdesk,pfm,remaining_time,10,10,1,5.217123508453369,2026-09-06T16:55:23
helpdesk,pfm,remaining_time,10,10,2,5.085257053375244,2026-09-06T16:58:32
helpdesk,pfm,remaining_time,100,100,0,5.14499568939209,2026-09-06T16:55:49
helpdesk,pfm,remaining_time,100,100,1,5.081255912780762,2026-09-06T16:55:23
helpdesk,pfm,remaining_time,100,100,2,5.095180511474609,2026-09-06T16:58:32
helpdesk,pfm,remaining_time,1000,1000,0,5.068121433258057,2026-09-06T16:55:49
helpdesk,pfm,remaining_time,1000,1000,1,5.041244983673096,2026-09-06T16:55:23
helpdesk,pfm,remaining_time,1000,1000,2,5.118231296539307,2026-09-06T16:58:32
helpdesk,pfm,remaining_time,30,30,0,5.123417854309082,2026-09-06T16:55:49
helpdesk,pfm,remaining_time,30,30,1,5.070043563842773,2026-09-06T16:55:23
helpdesk,pfm,remaining_time,30,30,2,5.218242168426514,2026-09-06T16:58:32
helpdesk,pfm,remaining_time,300,300,0,5.083330154418945,2026-09-06T16:55:49
helpdesk,pfm,remaining_time,300,300,1,4.976094722747803,2026-09-06T16:55:23
helpdesk,pfm,remaining_time,300,300,2,5.023386001586914,2026-09-06T16:58:32
helpdesk,pfm,remaining_time,5000,2662,0,5.005603790283203,2026-09-06T16:55:49
helpdesk,pfm,remaining_time,5000,2662,1,4.995251655578613,2026-09-06T16:55:23
helpdesk,pfm,remaining_time,5000,2662,2,4.994456768035889,2026-09-06T16:58:32
helpdesk,pfm,remaining_time,all,2662,0,5.005603790283203,2026-09-06T16:55:49
helpdesk,pfm,remaining_time,all,2662,1,4.995251655578613,2026-09-06T16:55:23
helpdesk,pfm,remaining_time,all,2662,2,4.994456768035889,2026-09-06T16:58:32
helpdesk,pfm_ft,future_activity_set,0,0,0,0.12692156434059143,2026-09-06T17:06:19
helpdesk,pfm_ft,future_activity_set,0,0,1,0.01809694804251194,2026-09-06T17:09:20
helpdesk,pfm_ft,future_activity_set,0,0,2,0.23720259964466095,2026-09-06T17:09:51
helpdesk,pfm_ft,future_activity_set,10,10,0,0.8998983502388,2026-09-06T17:06:19
helpdesk,pfm_ft,future_activity_set,10,10,1,0.9000254273414612,2026-09-06T17:09:20
helpdesk,pfm_ft,future_activity_set,10,10,2,0.8980112075805664,2026-09-06T17:09:51
helpdesk,pfm_ft,future_activity_set,100,100,0,0.8976697325706482,2026-09-06T17:06:19
helpdesk,pfm_ft,future_activity_set,100,100,1,0.9000254273414612,2026-09-06T17:09:20
helpdesk,pfm_ft,future_activity_set,100,100,2,0.8931989669799805,2026-09-06T17:09:51
helpdesk,pfm_ft,future_activity_set,1000,1000,0,0.8984771370887756,2026-09-06T17:06:19
helpdesk,pfm_ft,future_activity_set,1000,1000,1,0.895575225353241,2026-09-06T17:09:20
helpdesk,pfm_ft,future_activity_set,1000,1000,2,0.8995677828788757,2026-09-06T17:09:51
helpdesk,pfm_ft,future_activity_set,30,30,0,0.8994143009185791,2026-09-06T17:06:19
helpdesk,pfm_ft,future_activity_set,30,30,1,0.8982921242713928,2026-09-06T17:09:20
helpdesk,pfm_ft,future_activity_set,30,30,2,0.8986245393753052,2026-09-06T17:09:51
helpdesk,pfm_ft,future_activity_set,300,300,0,0.8958544135093689,2026-09-06T17:06:19
helpdesk,pfm_ft,future_activity_set,300,300,1,0.8981151580810547,2026-09-06T17:09:20
helpdesk,pfm_ft,future_activity_set,300,300,2,0.8996945023536682,2026-09-06T17:09:51
helpdesk,pfm_ft,future_activity_set,5000,2662,0,0.8997965455055237,2026-09-06T17:06:19
helpdesk,pfm_ft,future_activity_set,5000,2662,1,0.9002544283866882,2026-09-06T17:09:20
helpdesk,pfm_ft,future_activity_set,5000,2662,2,0.8991853594779968,2026-09-06T17:09:51
helpdesk,pfm_ft,future_activity_set,all,2662,0,0.8997965455055237,2026-09-06T17:06:19
helpdesk,pfm_ft,future_activity_set,all,2662,1,0.9002544283866882,2026-09-06T17:09:20
helpdesk,pfm_ft,future_activity_set,all,2662,2,0.8991853594779968,2026-09-06T17:09:51
helpdesk,pfm_ft,next_3_activities,0,0,0,0.003224320476874709,2026-09-06T17:06:19
helpdesk,pfm_ft,next_3_activities,0,0,1,0.06448641419410706,2026-09-06T17:09:20
helpdesk,pfm_ft,next_3_activities,0,0,2,0.23030860722064972,2026-09-06T17:09:51
helpdesk,pfm_ft,next_3_activities,10,10,0,0.7844311594963074,2026-09-06T17:06:19
helpdesk,pfm_ft,next_3_activities,10,10,1,0.8120681643486023,2026-09-06T17:09:20
helpdesk,pfm_ft,next_3_activities,10,10,2,0.8180561661720276,2026-09-06T17:09:51
helpdesk,pfm_ft,next_3_activities,100,100,0,0.7918010354042053,2026-09-06T17:06:19
helpdesk,pfm_ft,next_3_activities,100,100,1,0.8194380402565002,2026-09-06T17:09:20
helpdesk,pfm_ft,next_3_activities,100,100,2,0.7614002823829651,2026-09-06T17:09:51
helpdesk,pfm_ft,next_3_activities,1000,1000,0,0.8203592896461487,2026-09-06T17:06:19
helpdesk,pfm_ft,next_3_activities,1000,1000,1,0.8198986649513245,2026-09-06T17:09:20
helpdesk,pfm_ft,next_3_activities,1000,1000,2,0.8171349763870239,2026-09-06T17:09:51
helpdesk,pfm_ft,next_3_activities,30,30,0,0.8157531023025513,2026-09-06T17:06:19
helpdesk,pfm_ft,next_3_activities,30,30,1,0.792722225189209,2026-09-06T17:09:20
helpdesk,pfm_ft,next_3_activities,30,30,2,0.8171349763870239,2026-09-06T17:09:51
helpdesk,pfm_ft,next_3_activities,300,300,0,0.7268539667129517,2026-09-06T17:06:19
helpdesk,pfm_ft,next_3_activities,300,300,1,0.7789037227630615,2026-09-06T17:09:20
helpdesk,pfm_ft,next_3_activities,300,300,2,0.7600184082984924,2026-09-06T17:09:51
helpdesk,pfm_ft,next_3_activities,5000,2662,0,0.8198986649513245,2026-09-06T17:06:19
helpdesk,pfm_ft,next_3_activities,5000,2662,1,0.8212805390357971,2026-09-06T17:09:20
helpdesk,pfm_ft,next_3_activities,5000,2662,2,0.8125287890434265,2026-09-06T17:09:51
helpdesk,pfm_ft,next_3_activities,all,2662,0,0.8198986649513245,2026-09-06T17:06:19
helpdesk,pfm_ft,next_3_activities,all,2662,1,0.8212805390357971,2026-09-06T17:09:20
helpdesk,pfm_ft,next_3_activities,all,2662,2,0.8125287890434265,2026-09-06T17:09:51
helpdesk,pfm_ft,next_5_activities,0,0,0,0.0036052276846021414,2026-09-06T17:06:19
helpdesk,pfm_ft,next_5_activities,0,0,1,0.06624605506658554,2026-09-06T17:09:20
helpdesk,pfm_ft,next_5_activities,0,0,2,0.24109959602355957,2026-09-06T17:09:51
helpdesk,pfm_ft,next_5_activities,10,10,0,0.7791798114776611,2026-09-06T17:06:19
helpdesk,pfm_ft,next_5_activities,10,10,1,0.8138801455497742,2026-09-06T17:09:20
helpdesk,pfm_ft,next_5_activities,10,10,2,0.797205924987793,2026-09-06T17:09:51
helpdesk,pfm_ft,next_5_activities,100,100,0,0.7715187072753906,2026-09-06T17:06:19
helpdesk,pfm_ft,next_5_activities,100,100,1,0.8197386264801025,2026-09-06T17:09:20
helpdesk,pfm_ft,next_5_activities,100,100,2,0.7656602263450623,2026-09-06T17:09:51
helpdesk,pfm_ft,next_5_activities,1000,1000,0,0.8102748990058899,2026-09-06T17:06:19
helpdesk,pfm_ft,next_5_activities,1000,1000,1,0.8201892971992493,2026-09-06T17:09:20
helpdesk,pfm_ft,next_5_activities,1000,1000,2,0.8201892971992493,2026-09-06T17:09:51
helpdesk,pfm_ft,next_5_activities,30,30,0,0.7985579371452332,2026-09-06T17:06:19
helpdesk,pfm_ft,next_5_activities,30,30,1,0.7850382924079895,2026-09-06T17:09:20
helpdesk,pfm_ft,next_5_activities,30,30,2,0.8116268515586853,2026-09-06T17:09:51
helpdesk,pfm_ft,next_5_activities,300,300,0,0.7332131862640381,2026-09-06T17:06:19
helpdesk,pfm_ft,next_5_activities,300,300,1,0.777377188205719,2026-09-06T17:09:20
helpdesk,pfm_ft,next_5_activities,300,300,2,0.8170347213745117,2026-09-06T17:09:51
helpdesk,pfm_ft,next_5_activities,5000,2662,0,0.8125281929969788,2026-09-06T17:06:19
helpdesk,pfm_ft,next_5_activities,5000,2662,1,0.8093736171722412,2026-09-06T17:09:20
helpdesk,pfm_ft,next_5_activities,5000,2662,2,0.8102748990058899,2026-09-06T17:09:51
helpdesk,pfm_ft,next_5_activities,all,2662,0,0.8125281929969788,2026-09-06T17:06:19
helpdesk,pfm_ft,next_5_activities,all,2662,1,0.8093736171722412,2026-09-06T17:09:20
helpdesk,pfm_ft,next_5_activities,all,2662,2,0.8102748990058899,2026-09-06T17:09:51
helpdesk,pfm_ft,next_activity,0,0,0,0.0007794232224114239,2026-09-06T17:06:19
helpdesk,pfm_ft,next_activity,0,0,1,0.0007794232224114239,2026-09-06T17:09:20
helpdesk,pfm_ft,next_activity,0,0,2,0.2291504293680191,2026-09-06T17:09:51
helpdesk,pfm_ft,next_activity,10,10,0,0.8183943629264832,2026-09-06T17:06:19
helpdesk,pfm_ft,next_activity,10,10,1,0.839438796043396,2026-09-06T17:09:20
helpdesk,pfm_ft,next_activity,10,10,2,0.8363211154937744,2026-09-06T17:09:51
helpdesk,pfm_ft,next_activity,100,100,0,0.7747467160224915,2026-09-06T17:06:19
helpdesk,pfm_ft,next_activity,100,100,1,0.839438796043396,2026-09-06T17:09:20
helpdesk,pfm_ft,next_activity,100,100,2,0.75136399269104,2026-09-06T17:09:51
helpdesk,pfm_ft,next_activity,1000,1000,0,0.832423985004425,2026-09-06T17:06:19
helpdesk,pfm_ft,next_activity,1000,1000,1,0.8106001615524292,2026-09-06T17:09:20
helpdesk,pfm_ft,next_activity,1000,1000,2,0.838659405708313,2026-09-06T17:09:51
helpdesk,pfm_ft,next_activity,30,30,0,0.8222914934158325,2026-09-06T17:06:19
helpdesk,pfm_ft,next_activity,30,30,1,0.7926734089851379,2026-09-06T17:09:20
helpdesk,pfm_ft,next_activity,30,30,2,0.8371005654335022,2026-09-06T17:09:51
helpdesk,pfm_ft,next_activity,300,300,0,0.7989088296890259,2026-09-06T17:06:19
helpdesk,pfm_ft,next_activity,300,300,1,0.8261886239051819,2026-09-06T17:09:20
helpdesk,pfm_ft,next_activity,300,300,2,0.7724084258079529,2026-09-06T17:09:51
helpdesk,pfm_ft,next_activity,5000,2662,0,0.7872174382209778,2026-09-06T17:06:19
helpdesk,pfm_ft,next_activity,5000,2662,1,0.839438796043396,2026-09-06T17:09:20
helpdesk,pfm_ft,next_activity,5000,2662,2,0.838659405708313,2026-09-06T17:09:51
helpdesk,pfm_ft,next_activity,all,2662,0,0.7872174382209778,2026-09-06T17:06:19
helpdesk,pfm_ft,next_activity,all,2662,1,0.839438796043396,2026-09-06T17:09:20
helpdesk,pfm_ft,next_activity,all,2662,2,0.838659405708313,2026-09-06T17:09:51
helpdesk,pfm_ft,next_time,0,0,0,3.685602903366089,2026-09-06T17:06:19
helpdesk,pfm_ft,next_time,0,0,1,3.6856048107147217,2026-09-06T17:09:20
helpdesk,pfm_ft,next_time,0,0,2,3.6856038570404053,2026-09-06T17:09:51
helpdesk,pfm_ft,next_time,10,10,0,3.6231298446655273,2026-09-06T17:06:19
helpdesk,pfm_ft,next_time,10,10,1,3.6601264476776123,2026-09-06T17:09:20
helpdesk,pfm_ft,next_time,10,10,2,3.5832552909851074,2026-09-06T17:09:51
helpdesk,pfm_ft,next_time,100,100,0,3.4923572540283203,2026-09-06T17:06:19
helpdesk,pfm_ft,next_time,100,100,1,3.4463815689086914,2026-09-06T17:09:20
helpdesk,pfm_ft,next_time,100,100,2,3.546691656112671,2026-09-06T17:09:51
helpdesk,pfm_ft,next_time,1000,1000,0,3.4923291206359863,2026-09-06T17:06:19
helpdesk,pfm_ft,next_time,1000,1000,1,3.4659976959228516,2026-09-06T17:09:20
helpdesk,pfm_ft,next_time,1000,1000,2,3.490133047103882,2026-09-06T17:09:51
helpdesk,pfm_ft,next_time,30,30,0,3.5695407390594482,2026-09-06T17:06:19
helpdesk,pfm_ft,next_time,30,30,1,3.633383274078369,2026-09-06T17:09:20
helpdesk,pfm_ft,next_time,30,30,2,3.703307628631592,2026-09-06T17:09:51
helpdesk,pfm_ft,next_time,300,300,0,3.489365816116333,2026-09-06T17:06:19
helpdesk,pfm_ft,next_time,300,300,1,3.5083513259887695,2026-09-06T17:09:20
helpdesk,pfm_ft,next_time,300,300,2,3.498487949371338,2026-09-06T17:09:51
helpdesk,pfm_ft,next_time,5000,2662,0,3.5248990058898926,2026-09-06T17:06:19
helpdesk,pfm_ft,next_time,5000,2662,1,3.490178108215332,2026-09-06T17:09:20
helpdesk,pfm_ft,next_time,5000,2662,2,3.4943652153015137,2026-09-06T17:09:51
helpdesk,pfm_ft,next_time,all,2662,0,3.5248990058898926,2026-09-06T17:06:19
helpdesk,pfm_ft,next_time,all,2662,1,3.490178108215332,2026-09-06T17:09:20
helpdesk,pfm_ft,next_time,all,2662,2,3.4943652153015137,2026-09-06T17:09:51
helpdesk,pfm_ft,remaining_count,0,0,0,1.1159083843231201,2026-09-06T17:06:19
helpdesk,pfm_ft,remaining_count,0,0,1,1.3255252838134766,2026-09-06T17:09:20
helpdesk,pfm_ft,remaining_count,0,0,2,1.2349365949630737,2026-09-06T17:09:51
helpdesk,pfm_ft,remaining_count,10,10,0,0.36229464411735535,2026-09-06T17:06:19
helpdesk,pfm_ft,remaining_count,10,10,1,0.4027365744113922,2026-09-06T17:09:20
helpdesk,pfm_ft,remaining_count,10,10,2,0.26516011357307434,2026-09-06T17:09:51
helpdesk,pfm_ft,remaining_count,100,100,0,0.32693517208099365,2026-09-06T17:06:19
helpdesk,pfm_ft,remaining_count,100,100,1,0.3324079215526581,2026-09-06T17:09:20
helpdesk,pfm_ft,remaining_count,100,100,2,0.3228183090686798,2026-09-06T17:09:51
helpdesk,pfm_ft,remaining_count,1000,1000,0,0.29974693059921265,2026-09-06T17:06:19
helpdesk,pfm_ft,remaining_count,1000,1000,1,0.29472553730010986,2026-09-06T17:09:20
helpdesk,pfm_ft,remaining_count,1000,1000,2,0.2989812195301056,2026-09-06T17:09:51
helpdesk,pfm_ft,remaining_count,30,30,0,0.370056688785553,2026-09-06T17:06:19
helpdesk,pfm_ft,remaining_count,30,30,1,0.38448718190193176,2026-09-06T17:09:20
helpdesk,pfm_ft,remaining_count,30,30,2,0.28677093982696533,2026-09-06T17:09:51
helpdesk,pfm_ft,remaining_count,300,300,0,0.31575754284858704,2026-09-06T17:06:19
helpdesk,pfm_ft,remaining_count,300,300,1,0.39447498321533203,2026-09-06T17:09:20
helpdesk,pfm_ft,remaining_count,300,300,2,0.33710843324661255,2026-09-06T17:09:51
helpdesk,pfm_ft,remaining_count,5000,2662,0,0.29553064703941345,2026-09-06T17:06:19
helpdesk,pfm_ft,remaining_count,5000,2662,1,0.2963803708553314,2026-09-06T17:09:20
helpdesk,pfm_ft,remaining_count,5000,2662,2,0.2703556418418884,2026-09-06T17:09:51
helpdesk,pfm_ft,remaining_count,all,2662,0,0.29553064703941345,2026-09-06T17:06:19
helpdesk,pfm_ft,remaining_count,all,2662,1,0.2963803708553314,2026-09-06T17:09:20
helpdesk,pfm_ft,remaining_count,all,2662,2,0.2703556418418884,2026-09-06T17:09:51
helpdesk,pfm_ft,remaining_time,0,0,0,5.3831305503845215,2026-09-06T17:06:19
helpdesk,pfm_ft,remaining_time,0,0,1,5.383132457733154,2026-09-06T17:09:20
helpdesk,pfm_ft,remaining_time,0,0,2,5.383131504058838,2026-09-06T17:09:51
helpdesk,pfm_ft,remaining_time,10,10,0,4.9665913581848145,2026-09-06T17:06:19
helpdesk,pfm_ft,remaining_time,10,10,1,5.084237098693848,2026-09-06T17:09:20
helpdesk,pfm_ft,remaining_time,10,10,2,4.992445945739746,2026-09-06T17:09:51
helpdesk,pfm_ft,remaining_time,100,100,0,4.956237316131592,2026-09-06T17:06:19
helpdesk,pfm_ft,remaining_time,100,100,1,4.959820747375488,2026-09-06T17:09:20
helpdesk,pfm_ft,remaining_time,100,100,2,4.9620161056518555,2026-09-06T17:09:51
helpdesk,pfm_ft,remaining_time,1000,1000,0,4.930590629577637,2026-09-06T17:06:19
helpdesk,pfm_ft,remaining_time,1000,1000,1,4.991912841796875,2026-09-06T17:09:20
helpdesk,pfm_ft,remaining_time,1000,1000,2,4.997213363647461,2026-09-06T17:09:51
helpdesk,pfm_ft,remaining_time,30,30,0,4.989504337310791,2026-09-06T17:06:19
helpdesk,pfm_ft,remaining_time,30,30,1,4.9642486572265625,2026-09-06T17:09:20
helpdesk,pfm_ft,remaining_time,30,30,2,4.897312164306641,2026-09-06T17:09:51
helpdesk,pfm_ft,remaining_time,300,300,0,4.927439212799072,2026-09-06T17:06:19
helpdesk,pfm_ft,remaining_time,300,300,1,4.927484512329102,2026-09-06T17:09:20
helpdesk,pfm_ft,remaining_time,300,300,2,4.911055088043213,2026-09-06T17:09:51
helpdesk,pfm_ft,remaining_time,5000,2662,0,4.976709842681885,2026-09-06T17:06:19
helpdesk,pfm_ft,remaining_time,5000,2662,1,4.973770618438721,2026-09-06T17:09:20
helpdesk,pfm_ft,remaining_time,5000,2662,2,4.914264678955078,2026-09-06T17:09:51
helpdesk,pfm_ft,remaining_time,all,2662,0,4.976709842681885,2026-09-06T17:06:19
helpdesk,pfm_ft,remaining_time,all,2662,1,4.973770618438721,2026-09-06T17:09:20
helpdesk,pfm_ft,remaining_time,all,2662,2,4.914264678955078,2026-09-06T17:09:51
helpdesk,pfm_ft_s2,future_activity_set,0,0,0,0.27744874358177185,2026-09-14T21:12:20
helpdesk,pfm_ft_s2,future_activity_set,0,0,1,0.1038590595126152,2026-09-14T21:12:25
helpdesk,pfm_ft_s2,future_activity_set,0,0,2,0.26241835951805115,2026-09-14T21:12:38
helpdesk,pfm_ft_s2,future_activity_set,10,10,0,0.8980112075805664,2026-09-14T21:12:20
helpdesk,pfm_ft_s2,future_activity_set,10,10,1,0.9000254273414612,2026-09-14T21:12:25
helpdesk,pfm_ft_s2,future_activity_set,10,10,2,0.8988534808158875,2026-09-14T21:12:38
helpdesk,pfm_ft_s2,future_activity_set,100,100,0,0.8988593220710754,2026-09-14T21:12:20
helpdesk,pfm_ft_s2,future_activity_set,100,100,1,0.8960939645767212,2026-09-14T21:12:25
helpdesk,pfm_ft_s2,future_activity_set,100,100,2,0.8997965455055237,2026-09-14T21:12:38
helpdesk,pfm_ft_s2,future_activity_set,1000,1000,0,0.898602306842804,2026-09-14T21:12:20
helpdesk,pfm_ft_s2,future_activity_set,1000,1000,1,0.8968861699104309,2026-09-14T21:12:25
helpdesk,pfm_ft_s2,future_activity_set,1000,1000,2,0.9002544283866882,2026-09-14T21:12:38
helpdesk,pfm_ft_s2,future_activity_set,30,30,0,0.8992641568183899,2026-09-14T21:12:20
helpdesk,pfm_ft_s2,future_activity_set,30,30,1,0.8992366194725037,2026-09-14T21:12:25
helpdesk,pfm_ft_s2,future_activity_set,30,30,2,0.8992366194725037,2026-09-14T21:12:38
helpdesk,pfm_ft_s2,future_activity_set,300,300,0,0.898602306842804,2026-09-14T21:12:20
helpdesk,pfm_ft_s2,future_activity_set,300,300,1,0.894817054271698,2026-09-14T21:12:25
helpdesk,pfm_ft_s2,future_activity_set,300,300,2,0.8828649520874023,2026-09-14T21:12:38
helpdesk,pfm_ft_s2,future_activity_set,5000,2662,0,0.8980730175971985,2026-09-14T21:12:20
helpdesk,pfm_ft_s2,future_activity_set,5000,2662,1,0.9002544283866882,2026-09-14T21:12:25
helpdesk,pfm_ft_s2,future_activity_set,5000,2662,2,0.9003052115440369,2026-09-14T21:12:38
helpdesk,pfm_ft_s2,future_activity_set,all,2662,0,0.8980730175971985,2026-09-14T21:12:20
helpdesk,pfm_ft_s2,future_activity_set,all,2662,1,0.9002544283866882,2026-09-14T21:12:25
helpdesk,pfm_ft_s2,future_activity_set,all,2662,2,0.9003052115440369,2026-09-14T21:12:38
helpdesk,pfm_ft_s2,next_3_activities,0,0,0,0.04560110718011856,2026-09-14T21:12:20
helpdesk,pfm_ft_s2,next_3_activities,0,0,1,0.1708889901638031,2026-09-14T21:12:25
helpdesk,pfm_ft_s2,next_3_activities,0,0,2,0.04606172442436218,2026-09-14T21:12:38
helpdesk,pfm_ft_s2,next_3_activities,10,10,0,0.8056195378303528,2026-09-14T21:12:20
helpdesk,pfm_ft_s2,next_3_activities,10,10,1,0.8056195378303528,2026-09-14T21:12:25
helpdesk,pfm_ft_s2,next_3_activities,10,10,2,0.7941040992736816,2026-09-14T21:12:38
helpdesk,pfm_ft_s2,next_3_activities,100,100,0,0.7517273426055908,2026-09-14T21:12:20
helpdesk,pfm_ft_s2,next_3_activities,100,100,1,0.8171349763870239,2026-09-14T21:12:25
helpdesk,pfm_ft_s2,next_3_activities,100,100,2,0.8116075396537781,2026-09-14T21:12:38
helpdesk,pfm_ft_s2,next_3_activities,1000,1000,0,0.8185167908668518,2026-09-14T21:12:20
helpdesk,pfm_ft_s2,next_3_activities,1000,1000,1,0.8194380402565002,2026-09-14T21:12:25
helpdesk,pfm_ft_s2,next_3_activities,1000,1000,2,0.8194380402565002,2026-09-14T21:12:38
helpdesk,pfm_ft_s2,next_3_activities,30,30,0,0.7816674113273621,2026-09-14T21:12:20
helpdesk,pfm_ft_s2,next_3_activities,30,30,1,0.77982497215271,2026-09-14T21:12:25
helpdesk,pfm_ft_s2,next_3_activities,30,30,2,0.8157531023025513,2026-09-14T21:12:38
helpdesk,pfm_ft_s2,next_3_activities,300,300,0,0.7517273426055908,2026-09-14T21:12:20
helpdesk,pfm_ft_s2,next_3_activities,300,300,1,0.7706125974655151,2026-09-14T21:12:25
helpdesk,pfm_ft_s2,next_3_activities,300,300,2,0.7973284125328064,2026-09-14T21:12:38
helpdesk,pfm_ft_s2,next_3_activities,5000,2662,0,0.818977415561676,2026-09-14T21:12:20
helpdesk,pfm_ft_s2,next_3_activities,5000,2662,1,0.8198986649513245,2026-09-14T21:12:25
helpdesk,pfm_ft_s2,next_3_activities,5000,2662,2,0.8157531023025513,2026-09-14T21:12:38
helpdesk,pfm_ft_s2,next_3_activities,all,2662,0,0.818977415561676,2026-09-14T21:12:20
helpdesk,pfm_ft_s2,next_3_activities,all,2662,1,0.8198986649513245,2026-09-14T21:12:25
helpdesk,pfm_ft_s2,next_3_activities,all,2662,2,0.8157531023025513,2026-09-14T21:12:38
helpdesk,pfm_ft_s2,next_5_activities,0,0,0,0.041009463369846344,2026-09-14T21:12:20
helpdesk,pfm_ft_s2,next_5_activities,0,0,1,0.18251465260982513,2026-09-14T21:12:25
helpdesk,pfm_ft_s2,next_5_activities,0,0,2,0.03244704753160477,2026-09-14T21:12:38
helpdesk,pfm_ft_s2,next_5_activities,10,10,0,0.7922487854957581,2026-09-14T21:12:20
helpdesk,pfm_ft_s2,next_5_activities,10,10,1,0.7922487854957581,2026-09-14T21:12:25
helpdesk,pfm_ft_s2,next_5_activities,10,10,2,0.7778278589248657,2026-09-14T21:12:38
helpdesk,pfm_ft_s2,next_5_activities,100,100,0,0.7399729490280151,2026-09-14T21:12:20
helpdesk,pfm_ft_s2,next_5_activities,100,100,1,0.8188372850418091,2026-09-14T21:12:25
helpdesk,pfm_ft_s2,next_5_activities,100,100,2,0.8026137948036194,2026-09-14T21:12:38
helpdesk,pfm_ft_s2,next_5_activities,1000,1000,0,0.8188372850418091,2026-09-14T21:12:20
helpdesk,pfm_ft_s2,next_5_activities,1000,1000,1,0.8183866739273071,2026-09-14T21:12:25
helpdesk,pfm_ft_s2,next_5_activities,1000,1000,2,0.8152320981025696,2026-09-14T21:12:38
helpdesk,pfm_ft_s2,next_5_activities,30,30,0,0.7525912523269653,2026-09-14T21:12:20
helpdesk,pfm_ft_s2,next_5_activities,30,30,1,0.7733213305473328,2026-09-14T21:12:25
helpdesk,pfm_ft_s2,next_5_activities,30,30,2,0.8093736171722412,2026-09-14T21:12:38
helpdesk,pfm_ft_s2,next_5_activities,300,300,0,0.7192429304122925,2026-09-14T21:12:20
helpdesk,pfm_ft_s2,next_5_activities,300,300,1,0.7661108374595642,2026-09-14T21:12:25
helpdesk,pfm_ft_s2,next_5_activities,300,300,2,0.7697160840034485,2026-09-14T21:12:38
helpdesk,pfm_ft_s2,next_5_activities,5000,2662,0,0.8125281929969788,2026-09-14T21:12:20
helpdesk,pfm_ft_s2,next_5_activities,5000,2662,1,0.8008111715316772,2026-09-14T21:12:25
helpdesk,pfm_ft_s2,next_5_activities,5000,2662,2,0.8174853324890137,2026-09-14T21:12:38
helpdesk,pfm_ft_s2,next_5_activities,all,2662,0,0.8125281929969788,2026-09-14T21:12:20
helpdesk,pfm_ft_s2,next_5_activities,all,2662,1,0.8008111715316772,2026-09-14T21:12:25
helpdesk,pfm_ft_s2,next_5_activities,all,2662,2,0.8174853324890137,2026-09-14T21:12:38
helpdesk,pfm_ft_s2,next_activity,0,0,0,0.01091192476451397,2026-09-14T21:12:20
helpdesk,pfm_ft_s2,next_activity,0,0,1,0.2821512222290039,2026-09-14T21:12:25
helpdesk,pfm_ft_s2,next_activity,0,0,2,0.04598597064614296,2026-09-14T21:12:38
helpdesk,pfm_ft_s2,next_activity,10,10,0,0.8371005654335022,2026-09-14T21:12:20
helpdesk,pfm_ft_s2,next_activity,10,10,1,0.7996882200241089,2026-09-14T21:12:25
helpdesk,pfm_ft_s2,next_activity,10,10,2,0.8059236407279968,2026-09-14T21:12:38
helpdesk,pfm_ft_s2,next_activity,100,100,0,0.8129384517669678,2026-09-14T21:12:20
helpdesk,pfm_ft_s2,next_activity,100,100,1,0.838659405708313,2026-09-14T21:12:25
helpdesk,pfm_ft_s2,next_activity,100,100,2,0.8035853505134583,2026-09-14T21:12:38
helpdesk,pfm_ft_s2,next_activity,1000,1000,0,0.8144972920417786,2026-09-14T21:12:20
helpdesk,pfm_ft_s2,next_activity,1000,1000,1,0.8222914934158325,2026-09-14T21:12:25
helpdesk,pfm_ft_s2,next_activity,1000,1000,2,0.8339828252792358,2026-09-14T21:12:38
helpdesk,pfm_ft_s2,next_activity,30,30,0,0.8067030310630798,2026-09-14T21:12:20
helpdesk,pfm_ft_s2,next_activity,30,30,1,0.7614964842796326,2026-09-14T21:12:25
helpdesk,pfm_ft_s2,next_activity,30,30,2,0.8285269141197205,2026-09-14T21:12:38
helpdesk,pfm_ft_s2,next_activity,300,300,0,0.7755261063575745,2026-09-14T21:12:20
helpdesk,pfm_ft_s2,next_activity,300,300,1,0.8261886239051819,2026-09-14T21:12:25
helpdesk,pfm_ft_s2,next_activity,300,300,2,0.777864396572113,2026-09-14T21:12:38
helpdesk,pfm_ft_s2,next_activity,5000,2662,0,0.7794232368469238,2026-09-14T21:12:20
helpdesk,pfm_ft_s2,next_activity,5000,2662,1,0.8402182459831238,2026-09-14T21:12:25
helpdesk,pfm_ft_s2,next_activity,5000,2662,2,0.838659405708313,2026-09-14T21:12:38
helpdesk,pfm_ft_s2,next_activity,all,2662,0,0.7794232368469238,2026-09-14T21:12:20
helpdesk,pfm_ft_s2,next_activity,all,2662,1,0.8402182459831238,2026-09-14T21:12:25
helpdesk,pfm_ft_s2,next_activity,all,2662,2,0.838659405708313,2026-09-14T21:12:38
helpdesk,pfm_ft_s2,next_time,0,0,0,3.685603141784668,2026-09-14T21:12:20
helpdesk,pfm_ft_s2,next_time,0,0,1,3.685602903366089,2026-09-14T21:12:25
helpdesk,pfm_ft_s2,next_time,0,0,2,3.6856043338775635,2026-09-14T21:12:38
helpdesk,pfm_ft_s2,next_time,10,10,0,3.608867645263672,2026-09-14T21:12:20
helpdesk,pfm_ft_s2,next_time,10,10,1,3.6714696884155273,2026-09-14T21:12:25
helpdesk,pfm_ft_s2,next_time,10,10,2,3.637971878051758,2026-09-14T21:12:38
helpdesk,pfm_ft_s2,next_time,100,100,0,3.582435369491577,2026-09-14T21:12:20
helpdesk,pfm_ft_s2,next_time,100,100,1,3.480790615081787,2026-09-14T21:12:25
helpdesk,pfm_ft_s2,next_time,100,100,2,3.5486021041870117,2026-09-14T21:12:38
helpdesk,pfm_ft_s2,next_time,1000,1000,0,3.4998111724853516,2026-09-14T21:12:20
helpdesk,pfm_ft_s2,next_time,1000,1000,1,3.485349178314209,2026-09-14T21:12:25
helpdesk,pfm_ft_s2,next_time,1000,1000,2,3.5006790161132812,2026-09-14T21:12:38
helpdesk,pfm_ft_s2,next_time,30,30,0,3.532639980316162,2026-09-14T21:12:20
helpdesk,pfm_ft_s2,next_time,30,30,1,3.6260335445404053,2026-09-14T21:12:25
helpdesk,pfm_ft_s2,next_time,30,30,2,3.454970121383667,2026-09-14T21:12:38
helpdesk,pfm_ft_s2,next_time,300,300,0,3.5232760906219482,2026-09-14T21:12:20
helpdesk,pfm_ft_s2,next_time,300,300,1,3.501008987426758,2026-09-14T21:12:25
helpdesk,pfm_ft_s2,next_time,300,300,2,3.492020845413208,2026-09-14T21:12:38
helpdesk,pfm_ft_s2,next_time,5000,2662,0,3.513732671737671,2026-09-14T21:12:20
helpdesk,pfm_ft_s2,next_time,5000,2662,1,3.492891550064087,2026-09-14T21:12:25
helpdesk,pfm_ft_s2,next_time,5000,2662,2,3.4973013401031494,2026-09-14T21:12:38
helpdesk,pfm_ft_s2,next_time,all,2662,0,3.513732671737671,2026-09-14T21:12:20
helpdesk,pfm_ft_s2,next_time,all,2662,1,3.492891550064087,2026-09-14T21:12:25
helpdesk,pfm_ft_s2,next_time,all,2662,2,3.4973013401031494,2026-09-14T21:12:38
helpdesk,pfm_ft_s2,remaining_count,0,0,0,1.1328562498092651,2026-09-14T21:12:20
helpdesk,pfm_ft_s2,remaining_count,0,0,1,1.1467105150222778,2026-09-14T21:12:25
helpdesk,pfm_ft_s2,remaining_count,0,0,2,1.2572219371795654,2026-09-14T21:12:38
helpdesk,pfm_ft_s2,remaining_count,10,10,0,0.30925169587135315,2026-09-14T21:12:20
helpdesk,pfm_ft_s2,remaining_count,10,10,1,0.39116087555885315,2026-09-14T21:12:25
helpdesk,pfm_ft_s2,remaining_count,10,10,2,0.26547184586524963,2026-09-14T21:12:38
helpdesk,pfm_ft_s2,remaining_count,100,100,0,0.3605261445045471,2026-09-14T21:12:20
helpdesk,pfm_ft_s2,remaining_count,100,100,1,0.3271203935146332,2026-09-14T21:12:25
helpdesk,pfm_ft_s2,remaining_count,100,100,2,0.33573639392852783,2026-09-14T21:12:38
helpdesk,pfm_ft_s2,remaining_count,1000,1000,0,0.2841475307941437,2026-09-14T21:12:20
helpdesk,pfm_ft_s2,remaining_count,1000,1000,1,0.27505725622177124,2026-09-14T21:12:25
helpdesk,pfm_ft_s2,remaining_count,1000,1000,2,0.2853841483592987,2026-09-14T21:12:38
helpdesk,pfm_ft_s2,remaining_count,30,30,0,0.3536265790462494,2026-09-14T21:12:20
helpdesk,pfm_ft_s2,remaining_count,30,30,1,0.36579251289367676,2026-09-14T21:12:25
helpdesk,pfm_ft_s2,remaining_count,30,30,2,0.30103209614753723,2026-09-14T21:12:38
helpdesk,pfm_ft_s2,remaining_count,300,300,0,0.3546328544616699,2026-09-14T21:12:20
helpdesk,pfm_ft_s2,remaining_count,300,300,1,0.31109514832496643,2026-09-14T21:12:25
helpdesk,pfm_ft_s2,remaining_count,300,300,2,0.3360345959663391,2026-09-14T21:12:38
helpdesk,pfm_ft_s2,remaining_count,5000,2662,0,0.25903013348579407,2026-09-14T21:12:20
helpdesk,pfm_ft_s2,remaining_count,5000,2662,1,0.2538328170776367,2026-09-14T21:12:25
helpdesk,pfm_ft_s2,remaining_count,5000,2662,2,0.294869065284729,2026-09-14T21:12:38
helpdesk,pfm_ft_s2,remaining_count,all,2662,0,0.25903013348579407,2026-09-14T21:12:20
helpdesk,pfm_ft_s2,remaining_count,all,2662,1,0.2538328170776367,2026-09-14T21:12:25
helpdesk,pfm_ft_s2,remaining_count,all,2662,2,0.294869065284729,2026-09-14T21:12:38
helpdesk,pfm_ft_s2,remaining_time,0,0,0,5.3831305503845215,2026-09-14T21:12:20
helpdesk,pfm_ft_s2,remaining_time,0,0,1,5.38313102722168,2026-09-14T21:12:25
helpdesk,pfm_ft_s2,remaining_time,0,0,2,5.383131504058838,2026-09-14T21:12:38
helpdesk,pfm_ft_s2,remaining_time,10,10,0,4.969597816467285,2026-09-14T21:12:20
helpdesk,pfm_ft_s2,remaining_time,10,10,1,5.019043445587158,2026-09-14T21:12:25
helpdesk,pfm_ft_s2,remaining_time,10,10,2,4.985884666442871,2026-09-14T21:12:38
helpdesk,pfm_ft_s2,remaining_time,100,100,0,4.855301380157471,2026-09-14T21:12:20
helpdesk,pfm_ft_s2,remaining_time,100,100,1,4.949924468994141,2026-09-14T21:12:25
helpdesk,pfm_ft_s2,remaining_time,100,100,2,5.014603614807129,2026-09-14T21:12:38
helpdesk,pfm_ft_s2,remaining_time,1000,1000,0,4.929349422454834,2026-09-14T21:12:20
helpdesk,pfm_ft_s2,remaining_time,1000,1000,1,4.970364570617676,2026-09-14T21:12:25
helpdesk,pfm_ft_s2,remaining_time,1000,1000,2,4.980861663818359,2026-09-14T21:12:38
helpdesk,pfm_ft_s2,remaining_time,30,30,0,4.974721431732178,2026-09-14T21:12:20
helpdesk,pfm_ft_s2,remaining_time,30,30,1,4.958683013916016,2026-09-14T21:12:25
helpdesk,pfm_ft_s2,remaining_time,30,30,2,4.9592413902282715,2026-09-14T21:12:38
helpdesk,pfm_ft_s2,remaining_time,300,300,0,4.912012100219727,2026-09-14T21:12:20
helpdesk,pfm_ft_s2,remaining_time,300,300,1,4.962533950805664,2026-09-14T21:12:25
helpdesk,pfm_ft_s2,remaining_time,300,300,2,4.925933361053467,2026-09-14T21:12:38
helpdesk,pfm_ft_s2,remaining_time,5000,2662,0,4.973078727722168,2026-09-14T21:12:20
helpdesk,pfm_ft_s2,remaining_time,5000,2662,1,4.969432830810547,2026-09-14T21:12:25
helpdesk,pfm_ft_s2,remaining_time,5000,2662,2,4.975361347198486,2026-09-14T21:12:38
helpdesk,pfm_ft_s2,remaining_time,all,2662,0,4.973078727722168,2026-09-14T21:12:20
helpdesk,pfm_ft_s2,remaining_time,all,2662,1,4.969432830810547,2026-09-14T21:12:25
helpdesk,pfm_ft_s2,remaining_time,all,2662,2,4.975361347198486,2026-09-14T21:12:38
helpdesk,pfm_rft,future_activity_set,0,0,0,0.12692156434059143,2026-09-07T21:27:39
helpdesk,pfm_rft,future_activity_set,0,0,1,0.01809694804251194,2026-09-07T21:27:18
helpdesk,pfm_rft,future_activity_set,0,0,2,0.23720259964466095,2026-09-07T21:28:02
helpdesk,pfm_rft,future_activity_set,10,10,0,0.84568190574646,2026-09-07T21:27:39
helpdesk,pfm_rft,future_activity_set,10,10,1,0.884902834892273,2026-09-07T21:27:18
helpdesk,pfm_rft,future_activity_set,10,10,2,0.8911239504814148,2026-09-07T21:28:02
helpdesk,pfm_rft,future_activity_set,100,100,0,0.8827345371246338,2026-09-07T21:27:39
helpdesk,pfm_rft,future_activity_set,100,100,1,0.8996698260307312,2026-09-07T21:27:18
helpdesk,pfm_rft,future_activity_set,100,100,2,0.794804036617279,2026-09-07T21:28:02
helpdesk,pfm_rft,future_activity_set,1000,1000,0,0.8939624428749084,2026-09-07T21:27:39
helpdesk,pfm_rft,future_activity_set,1000,1000,1,0.8785555362701416,2026-09-07T21:27:18
helpdesk,pfm_rft,future_activity_set,1000,1000,2,0.897990345954895,2026-09-07T21:28:02
helpdesk,pfm_rft,future_activity_set,30,30,0,0.7960352301597595,2026-09-07T21:27:39
helpdesk,pfm_rft,future_activity_set,30,30,1,0.8790662884712219,2026-09-07T21:27:18
helpdesk,pfm_rft,future_activity_set,30,30,2,0.8965517282485962,2026-09-07T21:28:02
helpdesk,pfm_rft,future_activity_set,300,300,0,0.89180988073349,2026-09-07T21:27:39
helpdesk,pfm_rft,future_activity_set,300,300,1,0.8922533392906189,2026-09-07T21:27:18
helpdesk,pfm_rft,future_activity_set,300,300,2,0.8994655013084412,2026-09-07T21:28:02
helpdesk,pfm_rft,future_activity_set,5000,2662,0,0.8975012898445129,2026-09-07T21:27:39
helpdesk,pfm_rft,future_activity_set,5000,2662,1,0.8993390798568726,2026-09-07T21:27:18
helpdesk,pfm_rft,future_activity_set,5000,2662,2,0.8972200751304626,2026-09-07T21:28:02
helpdesk,pfm_rft,future_activity_set,all,2662,0,0.8975012898445129,2026-09-07T21:27:39
helpdesk,pfm_rft,future_activity_set,all,2662,1,0.8993390798568726,2026-09-07T21:27:18
helpdesk,pfm_rft,future_activity_set,all,2662,2,0.8972200751304626,2026-09-07T21:28:02
helpdesk,pfm_rft,next_3_activities,0,0,0,0.003224320476874709,2026-09-07T21:27:39
helpdesk,pfm_rft,next_3_activities,0,0,1,0.06448641419410706,2026-09-07T21:27:18
helpdesk,pfm_rft,next_3_activities,0,0,2,0.23030860722064972,2026-09-07T21:28:02
helpdesk,pfm_rft,next_3_activities,10,10,0,0.8148318529129028,2026-09-07T21:27:39
helpdesk,pfm_rft,next_3_activities,10,10,1,0.8111469149589539,2026-09-07T21:27:18
helpdesk,pfm_rft,next_3_activities,10,10,2,0.8046982884407043,2026-09-07T21:28:02
helpdesk,pfm_rft,next_3_activities,100,100,0,0.7982496619224548,2026-09-07T21:27:39
helpdesk,pfm_rft,next_3_activities,100,100,1,0.8162137269973755,2026-09-07T21:27:18
helpdesk,pfm_rft,next_3_activities,100,100,2,0.7595577836036682,2026-09-07T21:28:02
helpdesk,pfm_rft,next_3_activities,1000,1000,0,0.8180561661720276,2026-09-07T21:27:39
helpdesk,pfm_rft,next_3_activities,1000,1000,1,0.8198986649513245,2026-09-07T21:27:18
helpdesk,pfm_rft,next_3_activities,1000,1000,2,0.8180561661720276,2026-09-07T21:28:02
helpdesk,pfm_rft,next_3_activities,30,30,0,0.8180561661720276,2026-09-07T21:27:39
helpdesk,pfm_rft,next_3_activities,30,30,1,0.776140034198761,2026-09-07T21:27:18
helpdesk,pfm_rft,next_3_activities,30,30,2,0.818977415561676,2026-09-07T21:28:02
helpdesk,pfm_rft,next_3_activities,300,300,0,0.7839705348014832,2026-09-07T21:27:39
helpdesk,pfm_rft,next_3_activities,300,300,1,0.7752187848091125,2026-09-07T21:27:18
helpdesk,pfm_rft,next_3_activities,300,300,2,0.815292477607727,2026-09-07T21:28:02
helpdesk,pfm_rft,next_3_activities,5000,2662,0,0.8185167908668518,2026-09-07T21:27:39
helpdesk,pfm_rft,next_3_activities,5000,2662,1,0.8175956010818481,2026-09-07T21:27:18
helpdesk,pfm_rft,next_3_activities,5000,2662,2,0.8175956010818481,2026-09-07T21:28:02
helpdesk,pfm_rft,next_3_activities,all,2662,0,0.8185167908668518,2026-09-07T21:27:39
helpdesk,pfm_rft,next_3_activities,all,2662,1,0.8175956010818481,2026-09-07T21:27:18
helpdesk,pfm_rft,next_3_activities,all,2662,2,0.8175956010818481,2026-09-07T21:28:02
helpdesk,pfm_rft,next_5_activities,0,0,0,0.0036052276846021414,2026-09-07T21:27:39
helpdesk,pfm_rft,next_5_activities,0,0,1,0.06624605506658554,2026-09-07T21:27:18
helpdesk,pfm_rft,next_5_activities,0,0,2,0.24109959602355957,2026-09-07T21:28:02
helpdesk,pfm_rft,next_5_activities,10,10,0,0.8075709939002991,2026-09-07T21:27:39
helpdesk,pfm_rft,next_5_activities,10,10,1,0.8066696524620056,2026-09-07T21:27:18
helpdesk,pfm_rft,next_5_activities,10,10,2,0.7895448207855225,2026-09-07T21:28:02
helpdesk,pfm_rft,next_5_activities,100,100,0,0.7895448207855225,2026-09-07T21:27:39
helpdesk,pfm_rft,next_5_activities,100,100,1,0.8192879557609558,2026-09-07T21:27:18
helpdesk,pfm_rft,next_5_activities,100,100,2,0.7679134607315063,2026-09-07T21:28:02
helpdesk,pfm_rft,next_5_activities,1000,1000,0,0.8197386264801025,2026-09-07T21:27:39
helpdesk,pfm_rft,next_5_activities,1000,1000,1,0.8188372850418091,2026-09-07T21:27:18
helpdesk,pfm_rft,next_5_activities,1000,1000,2,0.8170347213745117,2026-09-07T21:28:02
helpdesk,pfm_rft,next_5_activities,30,30,0,0.8129788041114807,2026-09-07T21:27:39
helpdesk,pfm_rft,next_5_activities,30,30,1,0.7598016858100891,2026-09-07T21:27:18
helpdesk,pfm_rft,next_5_activities,30,30,2,0.8134294748306274,2026-09-07T21:28:02
helpdesk,pfm_rft,next_5_activities,300,300,0,0.7751239538192749,2026-09-07T21:27:39
helpdesk,pfm_rft,next_5_activities,300,300,1,0.7832356691360474,2026-09-07T21:27:18
helpdesk,pfm_rft,next_5_activities,300,300,2,0.8170347213745117,2026-09-07T21:28:02
helpdesk,pfm_rft,next_5_activities,5000,2662,0,0.8147814273834229,2026-09-07T21:27:39
helpdesk,pfm_rft,next_5_activities,5000,2662,1,0.8039657473564148,2026-09-07T21:27:18
helpdesk,pfm_rft,next_5_activities,5000,2662,2,0.8161333799362183,2026-09-07T21:28:02
helpdesk,pfm_rft,next_5_activities,all,2662,0,0.8147814273834229,2026-09-07T21:27:39
helpdesk,pfm_rft,next_5_activities,all,2662,1,0.8039657473564148,2026-09-07T21:27:18
helpdesk,pfm_rft,next_5_activities,all,2662,2,0.8161333799362183,2026-09-07T21:28:02
helpdesk,pfm_rft,next_activity,0,0,0,0.0007794232224114239,2026-09-07T21:27:39
helpdesk,pfm_rft,next_activity,0,0,1,0.0007794232224114239,2026-09-07T21:27:18
helpdesk,pfm_rft,next_activity,0,0,2,0.2291504293680191,2026-09-07T21:28:02
helpdesk,pfm_rft,next_activity,10,10,0,0.8355417251586914,2026-09-07T21:27:39
helpdesk,pfm_rft,next_activity,10,10,1,0.838659405708313,2026-09-07T21:27:18
helpdesk,pfm_rft,next_activity,10,10,2,0.8378799557685852,2026-09-07T21:28:02
helpdesk,pfm_rft,next_activity,100,100,0,0.7950116991996765,2026-09-07T21:27:39
helpdesk,pfm_rft,next_activity,100,100,1,0.8363211154937744,2026-09-07T21:27:18
helpdesk,pfm_rft,next_activity,100,100,2,0.8277474641799927,2026-09-07T21:28:02
helpdesk,pfm_rft,next_activity,1000,1000,0,0.832423985004425,2026-09-07T21:27:39
helpdesk,pfm_rft,next_activity,1000,1000,1,0.838659405708313,2026-09-07T21:27:18
helpdesk,pfm_rft,next_activity,1000,1000,2,0.838659405708313,2026-09-07T21:28:02
helpdesk,pfm_rft,next_activity,30,30,0,0.8355417251586914,2026-09-07T21:27:39
helpdesk,pfm_rft,next_activity,30,30,1,0.8074824810028076,2026-09-07T21:27:18
helpdesk,pfm_rft,next_activity,30,30,2,0.838659405708313,2026-09-07T21:28:02
helpdesk,pfm_rft,next_activity,300,300,0,0.7957910895347595,2026-09-07T21:27:39
helpdesk,pfm_rft,next_activity,300,300,1,0.7802026271820068,2026-09-07T21:27:18
helpdesk,pfm_rft,next_activity,300,300,2,0.831644594669342,2026-09-07T21:28:02
helpdesk,pfm_rft,next_activity,5000,2662,0,0.832423985004425,2026-09-07T21:27:39
helpdesk,pfm_rft,next_activity,5000,2662,1,0.8378799557685852,2026-09-07T21:27:18
helpdesk,pfm_rft,next_activity,5000,2662,2,0.838659405708313,2026-09-07T21:28:02
helpdesk,pfm_rft,next_activity,all,2662,0,0.832423985004425,2026-09-07T21:27:39
helpdesk,pfm_rft,next_activity,all,2662,1,0.8378799557685852,2026-09-07T21:27:18
helpdesk,pfm_rft,next_activity,all,2662,2,0.838659405708313,2026-09-07T21:28:02
helpdesk,pfm_rft,next_time,0,0,0,3.685602903366089,2026-09-07T21:27:39
helpdesk,pfm_rft,next_time,0,0,1,3.6856048107147217,2026-09-07T21:27:18
helpdesk,pfm_rft,next_time,0,0,2,3.6856038570404053,2026-09-07T21:28:02
helpdesk,pfm_rft,next_time,10,10,0,3.6310672760009766,2026-09-07T21:27:39
helpdesk,pfm_rft,next_time,10,10,1,3.642923355102539,2026-09-07T21:27:18
helpdesk,pfm_rft,next_time,10,10,2,3.6525766849517822,2026-09-07T21:28:02
helpdesk,pfm_rft,next_time,100,100,0,3.6249353885650635,2026-09-07T21:27:39
helpdesk,pfm_rft,next_time,100,100,1,3.5905489921569824,2026-09-07T21:27:18
helpdesk,pfm_rft,next_time,100,100,2,3.5701446533203125,2026-09-07T21:28:02
helpdesk,pfm_rft,next_time,1000,1000,0,3.5327889919281006,2026-09-07T21:27:39
helpdesk,pfm_rft,next_time,1000,1000,1,3.5039329528808594,2026-09-07T21:27:18
helpdesk,pfm_rft,next_time,1000,1000,2,3.525139808654785,2026-09-07T21:28:02
helpdesk,pfm_rft,next_time,30,30,0,3.603041410446167,2026-09-07T21:27:39
helpdesk,pfm_rft,next_time,30,30,1,3.62412166595459,2026-09-07T21:27:18
helpdesk,pfm_rft,next_time,30,30,2,3.549665689468384,2026-09-07T21:28:02
helpdesk,pfm_rft,next_time,300,300,0,3.5594916343688965,2026-09-07T21:27:39
helpdesk,pfm_rft,next_time,300,300,1,3.6143651008605957,2026-09-07T21:27:18
helpdesk,pfm_rft,next_time,300,300,2,3.517348527908325,2026-09-07T21:28:02
helpdesk,pfm_rft,next_time,5000,2662,0,3.5063023567199707,2026-09-07T21:27:39
helpdesk,pfm_rft,next_time,5000,2662,1,3.5919320583343506,2026-09-07T21:27:18
helpdesk,pfm_rft,next_time,5000,2662,2,3.5284574031829834,2026-09-07T21:28:02
helpdesk,pfm_rft,next_time,all,2662,0,3.5063023567199707,2026-09-07T21:27:39
helpdesk,pfm_rft,next_time,all,2662,1,3.5919320583343506,2026-09-07T21:27:18
helpdesk,pfm_rft,next_time,all,2662,2,3.5284574031829834,2026-09-07T21:28:02
helpdesk,pfm_rft,remaining_count,0,0,0,1.1159083843231201,2026-09-07T21:27:39
helpdesk,pfm_rft,remaining_count,0,0,1,1.3255252838134766,2026-09-07T21:27:18
helpdesk,pfm_rft,remaining_count,0,0,2,1.2349365949630737,2026-09-07T21:28:02
helpdesk,pfm_rft,remaining_count,10,10,0,0.35520875453948975,2026-09-07T21:27:39
helpdesk,pfm_rft,remaining_count,10,10,1,0.3955667316913605,2026-09-07T21:27:18
helpdesk,pfm_rft,remaining_count,10,10,2,0.2774532735347748,2026-09-07T21:28:02
helpdesk,pfm_rft,remaining_count,100,100,0,0.32794177532196045,2026-09-07T21:27:39
helpdesk,pfm_rft,remaining_count,100,100,1,0.3105752170085907,2026-09-07T21:27:18
helpdesk,pfm_rft,remaining_count,100,100,2,0.3340981900691986,2026-09-07T21:28:02
helpdesk,pfm_rft,remaining_count,1000,1000,0,0.2909731864929199,2026-09-07T21:27:39
helpdesk,pfm_rft,remaining_count,1000,1000,1,0.30166518688201904,2026-09-07T21:27:18
helpdesk,pfm_rft,remaining_count,1000,1000,2,0.29037562012672424,2026-09-07T21:28:02
helpdesk,pfm_rft,remaining_count,30,30,0,0.3510183095932007,2026-09-07T21:27:39
helpdesk,pfm_rft,remaining_count,30,30,1,0.3771440386772156,2026-09-07T21:27:18
helpdesk,pfm_rft,remaining_count,30,30,2,0.3228474259376526,2026-09-07T21:28:02
helpdesk,pfm_rft,remaining_count,300,300,0,0.31166645884513855,2026-09-07T21:27:39
helpdesk,pfm_rft,remaining_count,300,300,1,0.3543762266635895,2026-09-07T21:27:18
helpdesk,pfm_rft,remaining_count,300,300,2,0.37751784920692444,2026-09-07T21:28:02
helpdesk,pfm_rft,remaining_count,5000,2662,0,0.29544317722320557,2026-09-07T21:27:39
helpdesk,pfm_rft,remaining_count,5000,2662,1,0.3105428218841553,2026-09-07T21:27:18
helpdesk,pfm_rft,remaining_count,5000,2662,2,0.2939315438270569,2026-09-07T21:28:02
helpdesk,pfm_rft,remaining_count,all,2662,0,0.29544317722320557,2026-09-07T21:27:39
helpdesk,pfm_rft,remaining_count,all,2662,1,0.3105428218841553,2026-09-07T21:27:18
helpdesk,pfm_rft,remaining_count,all,2662,2,0.2939315438270569,2026-09-07T21:28:02
helpdesk,pfm_rft,remaining_time,0,0,0,5.3831305503845215,2026-09-07T21:27:39
helpdesk,pfm_rft,remaining_time,0,0,1,5.383132457733154,2026-09-07T21:27:18
helpdesk,pfm_rft,remaining_time,0,0,2,5.383131504058838,2026-09-07T21:28:02
helpdesk,pfm_rft,remaining_time,10,10,0,5.0634331703186035,2026-09-07T21:27:39
helpdesk,pfm_rft,remaining_time,10,10,1,5.054189205169678,2026-09-07T21:27:18
helpdesk,pfm_rft,remaining_time,10,10,2,5.130159854888916,2026-09-07T21:28:02
helpdesk,pfm_rft,remaining_time,100,100,0,5.040894508361816,2026-09-07T21:27:39
helpdesk,pfm_rft,remaining_time,100,100,1,5.021819591522217,2026-09-07T21:27:18
helpdesk,pfm_rft,remaining_time,100,100,2,5.018301486968994,2026-09-07T21:28:02
helpdesk,pfm_rft,remaining_time,1000,1000,0,5.0196051597595215,2026-09-07T21:27:39
helpdesk,pfm_rft,remaining_time,1000,1000,1,4.979854106903076,2026-09-07T21:27:18
helpdesk,pfm_rft,remaining_time,1000,1000,2,5.024683952331543,2026-09-07T21:28:02
helpdesk,pfm_rft,remaining_time,30,30,0,5.069648742675781,2026-09-07T21:27:39
helpdesk,pfm_rft,remaining_time,30,30,1,5.012142658233643,2026-09-07T21:27:18
helpdesk,pfm_rft,remaining_time,30,30,2,4.904955863952637,2026-09-07T21:28:02
helpdesk,pfm_rft,remaining_time,300,300,0,4.992172718048096,2026-09-07T21:27:39
helpdesk,pfm_rft,remaining_time,300,300,1,5.003970146179199,2026-09-07T21:27:18
helpdesk,pfm_rft,remaining_time,300,300,2,5.049083709716797,2026-09-07T21:28:02
helpdesk,pfm_rft,remaining_time,5000,2662,0,5.054394721984863,2026-09-07T21:27:39
helpdesk,pfm_rft,remaining_time,5000,2662,1,4.986514568328857,2026-09-07T21:27:18
helpdesk,pfm_rft,remaining_time,5000,2662,2,4.970764636993408,2026-09-07T21:28:02
helpdesk,pfm_rft,remaining_time,all,2662,0,5.054394721984863,2026-09-07T21:27:39
helpdesk,pfm_rft,remaining_time,all,2662,1,4.986514568328857,2026-09-07T21:27:18
helpdesk,pfm_rft,remaining_time,all,2662,2,4.970764636993408,2026-09-07T21:28:02
helpdesk,pfm_s2,future_activity_set,0,0,0,0.27744874358177185,2026-09-14T21:11:43
helpdesk,pfm_s2,future_activity_set,0,0,1,0.1038590595126152,2026-09-14T21:11:34
helpdesk,pfm_s2,future_activity_set,0,0,2,0.26241835951805115,2026-09-14T21:12:02
helpdesk,pfm_s2,future_activity_set,10,10,0,0.8566243052482605,2026-09-14T21:11:43
helpdesk,pfm_s2,future_activity_set,10,10,1,0.8825461268424988,2026-09-14T21:11:34
helpdesk,pfm_s2,future_activity_set,10,10,2,0.8986245393753052,2026-09-14T21:12:02
helpdesk,pfm_s2,future_activity_set,100,100,0,0.8660405278205872,2026-09-14T21:11:43
helpdesk,pfm_s2,future_activity_set,100,100,1,0.8154425621032715,2026-09-14T21:11:34
helpdesk,pfm_s2,future_activity_set,100,100,2,0.8665012121200562,2026-09-14T21:12:02
helpdesk,pfm_s2,future_activity_set,1000,1000,0,0.886721670627594,2026-09-14T21:11:43
helpdesk,pfm_s2,future_activity_set,1000,1000,1,0.8929740786552429,2026-09-14T21:11:34
helpdesk,pfm_s2,future_activity_set,1000,1000,2,0.8902963995933533,2026-09-14T21:12:02
helpdesk,pfm_s2,future_activity_set,30,30,0,0.8756169676780701,2026-09-14T21:11:43
helpdesk,pfm_s2,future_activity_set,30,30,1,0.8318501114845276,2026-09-14T21:11:34
helpdesk,pfm_s2,future_activity_set,30,30,2,0.8830903172492981,2026-09-14T21:12:02
helpdesk,pfm_s2,future_activity_set,300,300,0,0.8707382678985596,2026-09-14T21:11:43
helpdesk,pfm_s2,future_activity_set,300,300,1,0.808539628982544,2026-09-14T21:11:34
helpdesk,pfm_s2,future_activity_set,300,300,2,0.855128824710846,2026-09-14T21:12:02
helpdesk,pfm_s2,future_activity_set,5000,2662,0,0.8814317584037781,2026-09-14T21:11:43
helpdesk,pfm_s2,future_activity_set,5000,2662,1,0.8936062455177307,2026-09-14T21:11:34
helpdesk,pfm_s2,future_activity_set,5000,2662,2,0.8916330933570862,2026-09-14T21:12:02
helpdesk,pfm_s2,future_activity_set,all,2662,0,0.8814317584037781,2026-09-14T21:11:43
helpdesk,pfm_s2,future_activity_set,all,2662,1,0.8936062455177307,2026-09-14T21:11:34
helpdesk,pfm_s2,future_activity_set,all,2662,2,0.8916330933570862,2026-09-14T21:12:02
helpdesk,pfm_s2,next_3_activities,0,0,0,0.04560110718011856,2026-09-14T21:11:43
helpdesk,pfm_s2,next_3_activities,0,0,1,0.1708889901638031,2026-09-14T21:11:34
helpdesk,pfm_s2,next_3_activities,0,0,2,0.04606172442436218,2026-09-14T21:12:02
helpdesk,pfm_s2,next_3_activities,10,10,0,0.813450038433075,2026-09-14T21:11:43
helpdesk,pfm_s2,next_3_activities,10,10,1,0.815292477607727,2026-09-14T21:11:34
helpdesk,pfm_s2,next_3_activities,10,10,2,0.8014739751815796,2026-09-14T21:12:02
helpdesk,pfm_s2,next_3_activities,100,100,0,0.7678489089012146,2026-09-14T21:11:43
helpdesk,pfm_s2,next_3_activities,100,100,1,0.8157531023025513,2026-09-14T21:11:34
helpdesk,pfm_s2,next_3_activities,100,100,2,0.7309995293617249,2026-09-14T21:12:02
helpdesk,pfm_s2,next_3_activities,1000,1000,0,0.8143712282180786,2026-09-14T21:11:43
helpdesk,pfm_s2,next_3_activities,1000,1000,1,0.8139106631278992,2026-09-14T21:11:34
helpdesk,pfm_s2,next_3_activities,1000,1000,2,0.8148318529129028,2026-09-14T21:12:02
helpdesk,pfm_s2,next_3_activities,30,30,0,0.806080162525177,2026-09-14T21:11:43
helpdesk,pfm_s2,next_3_activities,30,30,1,0.7669276595115662,2026-09-14T21:11:34
helpdesk,pfm_s2,next_3_activities,30,30,2,0.7747581601142883,2026-09-14T21:12:02
helpdesk,pfm_s2,next_3_activities,300,300,0,0.7669276595115662,2026-09-14T21:11:43
helpdesk,pfm_s2,next_3_activities,300,300,1,0.7867342233657837,2026-09-14T21:11:34
helpdesk,pfm_s2,next_3_activities,300,300,2,0.7973284125328064,2026-09-14T21:12:02
helpdesk,pfm_s2,next_3_activities,5000,2662,0,0.8143712282180786,2026-09-14T21:11:43
helpdesk,pfm_s2,next_3_activities,5000,2662,1,0.8157531023025513,2026-09-14T21:11:34
helpdesk,pfm_s2,next_3_activities,5000,2662,2,0.8166743516921997,2026-09-14T21:12:02
helpdesk,pfm_s2,next_3_activities,all,2662,0,0.8143712282180786,2026-09-14T21:11:43
helpdesk,pfm_s2,next_3_activities,all,2662,1,0.8157531023025513,2026-09-14T21:11:34
helpdesk,pfm_s2,next_3_activities,all,2662,2,0.8166743516921997,2026-09-14T21:12:02
helpdesk,pfm_s2,next_5_activities,0,0,0,0.041009463369846344,2026-09-14T21:11:43
helpdesk,pfm_s2,next_5_activities,0,0,1,0.18251465260982513,2026-09-14T21:11:34
helpdesk,pfm_s2,next_5_activities,0,0,2,0.03244704753160477,2026-09-14T21:12:02
helpdesk,pfm_s2,next_5_activities,10,10,0,0.8093736171722412,2026-09-14T21:11:43
helpdesk,pfm_s2,next_5_activities,10,10,1,0.8147814273834229,2026-09-14T21:11:34
helpdesk,pfm_s2,next_5_activities,10,10,2,0.7845876812934875,2026-09-14T21:12:02
helpdesk,pfm_s2,next_5_activities,100,100,0,0.7638576030731201,2026-09-14T21:11:43
helpdesk,pfm_s2,next_5_activities,100,100,1,0.8125281929969788,2026-09-14T21:11:34
helpdesk,pfm_s2,next_5_activities,100,100,2,0.7278053164482117,2026-09-14T21:12:02
helpdesk,pfm_s2,next_5_activities,1000,1000,0,0.8129788041114807,2026-09-14T21:11:43
helpdesk,pfm_s2,next_5_activities,1000,1000,1,0.8143307566642761,2026-09-14T21:11:34
helpdesk,pfm_s2,next_5_activities,1000,1000,2,0.8161333799362183,2026-09-14T21:12:02
helpdesk,pfm_s2,next_5_activities,30,30,0,0.7985579371452332,2026-09-14T21:11:43
helpdesk,pfm_s2,next_5_activities,30,30,1,0.7692654132843018,2026-09-14T21:11:34
helpdesk,pfm_s2,next_5_activities,30,30,2,0.7710680365562439,2026-09-14T21:12:02
helpdesk,pfm_s2,next_5_activities,300,300,0,0.7724199891090393,2026-09-14T21:11:43
helpdesk,pfm_s2,next_5_activities,300,300,1,0.7913474440574646,2026-09-14T21:11:34
helpdesk,pfm_s2,next_5_activities,300,300,2,0.78143310546875,2026-09-14T21:12:02
helpdesk,pfm_s2,next_5_activities,5000,2662,0,0.8084722757339478,2026-09-14T21:11:43
helpdesk,pfm_s2,next_5_activities,5000,2662,1,0.8192879557609558,2026-09-14T21:11:34
helpdesk,pfm_s2,next_5_activities,5000,2662,2,0.8147814273834229,2026-09-14T21:12:02
helpdesk,pfm_s2,next_5_activities,all,2662,0,0.8084722757339478,2026-09-14T21:11:43
helpdesk,pfm_s2,next_5_activities,all,2662,1,0.8192879557609558,2026-09-14T21:11:34
helpdesk,pfm_s2,next_5_activities,all,2662,2,0.8147814273834229,2026-09-14T21:12:02
helpdesk,pfm_s2,next_activity,0,0,0,0.01091192476451397,2026-09-14T21:11:43
helpdesk,pfm_s2,next_activity,0,0,1,0.2821512222290039,2026-09-14T21:11:34
helpdesk,pfm_s2,next_activity,0,0,2,0.04598597064614296,2026-09-14T21:12:02
helpdesk,pfm_s2,next_activity,10,10,0,0.8355417251586914,2026-09-14T21:11:43
helpdesk,pfm_s2,next_activity,10,10,1,0.8347622752189636,2026-09-14T21:11:34
helpdesk,pfm_s2,next_activity,10,10,2,0.8090413212776184,2026-09-14T21:12:02
helpdesk,pfm_s2,next_activity,100,100,0,0.8098207116127014,2026-09-14T21:11:43
helpdesk,pfm_s2,next_activity,100,100,1,0.8332034349441528,2026-09-14T21:11:34
helpdesk,pfm_s2,next_activity,100,100,2,0.8238503336906433,2026-09-14T21:12:02
helpdesk,pfm_s2,next_activity,1000,1000,0,0.8300857543945312,2026-09-14T21:11:43
helpdesk,pfm_s2,next_activity,1000,1000,1,0.8230709433555603,2026-09-14T21:11:34
helpdesk,pfm_s2,next_activity,1000,1000,2,0.8339828252792358,2026-09-14T21:12:02
helpdesk,pfm_s2,next_activity,30,30,0,0.8285269141197205,2026-09-14T21:11:43
helpdesk,pfm_s2,next_activity,30,30,1,0.7560405135154724,2026-09-14T21:11:34
helpdesk,pfm_s2,next_activity,30,30,2,0.7996882200241089,2026-09-14T21:12:02
helpdesk,pfm_s2,next_activity,300,300,0,0.7653936147689819,2026-09-14T21:11:43
helpdesk,pfm_s2,next_activity,300,300,1,0.7794232368469238,2026-09-14T21:11:34
helpdesk,pfm_s2,next_activity,300,300,2,0.7747467160224915,2026-09-14T21:12:02
helpdesk,pfm_s2,next_activity,5000,2662,0,0.8199532628059387,2026-09-14T21:11:43
helpdesk,pfm_s2,next_activity,5000,2662,1,0.8363211154937744,2026-09-14T21:11:34
helpdesk,pfm_s2,next_activity,5000,2662,2,0.8347622752189636,2026-09-14T21:12:02
helpdesk,pfm_s2,next_activity,all,2662,0,0.8199532628059387,2026-09-14T21:11:43
helpdesk,pfm_s2,next_activity,all,2662,1,0.8363211154937744,2026-09-14T21:11:34
helpdesk,pfm_s2,next_activity,all,2662,2,0.8347622752189636,2026-09-14T21:12:02
helpdesk,pfm_s2,next_time,0,0,0,3.685603141784668,2026-09-14T21:11:43
helpdesk,pfm_s2,next_time,0,0,1,3.685602903366089,2026-09-14T21:11:34
helpdesk,pfm_s2,next_time,0,0,2,3.6856043338775635,2026-09-14T21:12:02
helpdesk,pfm_s2,next_time,10,10,0,3.6564512252807617,2026-09-14T21:11:43
helpdesk,pfm_s2,next_time,10,10,1,3.641179084777832,2026-09-14T21:11:34
helpdesk,pfm_s2,next_time,10,10,2,3.634600877761841,2026-09-14T21:12:02
helpdesk,pfm_s2,next_time,100,100,0,3.591297149658203,2026-09-14T21:11:43
helpdesk,pfm_s2,next_time,100,100,1,3.620774507522583,2026-09-14T21:11:34
helpdesk,pfm_s2,next_time,100,100,2,3.581946849822998,2026-09-14T21:12:02
helpdesk,pfm_s2,next_time,1000,1000,0,3.52038836479187,2026-09-14T21:11:43
helpdesk,pfm_s2,next_time,1000,1000,1,3.47906756401062,2026-09-14T21:11:34
helpdesk,pfm_s2,next_time,1000,1000,2,3.5904815196990967,2026-09-14T21:12:02
helpdesk,pfm_s2,next_time,30,30,0,3.6490111351013184,2026-09-14T21:11:43
helpdesk,pfm_s2,next_time,30,30,1,3.636531114578247,2026-09-14T21:11:34
helpdesk,pfm_s2,next_time,30,30,2,3.617507219314575,2026-09-14T21:12:02
helpdesk,pfm_s2,next_time,300,300,0,3.5655035972595215,2026-09-14T21:11:43
helpdesk,pfm_s2,next_time,300,300,1,3.5591700077056885,2026-09-14T21:11:34
helpdesk,pfm_s2,next_time,300,300,2,3.5983221530914307,2026-09-14T21:12:02
helpdesk,pfm_s2,next_time,5000,2662,0,3.4864022731781006,2026-09-14T21:11:43
helpdesk,pfm_s2,next_time,5000,2662,1,3.536982297897339,2026-09-14T21:11:34
helpdesk,pfm_s2,next_time,5000,2662,2,3.5287792682647705,2026-09-14T21:12:02
helpdesk,pfm_s2,next_time,all,2662,0,3.4864022731781006,2026-09-14T21:11:43
helpdesk,pfm_s2,next_time,all,2662,1,3.536982297897339,2026-09-14T21:11:34
helpdesk,pfm_s2,next_time,all,2662,2,3.5287792682647705,2026-09-14T21:12:02
helpdesk,pfm_s2,remaining_count,0,0,0,1.1328562498092651,2026-09-14T21:11:43
helpdesk,pfm_s2,remaining_count,0,0,1,1.1467105150222778,2026-09-14T21:11:34
helpdesk,pfm_s2,remaining_count,0,0,2,1.2572219371795654,2026-09-14T21:12:02
helpdesk,pfm_s2,remaining_count,10,10,0,0.3707343339920044,2026-09-14T21:11:43
helpdesk,pfm_s2,remaining_count,10,10,1,0.4059617817401886,2026-09-14T21:11:34
helpdesk,pfm_s2,remaining_count,10,10,2,0.2848805785179138,2026-09-14T21:12:02
helpdesk,pfm_s2,remaining_count,100,100,0,0.37015849351882935,2026-09-14T21:11:43
helpdesk,pfm_s2,remaining_count,100,100,1,0.341035395860672,2026-09-14T21:11:34
helpdesk,pfm_s2,remaining_count,100,100,2,0.3271118402481079,2026-09-14T21:12:02
helpdesk,pfm_s2,remaining_count,1000,1000,0,0.30370086431503296,2026-09-14T21:11:43
helpdesk,pfm_s2,remaining_count,1000,1000,1,0.31607145071029663,2026-09-14T21:11:34
helpdesk,pfm_s2,remaining_count,1000,1000,2,0.3047608435153961,2026-09-14T21:12:02
helpdesk,pfm_s2,remaining_count,30,30,0,0.37721797823905945,2026-09-14T21:11:43
helpdesk,pfm_s2,remaining_count,30,30,1,0.41797566413879395,2026-09-14T21:11:34
helpdesk,pfm_s2,remaining_count,30,30,2,0.33936020731925964,2026-09-14T21:12:02
helpdesk,pfm_s2,remaining_count,300,300,0,0.39144352078437805,2026-09-14T21:11:43
helpdesk,pfm_s2,remaining_count,300,300,1,0.3552786707878113,2026-09-14T21:11:34
helpdesk,pfm_s2,remaining_count,300,300,2,0.36482444405555725,2026-09-14T21:12:02
helpdesk,pfm_s2,remaining_count,5000,2662,0,0.28392982482910156,2026-09-14T21:11:43
helpdesk,pfm_s2,remaining_count,5000,2662,1,0.28804805874824524,2026-09-14T21:11:34
helpdesk,pfm_s2,remaining_count,5000,2662,2,0.2884536385536194,2026-09-14T21:12:02
helpdesk,pfm_s2,remaining_count,all,2662,0,0.28392982482910156,2026-09-14T21:11:43
helpdesk,pfm_s2,remaining_count,all,2662,1,0.28804805874824524,2026-09-14T21:11:34
helpdesk,pfm_s2,remaining_count,all,2662,2,0.2884536385536194,2026-09-14T21:12:02
helpdesk,pfm_s2,remaining_time,0,0,0,5.3831305503845215,2026-09-14T21:11:43
helpdesk,pfm_s2,remaining_time,0,0,1,5.38313102722168,2026-09-14T21:11:34
helpdesk,pfm_s2,remaining_time,0,0,2,5.383131504058838,2026-09-14T21:12:02
helpdesk,pfm_s2,remaining_time,10,10,0,5.0769734382629395,2026-09-14T21:11:43
helpdesk,pfm_s2,remaining_time,10,10,1,5.097835540771484,2026-09-14T21:11:34
helpdesk,pfm_s2,remaining_time,10,10,2,5.057252883911133,2026-09-14T21:12:02
helpdesk,pfm_s2,remaining_time,100,100,0,5.100646018981934,2026-09-14T21:11:43
helpdesk,pfm_s2,remaining_time,100,100,1,5.087848663330078,2026-09-14T21:11:34
helpdesk,pfm_s2,remaining_time,100,100,2,5.106142997741699,2026-09-14T21:12:02
helpdesk,pfm_s2,remaining_time,1000,1000,0,5.043713569641113,2026-09-14T21:11:43
helpdesk,pfm_s2,remaining_time,1000,1000,1,5.020528793334961,2026-09-14T21:11:34
helpdesk,pfm_s2,remaining_time,1000,1000,2,4.963376045227051,2026-09-14T21:12:02
helpdesk,pfm_s2,remaining_time,30,30,0,5.1516876220703125,2026-09-14T21:11:43
helpdesk,pfm_s2,remaining_time,30,30,1,5.074258327484131,2026-09-14T21:11:34
helpdesk,pfm_s2,remaining_time,30,30,2,5.089313983917236,2026-09-14T21:12:02
helpdesk,pfm_s2,remaining_time,300,300,0,5.073554039001465,2026-09-14T21:11:43
helpdesk,pfm_s2,remaining_time,300,300,1,5.025577545166016,2026-09-14T21:11:34
helpdesk,pfm_s2,remaining_time,300,300,2,5.043227672576904,2026-09-14T21:12:02
helpdesk,pfm_s2,remaining_time,5000,2662,0,4.996846675872803,2026-09-14T21:11:43
helpdesk,pfm_s2,remaining_time,5000,2662,1,4.986475944519043,2026-09-14T21:11:34
helpdesk,pfm_s2,remaining_time,5000,2662,2,5.035048484802246,2026-09-14T21:12:02
helpdesk,pfm_s2,remaining_time,all,2662,0,4.996846675872803,2026-09-14T21:11:43
helpdesk,pfm_s2,remaining_time,all,2662,1,4.986475944519043,2026-09-14T21:11:34
helpdesk,pfm_s2,remaining_time,all,2662,2,5.035048484802246,2026-09-14T21:12:02
helpdesk,pfm_scratch,future_activity_set,0,0,0,0.2558395266532898,2026-09-14T23:08:37
helpdesk,pfm_scratch,future_activity_set,0,0,1,0.2719419300556183,2026-09-14T23:12:31
helpdesk,pfm_scratch,future_activity_set,0,0,2,0.1284855157136917,2026-09-14T23:15:45
helpdesk,pfm_scratch,future_activity_set,10,10,0,0.8533402681350708,2026-09-14T23:08:37
helpdesk,pfm_scratch,future_activity_set,10,10,1,0.8942965865135193,2026-09-14T23:12:31
helpdesk,pfm_scratch,future_activity_set,10,10,2,0.8994143009185791,2026-09-14T23:15:45
helpdesk,pfm_scratch,future_activity_set,100,100,0,0.8755081295967102,2026-09-14T23:08:37
helpdesk,pfm_scratch,future_activity_set,100,100,1,0.8992130160331726,2026-09-14T23:12:31
helpdesk,pfm_scratch,future_activity_set,100,100,2,0.8984771370887756,2026-09-14T23:15:45
helpdesk,pfm_scratch,future_activity_set,1000,1000,0,0.8985728621482849,2026-09-14T23:08:37
helpdesk,pfm_scratch,future_activity_set,1000,1000,1,0.8992878794670105,2026-09-14T23:12:31
helpdesk,pfm_scratch,future_activity_set,1000,1000,2,0.8992878794670105,2026-09-14T23:15:45
helpdesk,pfm_scratch,future_activity_set,30,30,0,0.8989847898483276,2026-09-14T23:08:37
helpdesk,pfm_scratch,future_activity_set,30,30,1,0.8958544135093689,2026-09-14T23:12:31
helpdesk,pfm_scratch,future_activity_set,30,30,2,0.9000254273414612,2026-09-14T23:15:45
helpdesk,pfm_scratch,future_activity_set,300,300,0,0.8953050374984741,2026-09-14T23:08:37
helpdesk,pfm_scratch,future_activity_set,300,300,1,0.8996188044548035,2026-09-14T23:12:31
helpdesk,pfm_scratch,future_activity_set,300,300,2,0.8995166420936584,2026-09-14T23:15:45
helpdesk,pfm_scratch,future_activity_set,5000,2662,0,0.9000254273414612,2026-09-14T23:08:37
helpdesk,pfm_scratch,future_activity_set,5000,2662,1,0.9002544283866882,2026-09-14T23:12:31
helpdesk,pfm_scratch,future_activity_set,5000,2662,2,0.8963941335678101,2026-09-14T23:15:45
helpdesk,pfm_scratch,future_activity_set,all,2662,0,0.9000254273414612,2026-09-14T23:08:37
helpdesk,pfm_scratch,future_activity_set,all,2662,1,0.9002544283866882,2026-09-14T23:12:31
helpdesk,pfm_scratch,future_activity_set,all,2662,2,0.8963941335678101,2026-09-14T23:15:45
helpdesk,pfm_scratch,next_3_activities,0,0,0,0.00690925819799304,2026-09-14T23:08:37
helpdesk,pfm_scratch,next_3_activities,0,0,1,0.0,2026-09-14T23:12:31
helpdesk,pfm_scratch,next_3_activities,0,0,2,0.23076923191547394,2026-09-14T23:15:45
helpdesk,pfm_scratch,next_3_activities,10,10,0,0.8203592896461487,2026-09-14T23:08:37
helpdesk,pfm_scratch,next_3_activities,10,10,1,0.8198986649513245,2026-09-14T23:12:31
helpdesk,pfm_scratch,next_3_activities,10,10,2,0.8203592896461487,2026-09-14T23:15:45
helpdesk,pfm_scratch,next_3_activities,100,100,0,0.6057116389274597,2026-09-14T23:08:37
helpdesk,pfm_scratch,next_3_activities,100,100,1,0.8203592896461487,2026-09-14T23:12:31
helpdesk,pfm_scratch,next_3_activities,100,100,2,0.8171349763870239,2026-09-14T23:15:45
helpdesk,pfm_scratch,next_3_activities,1000,1000,0,0.8203592896461487,2026-09-14T23:08:37
helpdesk,pfm_scratch,next_3_activities,1000,1000,1,0.8203592896461487,2026-09-14T23:12:31
helpdesk,pfm_scratch,next_3_activities,1000,1000,2,0.8203592896461487,2026-09-14T23:15:45
helpdesk,pfm_scratch,next_3_activities,30,30,0,0.8203592896461487,2026-09-14T23:08:37
helpdesk,pfm_scratch,next_3_activities,30,30,1,0.8171349763870239,2026-09-14T23:12:31
helpdesk,pfm_scratch,next_3_activities,30,30,2,0.8203592896461487,2026-09-14T23:15:45
helpdesk,pfm_scratch,next_3_activities,300,300,0,0.8180561661720276,2026-09-14T23:08:37
helpdesk,pfm_scratch,next_3_activities,300,300,1,0.8203592896461487,2026-09-14T23:12:31
helpdesk,pfm_scratch,next_3_activities,300,300,2,0.8203592896461487,2026-09-14T23:15:45
helpdesk,pfm_scratch,next_3_activities,5000,2662,0,0.8203592896461487,2026-09-14T23:08:37
helpdesk,pfm_scratch,next_3_activities,5000,2662,1,0.8203592896461487,2026-09-14T23:12:31
helpdesk,pfm_scratch,next_3_activities,5000,2662,2,0.8203592896461487,2026-09-14T23:15:45
helpdesk,pfm_scratch,next_3_activities,all,2662,0,0.8203592896461487,2026-09-14T23:08:37
helpdesk,pfm_scratch,next_3_activities,all,2662,1,0.8203592896461487,2026-09-14T23:12:31
helpdesk,pfm_scratch,next_3_activities,all,2662,2,0.8203592896461487,2026-09-14T23:15:45
helpdesk,pfm_scratch,next_5_activities,0,0,0,0.23974762856960297,2026-09-14T23:08:37
helpdesk,pfm_scratch,next_5_activities,0,0,1,0.02703920751810074,2026-09-14T23:12:31
helpdesk,pfm_scratch,next_5_activities,0,0,2,0.048219919204711914,2026-09-14T23:15:45
helpdesk,pfm_scratch,next_5_activities,10,10,0,0.8152320981025696,2026-09-14T23:08:37
helpdesk,pfm_scratch,next_5_activities,10,10,1,0.8152320981025696,2026-09-14T23:12:31
helpdesk,pfm_scratch,next_5_activities,10,10,2,0.8030644655227661,2026-09-14T23:15:45
helpdesk,pfm_scratch,next_5_activities,100,100,0,0.8174853324890137,2026-09-14T23:08:37
helpdesk,pfm_scratch,next_5_activities,100,100,1,0.8201892971992493,2026-09-14T23:12:31
helpdesk,pfm_scratch,next_5_activities,100,100,2,0.8170347213745117,2026-09-14T23:15:45
helpdesk,pfm_scratch,next_5_activities,1000,1000,0,0.8201892971992493,2026-09-14T23:08:37
helpdesk,pfm_scratch,next_5_activities,1000,1000,1,0.8201892971992493,2026-09-14T23:12:31
helpdesk,pfm_scratch,next_5_activities,1000,1000,2,0.8201892971992493,2026-09-14T23:15:45
helpdesk,pfm_scratch,next_5_activities,30,30,0,0.8147814273834229,2026-09-14T23:08:37
helpdesk,pfm_scratch,next_5_activities,30,30,1,0.8174853324890137,2026-09-14T23:12:31
helpdesk,pfm_scratch,next_5_activities,30,30,2,0.8152320981025696,2026-09-14T23:15:45
helpdesk,pfm_scratch,next_5_activities,300,300,0,0.8201892971992493,2026-09-14T23:08:37
helpdesk,pfm_scratch,next_5_activities,300,300,1,0.8188372850418091,2026-09-14T23:12:31
helpdesk,pfm_scratch,next_5_activities,300,300,2,0.8174853324890137,2026-09-14T23:15:45
helpdesk,pfm_scratch,next_5_activities,5000,2662,0,0.8201892971992493,2026-09-14T23:08:37
helpdesk,pfm_scratch,next_5_activities,5000,2662,1,0.8206399083137512,2026-09-14T23:12:31
helpdesk,pfm_scratch,next_5_activities,5000,2662,2,0.8201892971992493,2026-09-14T23:15:45
helpdesk,pfm_scratch,next_5_activities,all,2662,0,0.8201892971992493,2026-09-14T23:08:37
helpdesk,pfm_scratch,next_5_activities,all,2662,1,0.8206399083137512,2026-09-14T23:12:31
helpdesk,pfm_scratch,next_5_activities,all,2662,2,0.8201892971992493,2026-09-14T23:15:45
helpdesk,pfm_scratch,next_activity,0,0,0,0.0,2026-09-14T23:08:37
helpdesk,pfm_scratch,next_activity,0,0,1,0.41231489181518555,2026-09-14T23:12:31
helpdesk,pfm_scratch,next_activity,0,0,2,0.00935307890176773,2026-09-14T23:15:45
helpdesk,pfm_scratch,next_activity,10,10,0,0.8378799557685852,2026-09-14T23:08:37
helpdesk,pfm_scratch,next_activity,10,10,1,0.4754481613636017,2026-09-14T23:12:31
helpdesk,pfm_scratch,next_activity,10,10,2,0.838659405708313,2026-09-14T23:15:45
helpdesk,pfm_scratch,next_activity,100,100,0,0.8371005654335022,2026-09-14T23:08:37
helpdesk,pfm_scratch,next_activity,100,100,1,0.838659405708313,2026-09-14T23:12:31
helpdesk,pfm_scratch,next_activity,100,100,2,0.4754481613636017,2026-09-14T23:15:45
helpdesk,pfm_scratch,next_activity,1000,1000,0,0.838659405708313,2026-09-14T23:08:37
helpdesk,pfm_scratch,next_activity,1000,1000,1,0.838659405708313,2026-09-14T23:12:31
helpdesk,pfm_scratch,next_activity,1000,1000,2,0.838659405708313,2026-09-14T23:15:45
helpdesk,pfm_scratch,next_activity,30,30,0,0.838659405708313,2026-09-14T23:08:37
helpdesk,pfm_scratch,next_activity,30,30,1,0.838659405708313,2026-09-14T23:12:31
helpdesk,pfm_scratch,next_activity,30,30,2,0.838659405708313,2026-09-14T23:15:45
helpdesk,pfm_scratch,next_activity,300,300,0,0.8378799557685852,2026-09-14T23:08:37
helpdesk,pfm_scratch,next_activity,300,300,1,0.838659405708313,2026-09-14T23:12:31
helpdesk,pfm_scratch,next_activity,300,300,2,0.838659405708313,2026-09-14T23:15:45
helpdesk,pfm_scratch,next_activity,5000,2662,0,0.8378799557685852,2026-09-14T23:08:37
helpdesk,pfm_scratch,next_activity,5000,2662,1,0.838659405708313,2026-09-14T23:12:31
helpdesk,pfm_scratch,next_activity,5000,2662,2,0.838659405708313,2026-09-14T23:15:45
helpdesk,pfm_scratch,next_activity,all,2662,0,0.8378799557685852,2026-09-14T23:08:37
helpdesk,pfm_scratch,next_activity,all,2662,1,0.838659405708313,2026-09-14T23:12:31
helpdesk,pfm_scratch,next_activity,all,2662,2,0.838659405708313,2026-09-14T23:15:45
helpdesk,pfm_scratch,next_time,0,0,0,3.6856048107147217,2026-09-14T23:08:37
helpdesk,pfm_scratch,next_time,0,0,1,3.6856038570404053,2026-09-14T23:12:31
helpdesk,pfm_scratch,next_time,0,0,2,3.6856048107147217,2026-09-14T23:15:45
helpdesk,pfm_scratch,next_time,10,10,0,3.6325974464416504,2026-09-14T23:08:37
helpdesk,pfm_scratch,next_time,10,10,1,3.641469955444336,2026-09-14T23:12:31
helpdesk,pfm_scratch,next_time,10,10,2,3.6420063972473145,2026-09-14T23:15:45
helpdesk,pfm_scratch,next_time,100,100,0,3.6237592697143555,2026-09-14T23:08:37
helpdesk,pfm_scratch,next_time,100,100,1,3.6304593086242676,2026-09-14T23:12:31
helpdesk,pfm_scratch,next_time,100,100,2,3.6262574195861816,2026-09-14T23:15:45
helpdesk,pfm_scratch,next_time,1000,1000,0,3.463472843170166,2026-09-14T23:08:37
helpdesk,pfm_scratch,next_time,1000,1000,1,3.6311237812042236,2026-09-14T23:12:31
helpdesk,pfm_scratch,next_time,1000,1000,2,3.6290721893310547,2026-09-14T23:15:45
helpdesk,pfm_scratch,next_time,30,30,0,3.629528522491455,2026-09-14T23:08:37
helpdesk,pfm_scratch,next_time,30,30,1,3.6289453506469727,2026-09-14T23:12:31
helpdesk,pfm_scratch,next_time,30,30,2,3.6300418376922607,2026-09-14T23:15:45
helpdesk,pfm_scratch,next_time,300,300,0,3.6274805068969727,2026-09-14T23:08:37
helpdesk,pfm_scratch,next_time,300,300,1,3.4859848022460938,2026-09-14T23:12:31
helpdesk,pfm_scratch,next_time,300,300,2,3.488295793533325,2026-09-14T23:15:45
helpdesk,pfm_scratch,next_time,5000,2662,0,3.507225751876831,2026-09-14T23:08:37
helpdesk,pfm_scratch,next_time,5000,2662,1,3.484997272491455,2026-09-14T23:12:31
helpdesk,pfm_scratch,next_time,5000,2662,2,3.6234395503997803,2026-09-14T23:15:45
helpdesk,pfm_scratch,next_time,all,2662,0,3.507225751876831,2026-09-14T23:08:37
helpdesk,pfm_scratch,next_time,all,2662,1,3.484997272491455,2026-09-14T23:12:31
helpdesk,pfm_scratch,next_time,all,2662,2,3.6234395503997803,2026-09-14T23:15:45
helpdesk,pfm_scratch,remaining_count,0,0,0,1.4386303424835205,2026-09-14T23:08:37
helpdesk,pfm_scratch,remaining_count,0,0,1,1.1952894926071167,2026-09-14T23:12:31
helpdesk,pfm_scratch,remaining_count,0,0,2,1.486500859260559,2026-09-14T23:15:45
helpdesk,pfm_scratch,remaining_count,10,10,0,0.27370357513427734,2026-09-14T23:08:37
helpdesk,pfm_scratch,remaining_count,10,10,1,0.4362972676753998,2026-09-14T23:12:31
helpdesk,pfm_scratch,remaining_count,10,10,2,0.2816132605075836,2026-09-14T23:15:45
helpdesk,pfm_scratch,remaining_count,100,100,0,0.2942233085632324,2026-09-14T23:08:37
helpdesk,pfm_scratch,remaining_count,100,100,1,0.4899581968784332,2026-09-14T23:12:31
helpdesk,pfm_scratch,remaining_count,100,100,2,0.32547691464424133,2026-09-14T23:15:45
helpdesk,pfm_scratch,remaining_count,1000,1000,0,0.2636479139328003,2026-09-14T23:08:37
helpdesk,pfm_scratch,remaining_count,1000,1000,1,0.29533055424690247,2026-09-14T23:12:31
helpdesk,pfm_scratch,remaining_count,1000,1000,2,0.3631957769393921,2026-09-14T23:15:45
helpdesk,pfm_scratch,remaining_count,30,30,0,0.28346148133277893,2026-09-14T23:08:37
helpdesk,pfm_scratch,remaining_count,30,30,1,0.5618222951889038,2026-09-14T23:12:31
helpdesk,pfm_scratch,remaining_count,30,30,2,0.29011067748069763,2026-09-14T23:15:45
helpdesk,pfm_scratch,remaining_count,300,300,0,0.5193461775779724,2026-09-14T23:08:37
helpdesk,pfm_scratch,remaining_count,300,300,1,0.3117789924144745,2026-09-14T23:12:31
helpdesk,pfm_scratch,remaining_count,300,300,2,0.578852117061615,2026-09-14T23:15:45
helpdesk,pfm_scratch,remaining_count,5000,2662,0,0.3540516793727875,2026-09-14T23:08:37
helpdesk,pfm_scratch,remaining_count,5000,2662,1,0.2864600121974945,2026-09-14T23:12:31
helpdesk,pfm_scratch,remaining_count,5000,2662,2,0.29744821786880493,2026-09-14T23:15:45
helpdesk,pfm_scratch,remaining_count,all,2662,0,0.3540516793727875,2026-09-14T23:08:37
helpdesk,pfm_scratch,remaining_count,all,2662,1,0.2864600121974945,2026-09-14T23:12:31
helpdesk,pfm_scratch,remaining_count,all,2662,2,0.29744821786880493,2026-09-14T23:15:45
helpdesk,pfm_scratch,remaining_time,0,0,0,5.383131504058838,2026-09-14T23:08:37
helpdesk,pfm_scratch,remaining_time,0,0,1,5.383131504058838,2026-09-14T23:12:31
helpdesk,pfm_scratch,remaining_time,0,0,2,5.383131504058838,2026-09-14T23:15:45
helpdesk,pfm_scratch,remaining_time,10,10,0,5.118946552276611,2026-09-14T23:08:37
helpdesk,pfm_scratch,remaining_time,10,10,1,5.222185134887695,2026-09-14T23:12:31
helpdesk,pfm_scratch,remaining_time,10,10,2,5.021374702453613,2026-09-14T23:15:45
helpdesk,pfm_scratch,remaining_time,100,100,0,5.113166332244873,2026-09-14T23:08:37
helpdesk,pfm_scratch,remaining_time,100,100,1,4.963505744934082,2026-09-14T23:12:31
helpdesk,pfm_scratch,remaining_time,100,100,2,5.097753524780273,2026-09-14T23:15:45
helpdesk,pfm_scratch,remaining_time,1000,1000,0,5.091709613800049,2026-09-14T23:08:37
helpdesk,pfm_scratch,remaining_time,1000,1000,1,4.96995735168457,2026-09-14T23:12:31
helpdesk,pfm_scratch,remaining_time,1000,1000,2,5.123153209686279,2026-09-14T23:15:45
helpdesk,pfm_scratch,remaining_time,30,30,0,5.135397911071777,2026-09-14T23:08:37
helpdesk,pfm_scratch,remaining_time,30,30,1,5.266709327697754,2026-09-14T23:12:31
helpdesk,pfm_scratch,remaining_time,30,30,2,4.97089147567749,2026-09-14T23:15:45
helpdesk,pfm_scratch,remaining_time,300,300,0,4.90647029876709,2026-09-14T23:08:37
helpdesk,pfm_scratch,remaining_time,300,300,1,5.073751926422119,2026-09-14T23:12:31
helpdesk,pfm_scratch,remaining_time,300,300,2,5.166987895965576,2026-09-14T23:15:45
helpdesk,pfm_scratch,remaining_time,5000,2662,0,5.139543533325195,2026-09-14T23:08:37
helpdesk,pfm_scratch,remaining_time,5000,2662,1,4.9617390632629395,2026-09-14T23:12:31
helpdesk,pfm_scratch,remaining_time,5000,2662,2,5.103532314300537,2026-09-14T23:15:45
helpdesk,pfm_scratch,remaining_time,all,2662,0,5.139543533325195,2026-09-14T23:08:37
helpdesk,pfm_scratch,remaining_time,all,2662,1,4.9617390632629395,2026-09-14T23:12:31
helpdesk,pfm_scratch,remaining_time,all,2662,2,5.103532314300537,2026-09-14T23:15:45
helpdesk,random_role,future_activity_set,0,0,0,0.2558395266532898,2026-09-06T17:01:13
helpdesk,random_role,future_activity_set,0,0,1,0.2719419300556183,2026-09-06T17:02:55
helpdesk,random_role,future_activity_set,0,0,2,0.1284855157136917,2026-09-06T17:06:11
helpdesk,random_role,future_activity_set,10,10,0,0.8820742964744568,2026-09-06T17:01:13
helpdesk,random_role,future_activity_set,10,10,1,0.6914640069007874,2026-09-06T17:02:55
helpdesk,random_role,future_activity_set,10,10,2,0.8985728621482849,2026-09-06T17:06:11
helpdesk,random_role,future_activity_set,100,100,0,0.7936508059501648,2026-09-06T17:01:13
helpdesk,random_role,future_activity_set,100,100,1,0.66715407371521,2026-09-06T17:02:55
helpdesk,random_role,future_activity_set,100,100,2,0.7936437726020813,2026-09-06T17:06:11
helpdesk,random_role,future_activity_set,1000,1000,0,0.88437420129776,2026-09-06T17:01:13
helpdesk,random_role,future_activity_set,1000,1000,1,0.8938632011413574,2026-09-06T17:02:55
helpdesk,random_role,future_activity_set,1000,1000,2,0.8899473547935486,2026-09-06T17:06:11
helpdesk,random_role,future_activity_set,30,30,0,0.815135657787323,2026-09-06T17:01:13
helpdesk,random_role,future_activity_set,30,30,1,0.656406581401825,2026-09-06T17:02:55
helpdesk,random_role,future_activity_set,30,30,2,0.8966742753982544,2026-09-06T17:06:11
helpdesk,random_role,future_activity_set,300,300,0,0.7937554717063904,2026-09-06T17:01:13
helpdesk,random_role,future_activity_set,300,300,1,0.7936437726020813,2026-09-06T17:02:55
helpdesk,random_role,future_activity_set,300,300,2,0.7936437726020813,2026-09-06T17:06:11
helpdesk,random_role,future_activity_set,5000,2662,0,0.8947235345840454,2026-09-06T17:01:13
helpdesk,random_role,future_activity_set,5000,2662,1,0.8991853594779968,2026-09-06T17:02:55
helpdesk,random_role,future_activity_set,5000,2662,2,0.8947767019271851,2026-09-06T17:06:11
helpdesk,random_role,future_activity_set,all,2662,0,0.8947235345840454,2026-09-06T17:01:13
helpdesk,random_role,future_activity_set,all,2662,1,0.8991853594779968,2026-09-06T17:02:55
helpdesk,random_role,future_activity_set,all,2662,2,0.8947767019271851,2026-09-06T17:06:11
helpdesk,random_role,next_3_activities,0,0,0,0.00690925819799304,2026-09-06T17:01:13
helpdesk,random_role,next_3_activities,0,0,1,0.0,2026-09-06T17:02:55
helpdesk,random_role,next_3_activities,0,0,2,0.23076923191547394,2026-09-06T17:06:11
helpdesk,random_role,next_3_activities,10,10,0,0.8175956010818481,2026-09-06T17:01:13
helpdesk,random_role,next_3_activities,10,10,1,0.818977415561676,2026-09-06T17:02:55
helpdesk,random_role,next_3_activities,10,10,2,0.8194380402565002,2026-09-06T17:06:11
helpdesk,random_role,next_3_activities,100,100,0,0.8157531023025513,2026-09-06T17:01:13
helpdesk,random_role,next_3_activities,100,100,1,0.8157531023025513,2026-09-06T17:02:55
helpdesk,random_role,next_3_activities,100,100,2,0.8019345998764038,2026-09-06T17:06:11
helpdesk,random_role,next_3_activities,1000,1000,0,0.8162137269973755,2026-09-06T17:01:13
helpdesk,random_role,next_3_activities,1000,1000,1,0.8157531023025513,2026-09-06T17:02:55
helpdesk,random_role,next_3_activities,1000,1000,2,0.8157531023025513,2026-09-06T17:06:11
helpdesk,random_role,next_3_activities,30,30,0,0.8171349763870239,2026-09-06T17:01:13
helpdesk,random_role,next_3_activities,30,30,1,0.7549516558647156,2026-09-06T17:02:55
helpdesk,random_role,next_3_activities,30,30,2,0.818977415561676,2026-09-06T17:06:11
helpdesk,random_role,next_3_activities,300,300,0,0.8157531023025513,2026-09-06T17:01:13
helpdesk,random_role,next_3_activities,300,300,1,0.8056195378303528,2026-09-06T17:02:55
helpdesk,random_role,next_3_activities,300,300,2,0.8046982884407043,2026-09-06T17:06:11
helpdesk,random_role,next_3_activities,5000,2662,0,0.8194380402565002,2026-09-06T17:01:13
helpdesk,random_role,next_3_activities,5000,2662,1,0.8157531023025513,2026-09-06T17:02:55
helpdesk,random_role,next_3_activities,5000,2662,2,0.8198986649513245,2026-09-06T17:06:11
helpdesk,random_role,next_3_activities,all,2662,0,0.8194380402565002,2026-09-06T17:01:13
helpdesk,random_role,next_3_activities,all,2662,1,0.8157531023025513,2026-09-06T17:02:55
helpdesk,random_role,next_3_activities,all,2662,2,0.8198986649513245,2026-09-06T17:06:11
helpdesk,random_role,next_5_activities,0,0,0,0.23974762856960297,2026-09-06T17:01:13
helpdesk,random_role,next_5_activities,0,0,1,0.02703920751810074,2026-09-06T17:02:55
helpdesk,random_role,next_5_activities,0,0,2,0.048219919204711914,2026-09-06T17:06:11
helpdesk,random_role,next_5_activities,10,10,0,0.8206399083137512,2026-09-06T17:01:13
helpdesk,random_role,next_5_activities,10,10,1,0.8147814273834229,2026-09-06T17:02:55
helpdesk,random_role,next_5_activities,10,10,2,0.788192868232727,2026-09-06T17:06:11
helpdesk,random_role,next_5_activities,100,100,0,0.8188372850418091,2026-09-06T17:01:13
helpdesk,random_role,next_5_activities,100,100,1,0.8152320981025696,2026-09-06T17:02:55
helpdesk,random_role,next_5_activities,100,100,2,0.7890942096710205,2026-09-06T17:06:11
helpdesk,random_role,next_5_activities,1000,1000,0,0.8179360032081604,2026-09-06T17:01:13
helpdesk,random_role,next_5_activities,1000,1000,1,0.816584050655365,2026-09-06T17:02:55
helpdesk,random_role,next_5_activities,1000,1000,2,0.8156827688217163,2026-09-06T17:06:11
helpdesk,random_role,next_5_activities,30,30,0,0.8152320981025696,2026-09-06T17:01:13
helpdesk,random_role,next_5_activities,30,30,1,0.8138801455497742,2026-09-06T17:02:55
helpdesk,random_role,next_5_activities,30,30,2,0.8129788041114807,2026-09-06T17:06:11
helpdesk,random_role,next_5_activities,300,300,0,0.8183866739273071,2026-09-06T17:01:13
helpdesk,random_role,next_5_activities,300,300,1,0.8152320981025696,2026-09-06T17:02:55
helpdesk,random_role,next_5_activities,300,300,2,0.8075709939002991,2026-09-06T17:06:11
helpdesk,random_role,next_5_activities,5000,2662,0,0.8192879557609558,2026-09-06T17:01:13
helpdesk,random_role,next_5_activities,5000,2662,1,0.8161333799362183,2026-09-06T17:02:55
helpdesk,random_role,next_5_activities,5000,2662,2,0.816584050655365,2026-09-06T17:06:11
helpdesk,random_role,next_5_activities,all,2662,0,0.8192879557609558,2026-09-06T17:01:13
helpdesk,random_role,next_5_activities,all,2662,1,0.8161333799362183,2026-09-06T17:02:55
helpdesk,random_role,next_5_activities,all,2662,2,0.816584050655365,2026-09-06T17:06:11
helpdesk,random_role,next_activity,0,0,0,0.0,2026-09-06T17:01:13
helpdesk,random_role,next_activity,0,0,1,0.41231489181518555,2026-09-06T17:02:55
helpdesk,random_role,next_activity,0,0,2,0.00935307890176773,2026-09-06T17:06:11
helpdesk,random_role,next_activity,10,10,0,0.8347622752189636,2026-09-06T17:01:13
helpdesk,random_role,next_activity,10,10,1,0.8371005654335022,2026-09-06T17:02:55
helpdesk,random_role,next_activity,10,10,2,0.8378799557685852,2026-09-06T17:06:11
helpdesk,random_role,next_activity,100,100,0,0.8347622752189636,2026-09-06T17:01:13
helpdesk,random_role,next_activity,100,100,1,0.8332034349441528,2026-09-06T17:02:55
helpdesk,random_role,next_activity,100,100,2,0.8293063044548035,2026-09-06T17:06:11
helpdesk,random_role,next_activity,1000,1000,0,0.8308651447296143,2026-09-06T17:01:13
helpdesk,random_role,next_activity,1000,1000,1,0.832423985004425,2026-09-06T17:02:55
helpdesk,random_role,next_activity,1000,1000,2,0.8308651447296143,2026-09-06T17:06:11
helpdesk,random_role,next_activity,30,30,0,0.8363211154937744,2026-09-06T17:01:13
helpdesk,random_role,next_activity,30,30,1,0.8371005654335022,2026-09-06T17:02:55
helpdesk,random_role,next_activity,30,30,2,0.8347622752189636,2026-09-06T17:06:11
helpdesk,random_role,next_activity,300,300,0,0.8332034349441528,2026-09-06T17:01:13
helpdesk,random_role,next_activity,300,300,1,0.8355417251586914,2026-09-06T17:02:55
helpdesk,random_role,next_activity,300,300,2,0.8269680142402649,2026-09-06T17:06:11
helpdesk,random_role,next_activity,5000,2662,0,0.8371005654335022,2026-09-06T17:01:13
helpdesk,random_role,next_activity,5000,2662,1,0.8378799557685852,2026-09-06T17:02:55
helpdesk,random_role,next_activity,5000,2662,2,0.8378799557685852,2026-09-06T17:06:11
helpdesk,random_role,next_activity,all,2662,0,0.8371005654335022,2026-09-06T17:01:13
helpdesk,random_role,next_activity,all,2662,1,0.8378799557685852,2026-09-06T17:02:55
helpdesk,random_role,next_activity,all,2662,2,0.8378799557685852,2026-09-06T17:06:11
helpdesk,random_role,next_time,0,0,0,3.6856048107147217,2026-09-06T17:01:13
helpdesk,random_role,next_time,0,0,1,3.6856038570404053,2026-09-06T17:02:55
helpdesk,random_role,next_time,0,0,2,3.6856048107147217,2026-09-06T17:06:11
helpdesk,random_role,next_time,10,10,0,3.637927532196045,2026-09-06T17:01:13
helpdesk,random_role,next_time,10,10,1,3.6323368549346924,2026-09-06T17:02:55
helpdesk,random_role,next_time,10,10,2,3.6321702003479004,2026-09-06T17:06:11
helpdesk,random_role,next_time,100,100,0,3.6226465702056885,2026-09-06T17:01:13
helpdesk,random_role,next_time,100,100,1,3.634826183319092,2026-09-06T17:02:55
helpdesk,random_role,next_time,100,100,2,3.609158754348755,2026-09-06T17:06:11
helpdesk,random_role,next_time,1000,1000,0,3.520622730255127,2026-09-06T17:01:13
helpdesk,random_role,next_time,1000,1000,1,3.502662420272827,2026-09-06T17:02:55
helpdesk,random_role,next_time,1000,1000,2,3.5424013137817383,2026-09-06T17:06:11
helpdesk,random_role,next_time,30,30,0,3.6446731090545654,2026-09-06T17:01:13
helpdesk,random_role,next_time,30,30,1,3.612095832824707,2026-09-06T17:02:55
helpdesk,random_role,next_time,30,30,2,3.612259864807129,2026-09-06T17:06:11
helpdesk,random_role,next_time,300,300,0,3.622785806655884,2026-09-06T17:01:13
helpdesk,random_role,next_time,300,300,1,3.504977226257324,2026-09-06T17:02:55
helpdesk,random_role,next_time,300,300,2,3.555753231048584,2026-09-06T17:06:11
helpdesk,random_role,next_time,5000,2662,0,3.531224012374878,2026-09-06T17:01:13
helpdesk,random_role,next_time,5000,2662,1,3.5125210285186768,2026-09-06T17:02:55
helpdesk,random_role,next_time,5000,2662,2,3.4935529232025146,2026-09-06T17:06:11
helpdesk,random_role,next_time,all,2662,0,3.531224012374878,2026-09-06T17:01:13
helpdesk,random_role,next_time,all,2662,1,3.5125210285186768,2026-09-06T17:02:55
helpdesk,random_role,next_time,all,2662,2,3.4935529232025146,2026-09-06T17:06:11
helpdesk,random_role,remaining_count,0,0,0,1.4386303424835205,2026-09-06T17:01:13
helpdesk,random_role,remaining_count,0,0,1,1.1952894926071167,2026-09-06T17:02:55
helpdesk,random_role,remaining_count,0,0,2,1.4865009784698486,2026-09-06T17:06:11
helpdesk,random_role,remaining_count,10,10,0,0.46384289860725403,2026-09-06T17:01:13
helpdesk,random_role,remaining_count,10,10,1,0.4573154151439667,2026-09-06T17:02:55
helpdesk,random_role,remaining_count,10,10,2,0.27572083473205566,2026-09-06T17:06:11
helpdesk,random_role,remaining_count,100,100,0,0.49732574820518494,2026-09-06T17:01:13
helpdesk,random_role,remaining_count,100,100,1,0.4412972033023834,2026-09-06T17:02:55
helpdesk,random_role,remaining_count,100,100,2,0.4226799011230469,2026-09-06T17:06:11
helpdesk,random_role,remaining_count,1000,1000,0,0.28048574924468994,2026-09-06T17:01:13
helpdesk,random_role,remaining_count,1000,1000,1,0.2829379737377167,2026-09-06T17:02:55
helpdesk,random_role,remaining_count,1000,1000,2,0.3070312738418579,2026-09-06T17:06:11
helpdesk,random_role,remaining_count,30,30,0,0.4897948205471039,2026-09-06T17:01:13
helpdesk,random_role,remaining_count,30,30,1,0.4469243288040161,2026-09-06T17:02:55
helpdesk,random_role,remaining_count,30,30,2,0.3460841774940491,2026-09-06T17:06:11
helpdesk,random_role,remaining_count,300,300,0,0.4387594163417816,2026-09-06T17:01:13
helpdesk,random_role,remaining_count,300,300,1,0.4564758539199829,2026-09-06T17:02:55
helpdesk,random_role,remaining_count,300,300,2,0.3862791657447815,2026-09-06T17:06:11
helpdesk,random_role,remaining_count,5000,2662,0,0.2853114902973175,2026-09-06T17:01:13
helpdesk,random_role,remaining_count,5000,2662,1,0.28461477160453796,2026-09-06T17:02:55
helpdesk,random_role,remaining_count,5000,2662,2,0.28794345259666443,2026-09-06T17:06:11
helpdesk,random_role,remaining_count,all,2662,0,0.2853114902973175,2026-09-06T17:01:13
helpdesk,random_role,remaining_count,all,2662,1,0.28461477160453796,2026-09-06T17:02:55
helpdesk,random_role,remaining_count,all,2662,2,0.28794345259666443,2026-09-06T17:06:11
helpdesk,random_role,remaining_time,0,0,0,5.383131504058838,2026-09-06T17:01:13
helpdesk,random_role,remaining_time,0,0,1,5.383131504058838,2026-09-06T17:02:55
helpdesk,random_role,remaining_time,0,0,2,5.383131504058838,2026-09-06T17:06:11
helpdesk,random_role,remaining_time,10,10,0,5.270528793334961,2026-09-06T17:01:13
helpdesk,random_role,remaining_time,10,10,1,5.145020484924316,2026-09-06T17:02:55
helpdesk,random_role,remaining_time,10,10,2,5.298190593719482,2026-09-06T17:06:11
helpdesk,random_role,remaining_time,100,100,0,5.179746150970459,2026-09-06T17:01:13
helpdesk,random_role,remaining_time,100,100,1,5.153289794921875,2026-09-06T17:02:55
helpdesk,random_role,remaining_time,100,100,2,5.229984283447266,2026-09-06T17:06:11
helpdesk,random_role,remaining_time,1000,1000,0,5.154086112976074,2026-09-06T17:01:13
helpdesk,random_role,remaining_time,1000,1000,1,5.176393508911133,2026-09-06T17:02:55
helpdesk,random_role,remaining_time,1000,1000,2,5.1433916091918945,2026-09-06T17:06:11
helpdesk,random_role,remaining_time,30,30,0,5.199705600738525,2026-09-06T17:01:13
helpdesk,random_role,remaining_time,30,30,1,5.273674964904785,2026-09-06T17:02:55
helpdesk,random_role,remaining_time,30,30,2,5.31011962890625,2026-09-06T17:06:11
helpdesk,random_role,remaining_time,300,300,0,5.142508029937744,2026-09-06T17:01:13
helpdesk,random_role,remaining_time,300,300,1,5.143651962280273,2026-09-06T17:02:55
helpdesk,random_role,remaining_time,300,300,2,5.153870105743408,2026-09-06T17:06:11
helpdesk,random_role,remaining_time,5000,2662,0,5.127467632293701,2026-09-06T17:01:13
helpdesk,random_role,remaining_time,5000,2662,1,5.136795520782471,2026-09-06T17:02:55
helpdesk,random_role,remaining_time,5000,2662,2,5.089842796325684,2026-09-06T17:06:11
helpdesk,random_role,remaining_time,all,2662,0,5.127467632293701,2026-09-06T17:01:13
helpdesk,random_role,remaining_time,all,2662,1,5.136795520782471,2026-09-06T17:02:55
helpdesk,random_role,remaining_time,all,2662,2,5.089842796325684,2026-09-06T17:06:11
helpdesk,raw15,future_activity_set,all,2662,0,0.8804159164428711,2026-09-06T20:40:48
helpdesk,raw15,future_activity_set,all,2662,1,0.8661800622940063,2026-09-06T20:41:42
helpdesk,raw15,future_activity_set,all,2662,2,0.8674464225769043,2026-09-06T20:42:31
helpdesk,raw15,next_3_activities,all,2662,0,0.809765100479126,2026-09-06T20:40:48
helpdesk,raw15,next_3_activities,all,2662,1,0.8111469149589539,2026-09-06T20:41:42
helpdesk,raw15,next_3_activities,all,2662,2,0.8079226016998291,2026-09-06T20:42:31
helpdesk,raw15,next_5_activities,all,2662,0,0.8111761808395386,2026-09-06T20:40:48
helpdesk,raw15,next_5_activities,all,2662,1,0.8188372850418091,2026-09-06T20:41:42
helpdesk,raw15,next_5_activities,all,2662,2,0.8111761808395386,2026-09-06T20:42:31
helpdesk,raw15,next_activity,all,2662,0,0.8238503336906433,2026-09-06T20:40:48
helpdesk,raw15,next_activity,all,2662,1,0.832423985004425,2026-09-06T20:41:42
helpdesk,raw15,next_activity,all,2662,2,0.8137178421020508,2026-09-06T20:42:31
helpdesk,raw15,next_time,all,2662,0,3.5288379192352295,2026-09-06T20:40:48
helpdesk,raw15,next_time,all,2662,1,3.529444456100464,2026-09-06T20:41:42
helpdesk,raw15,next_time,all,2662,2,3.4987802505493164,2026-09-06T20:42:31
helpdesk,raw15,remaining_count,all,2662,0,0.2994416058063507,2026-09-06T20:40:48
helpdesk,raw15,remaining_count,all,2662,1,0.2913704514503479,2026-09-06T20:41:42
helpdesk,raw15,remaining_count,all,2662,2,0.29431548714637756,2026-09-06T20:42:31
helpdesk,raw15,remaining_time,all,2662,0,5.077228546142578,2026-09-06T20:40:48
helpdesk,raw15,remaining_time,all,2662,1,5.0465288162231445,2026-09-06T20:41:42
helpdesk,raw15,remaining_time,all,2662,2,5.05128288269043,2026-09-06T20:42:31
mimic_transfer,gin0,future_activity_set,all,3500,0,0.778312623500824,2026-09-06T21:34:04
mimic_transfer,gin0,future_activity_set,all,3500,1,0.7792396545410156,2026-09-06T21:35:50
mimic_transfer,gin0,future_activity_set,all,3500,2,0.7781897187232971,2026-09-06T21:36:32
mimic_transfer,gin0,next_3_activities,all,3500,0,0.541582465171814,2026-09-06T21:34:04
mimic_transfer,gin0,next_3_activities,all,3500,1,0.540235698223114,2026-09-06T21:35:50
mimic_transfer,gin0,next_3_activities,all,3500,2,0.5405724048614502,2026-09-06T21:36:32
mimic_transfer,gin0,next_5_activities,all,3500,0,0.533362865447998,2026-09-06T21:34:04
mimic_transfer,gin0,next_5_activities,all,3500,1,0.5310009121894836,2026-09-06T21:35:50
mimic_transfer,gin0,next_5_activities,all,3500,2,0.531886637210846,2026-09-06T21:36:32
mimic_transfer,gin0,next_activity,all,3500,0,0.5278388261795044,2026-09-06T21:34:04
mimic_transfer,gin0,next_activity,all,3500,1,0.531501829624176,2026-09-06T21:35:50
mimic_transfer,gin0,next_activity,all,3500,2,0.5340659618377686,2026-09-06T21:36:32
mimic_transfer,gin0,next_time,all,3500,0,1.1639893054962158,2026-09-06T21:34:04
mimic_transfer,gin0,next_time,all,3500,1,1.1658570766448975,2026-09-06T21:35:50
mimic_transfer,gin0,next_time,all,3500,2,1.1561033725738525,2026-09-06T21:36:32
mimic_transfer,gin0,remaining_count,all,3500,0,0.6648080945014954,2026-09-06T21:34:04
mimic_transfer,gin0,remaining_count,all,3500,1,0.7361065149307251,2026-09-06T21:35:50
mimic_transfer,gin0,remaining_count,all,3500,2,0.6571273803710938,2026-09-06T21:36:32
mimic_transfer,gin0,remaining_time,all,3500,0,2.8344595432281494,2026-09-06T21:34:04
mimic_transfer,gin0,remaining_time,all,3500,1,3.0201451778411865,2026-09-06T21:35:50
mimic_transfer,gin0,remaining_time,all,3500,2,3.160571575164795,2026-09-06T21:36:32
mimic_transfer,gin11,future_activity_set,all,3500,0,0.8206222057342529,2026-09-06T21:19:37
mimic_transfer,gin11,future_activity_set,all,3500,1,0.8196165561676025,2026-09-06T21:21:27
mimic_transfer,gin11,future_activity_set,all,3500,2,0.8213015794754028,2026-09-06T21:22:11
mimic_transfer,gin11,next_3_activities,all,3500,0,0.5813131332397461,2026-09-06T21:19:37
mimic_transfer,gin11,next_3_activities,all,3500,1,0.577946126461029,2026-09-06T21:21:27
mimic_transfer,gin11,next_3_activities,all,3500,2,0.5764309763908386,2026-09-06T21:22:11
mimic_transfer,gin11,next_5_activities,all,3500,0,0.5665780901908875,2026-09-06T21:19:37
mimic_transfer,gin11,next_5_activities,all,3500,1,0.5634779930114746,2026-09-06T21:21:27
mimic_transfer,gin11,next_5_activities,all,3500,2,0.5651018619537354,2026-09-06T21:22:11
mimic_transfer,gin11,next_activity,all,3500,0,0.5981684923171997,2026-09-06T21:19:37
mimic_transfer,gin11,next_activity,all,3500,1,0.5893772840499878,2026-09-06T21:21:27
mimic_transfer,gin11,next_activity,all,3500,2,0.5904762148857117,2026-09-06T21:22:11
mimic_transfer,gin11,next_time,all,3500,0,1.0986961126327515,2026-09-06T21:19:37
mimic_transfer,gin11,next_time,all,3500,1,1.0977180004119873,2026-09-06T21:21:27
mimic_transfer,gin11,next_time,all,3500,2,1.0769037008285522,2026-09-06T21:22:11
mimic_transfer,gin11,remaining_count,all,3500,0,0.5405169129371643,2026-09-06T21:19:37
mimic_transfer,gin11,remaining_count,all,3500,1,0.5495902299880981,2026-09-06T21:21:27
mimic_transfer,gin11,remaining_count,all,3500,2,0.5449343919754028,2026-09-06T21:22:11
mimic_transfer,gin11,remaining_time,all,3500,0,2.4489598274230957,2026-09-06T21:19:37
mimic_transfer,gin11,remaining_time,all,3500,1,2.4636752605438232,2026-09-06T21:21:27
mimic_transfer,gin11,remaining_time,all,3500,2,2.4394917488098145,2026-09-06T21:22:11
mimic_transfer,gin15_s1,future_activity_set,all,3500,0,0.8177849054336548,2026-09-07T16:38:31
mimic_transfer,gin15_s1,future_activity_set,all,3500,1,0.8196197152137756,2026-09-07T16:38:45
mimic_transfer,gin15_s1,future_activity_set,all,3500,2,0.8182141780853271,2026-09-07T16:39:05
mimic_transfer,gin15_s1,next_3_activities,all,3500,0,0.5831649899482727,2026-09-07T16:38:31
mimic_transfer,gin15_s1,next_3_activities,all,3500,1,0.5808081030845642,2026-09-07T16:38:45
mimic_transfer,gin15_s1,next_3_activities,all,3500,2,0.5799663066864014,2026-09-07T16:39:05
mimic_transfer,gin15_s1,next_5_activities,all,3500,0,0.5692353248596191,2026-09-07T16:38:31
mimic_transfer,gin15_s1,next_5_activities,all,3500,1,0.5653970837593079,2026-09-07T16:38:45
mimic_transfer,gin15_s1,next_5_activities,all,3500,2,0.5667257308959961,2026-09-07T16:39:05
mimic_transfer,gin15_s1,next_activity,all,3500,0,0.5970696210861206,2026-09-07T16:38:31
mimic_transfer,gin15_s1,next_activity,all,3500,1,0.5923076868057251,2026-09-07T16:38:45
mimic_transfer,gin15_s1,next_activity,all,3500,2,0.6003662943840027,2026-09-07T16:39:05
mimic_transfer,gin15_s1,next_time,all,3500,0,1.0815340280532837,2026-09-07T16:38:31
mimic_transfer,gin15_s1,next_time,all,3500,1,1.1031020879745483,2026-09-07T16:38:45
mimic_transfer,gin15_s1,next_time,all,3500,2,1.086930751800537,2026-09-07T16:39:05
mimic_transfer,gin15_s1,remaining_count,all,3500,0,0.5443350672721863,2026-09-07T16:38:31
mimic_transfer,gin15_s1,remaining_count,all,3500,1,0.5401009917259216,2026-09-07T16:38:45
mimic_transfer,gin15_s1,remaining_count,all,3500,2,0.5435086488723755,2026-09-07T16:39:05
mimic_transfer,gin15_s1,remaining_time,all,3500,0,2.4538333415985107,2026-09-07T16:38:31
mimic_transfer,gin15_s1,remaining_time,all,3500,1,2.4568684101104736,2026-09-07T16:38:45
mimic_transfer,gin15_s1,remaining_time,all,3500,2,2.481337547302246,2026-09-07T16:39:05
mimic_transfer,gin15_s2,future_activity_set,all,3500,0,0.8170144557952881,2026-09-07T18:51:27
mimic_transfer,gin15_s2,future_activity_set,all,3500,1,0.8173959255218506,2026-09-07T18:53:51
mimic_transfer,gin15_s2,future_activity_set,all,3500,2,0.8170470595359802,2026-09-07T18:55:06
mimic_transfer,gin15_s2,next_3_activities,all,3500,0,0.5776094198226929,2026-09-07T18:51:27
mimic_transfer,gin15_s2,next_3_activities,all,3500,1,0.5769360065460205,2026-09-07T18:53:51
mimic_transfer,gin15_s2,next_3_activities,all,3500,2,0.5774410963058472,2026-09-07T18:55:06
mimic_transfer,gin15_s2,next_5_activities,all,3500,0,0.5618541240692139,2026-09-07T18:51:27
mimic_transfer,gin15_s2,next_5_activities,all,3500,1,0.5662828683853149,2026-09-07T18:53:51
mimic_transfer,gin15_s2,next_5_activities,all,3500,2,0.563330352306366,2026-09-07T18:55:06
mimic_transfer,gin15_s2,next_activity,all,3500,0,0.593406617641449,2026-09-07T18:51:27
mimic_transfer,gin15_s2,next_activity,all,3500,1,0.5882784128189087,2026-09-07T18:53:51
mimic_transfer,gin15_s2,next_activity,all,3500,2,0.5882784128189087,2026-09-07T18:55:06
mimic_transfer,gin15_s2,next_time,all,3500,0,1.080933928489685,2026-09-07T18:51:27
mimic_transfer,gin15_s2,next_time,all,3500,1,1.08101224899292,2026-09-07T18:53:51
mimic_transfer,gin15_s2,next_time,all,3500,2,1.078709363937378,2026-09-07T18:55:06
mimic_transfer,gin15_s2,remaining_count,all,3500,0,0.5354728102684021,2026-09-07T18:51:27
mimic_transfer,gin15_s2,remaining_count,all,3500,1,0.578464925289154,2026-09-07T18:53:51
mimic_transfer,gin15_s2,remaining_count,all,3500,2,0.5424879789352417,2026-09-07T18:55:06
mimic_transfer,gin15_s2,remaining_time,all,3500,0,2.4535858631134033,2026-09-07T18:51:27
mimic_transfer,gin15_s2,remaining_time,all,3500,1,2.439692735671997,2026-09-07T18:53:51
mimic_transfer,gin15_s2,remaining_time,all,3500,2,2.4428279399871826,2026-09-07T18:55:06
mimic_transfer,latent0,future_activity_set,all,3500,0,0.8176637887954712,2026-09-06T21:51:15
mimic_transfer,latent0,future_activity_set,all,3500,1,0.8181008100509644,2026-09-06T21:54:16
mimic_transfer,latent0,future_activity_set,all,3500,2,0.8188766241073608,2026-09-06T21:54:19
mimic_transfer,latent0,next_3_activities,all,3500,0,0.5787878632545471,2026-09-06T21:51:15
mimic_transfer,latent0,next_3_activities,all,3500,1,0.5828282833099365,2026-09-06T21:54:16
mimic_transfer,latent0,next_3_activities,all,3500,2,0.5831649899482727,2026-09-06T21:54:19
mimic_transfer,latent0,next_5_activities,all,3500,0,0.5653970837593079,2026-09-06T21:51:15
mimic_transfer,latent0,next_5_activities,all,3500,1,0.5661352276802063,2026-09-06T21:54:16
mimic_transfer,latent0,next_5_activities,all,3500,2,0.5674638152122498,2026-09-06T21:54:19
mimic_transfer,latent0,next_activity,all,3500,0,0.598901093006134,2026-09-06T21:51:15
mimic_transfer,latent0,next_activity,all,3500,1,0.6018314957618713,2026-09-06T21:54:16
mimic_transfer,latent0,next_activity,all,3500,2,0.5974358916282654,2026-09-06T21:54:19
mimic_transfer,latent0,next_time,all,3500,0,1.098886489868164,2026-09-06T21:51:15
mimic_transfer,latent0,next_time,all,3500,1,1.0678125619888306,2026-09-06T21:54:16
mimic_transfer,latent0,next_time,all,3500,2,1.0902432203292847,2026-09-06T21:54:19
mimic_transfer,latent0,remaining_count,all,3500,0,0.5566614866256714,2026-09-06T21:51:15
mimic_transfer,latent0,remaining_count,all,3500,1,0.5409572124481201,2026-09-06T21:54:16
mimic_transfer,latent0,remaining_count,all,3500,2,0.5798504948616028,2026-09-06T21:54:19
mimic_transfer,latent0,remaining_time,all,3500,0,2.5071518421173096,2026-09-06T21:51:15
mimic_transfer,latent0,remaining_time,all,3500,1,2.417367458343506,2026-09-06T21:54:16
mimic_transfer,latent0,remaining_time,all,3500,2,2.475836992263794,2026-09-06T21:54:19
mimic_transfer,latent0_s1,future_activity_set,all,3500,0,0.8182141780853271,2026-09-07T16:28:37
mimic_transfer,latent0_s1,future_activity_set,all,3500,1,0.8181332349777222,2026-09-07T16:27:48
mimic_transfer,latent0_s1,future_activity_set,all,3500,2,0.8191678524017334,2026-09-07T16:28:22
mimic_transfer,latent0_s1,next_3_activities,all,3500,0,0.577104389667511,2026-09-07T16:28:37
mimic_transfer,latent0_s1,next_3_activities,all,3500,1,0.5786195397377014,2026-09-07T16:27:48
mimic_transfer,latent0_s1,next_3_activities,all,3500,2,0.5794612765312195,2026-09-07T16:28:22
mimic_transfer,latent0_s1,next_5_activities,all,3500,0,0.5667257308959961,2026-09-07T16:28:37
mimic_transfer,latent0_s1,next_5_activities,all,3500,1,0.5630351305007935,2026-09-07T16:27:48
mimic_transfer,latent0_s1,next_5_activities,all,3500,2,0.5628874897956848,2026-09-07T16:28:22
mimic_transfer,latent0_s1,next_activity,all,3500,0,0.5827838778495789,2026-09-07T16:28:37
mimic_transfer,latent0_s1,next_activity,all,3500,1,0.5864468812942505,2026-09-07T16:27:48
mimic_transfer,latent0_s1,next_activity,all,3500,2,0.5857142806053162,2026-09-07T16:28:22
mimic_transfer,latent0_s1,next_time,all,3500,0,1.0918627977371216,2026-09-07T16:28:37
mimic_transfer,latent0_s1,next_time,all,3500,1,1.0826658010482788,2026-09-07T16:27:48
mimic_transfer,latent0_s1,next_time,all,3500,2,1.0976802110671997,2026-09-07T16:28:22
mimic_transfer,latent0_s1,remaining_count,all,3500,0,0.5527238845825195,2026-09-07T16:28:37
mimic_transfer,latent0_s1,remaining_count,all,3500,1,0.5942060351371765,2026-09-07T16:27:48
mimic_transfer,latent0_s1,remaining_count,all,3500,2,0.5580924153327942,2026-09-07T16:28:22
mimic_transfer,latent0_s1,remaining_time,all,3500,0,2.4736008644104004,2026-09-07T16:28:37
mimic_transfer,latent0_s1,remaining_time,all,3500,1,2.4917798042297363,2026-09-07T16:27:48
mimic_transfer,latent0_s1,remaining_time,all,3500,2,2.423844337463379,2026-09-07T16:28:22
mimic_transfer,latent0_s2,future_activity_set,all,3500,0,0.8194357752799988,2026-09-07T19:11:44
mimic_transfer,latent0_s2,future_activity_set,all,3500,1,0.8190560936927795,2026-09-07T19:12:05
mimic_transfer,latent0_s2,future_activity_set,all,3500,2,0.819847047328949,2026-09-07T19:13:42
mimic_transfer,latent0_s2,next_3_activities,all,3500,0,0.581818163394928,2026-09-07T19:11:44
mimic_transfer,latent0_s2,next_3_activities,all,3500,1,0.5809764266014099,2026-09-07T19:12:05
mimic_transfer,latent0_s2,next_3_activities,all,3500,2,0.5809764266014099,2026-09-07T19:13:42
mimic_transfer,latent0_s2,next_5_activities,all,3500,0,0.5659875869750977,2026-09-07T19:11:44
mimic_transfer,latent0_s2,next_5_activities,all,3500,1,0.56687331199646,2026-09-07T19:12:05
mimic_transfer,latent0_s2,next_5_activities,all,3500,2,0.5686448216438293,2026-09-07T19:13:42
mimic_transfer,latent0_s2,next_activity,all,3500,0,0.5974358916282654,2026-09-07T19:11:44
mimic_transfer,latent0_s2,next_activity,all,3500,1,0.5923076868057251,2026-09-07T19:12:05
mimic_transfer,latent0_s2,next_activity,all,3500,2,0.601098895072937,2026-09-07T19:13:42
mimic_transfer,latent0_s2,next_time,all,3500,0,1.1206239461898804,2026-09-07T19:11:44
mimic_transfer,latent0_s2,next_time,all,3500,1,1.101813554763794,2026-09-07T19:12:05
mimic_transfer,latent0_s2,next_time,all,3500,2,1.1103066205978394,2026-09-07T19:13:42
mimic_transfer,latent0_s2,remaining_count,all,3500,0,0.5437985062599182,2026-09-07T19:11:44
mimic_transfer,latent0_s2,remaining_count,all,3500,1,0.5876458287239075,2026-09-07T19:12:05
mimic_transfer,latent0_s2,remaining_count,all,3500,2,0.5617989301681519,2026-09-07T19:13:42
mimic_transfer,latent0_s2,remaining_time,all,3500,0,2.5200889110565186,2026-09-07T19:11:44
mimic_transfer,latent0_s2,remaining_time,all,3500,1,2.478444814682007,2026-09-07T19:12:05
mimic_transfer,latent0_s2,remaining_time,all,3500,2,2.526113271713257,2026-09-07T19:13:42
mimic_transfer,mlp15,future_activity_set,all,3500,0,0.820517361164093,2026-09-06T20:15:12
mimic_transfer,mlp15,future_activity_set,all,3500,1,0.8206086754798889,2026-09-06T20:17:12
mimic_transfer,mlp15,future_activity_set,all,3500,2,0.8210694789886475,2026-09-06T20:20:06
mimic_transfer,mlp15,next_3_activities,all,3500,0,0.5718855261802673,2026-09-06T20:15:12
mimic_transfer,mlp15,next_3_activities,all,3500,1,0.5678451061248779,2026-09-06T20:17:12
mimic_transfer,mlp15,next_3_activities,all,3500,2,0.5718855261802673,2026-09-06T20:20:06
mimic_transfer,mlp15,next_5_activities,all,3500,0,0.5547682046890259,2026-09-06T20:15:12
mimic_transfer,mlp15,next_5_activities,all,3500,1,0.555653989315033,2026-09-06T20:17:12
mimic_transfer,mlp15,next_5_activities,all,3500,2,0.559196949005127,2026-09-06T20:20:06
mimic_transfer,mlp15,next_activity,all,3500,0,0.5904762148857117,2026-09-06T20:15:12
mimic_transfer,mlp15,next_activity,all,3500,1,0.5937728881835938,2026-09-06T20:17:12
mimic_transfer,mlp15,next_activity,all,3500,2,0.5919414162635803,2026-09-06T20:20:06
mimic_transfer,mlp15,next_time,all,3500,0,1.074568748474121,2026-09-06T20:15:12
mimic_transfer,mlp15,next_time,all,3500,1,1.0719465017318726,2026-09-06T20:17:12
mimic_transfer,mlp15,next_time,all,3500,2,1.0680783987045288,2026-09-06T20:20:06
mimic_transfer,mlp15,remaining_count,all,3500,0,0.544350266456604,2026-09-06T20:15:12
mimic_transfer,mlp15,remaining_count,all,3500,1,0.5423253178596497,2026-09-06T20:17:12
mimic_transfer,mlp15,remaining_count,all,3500,2,0.5222215056419373,2026-09-06T20:20:06
mimic_transfer,mlp15,remaining_time,all,3500,0,2.463217258453369,2026-09-06T20:15:12
mimic_transfer,mlp15,remaining_time,all,3500,1,2.4817237854003906,2026-09-06T20:17:12
mimic_transfer,mlp15,remaining_time,all,3500,2,2.4697012901306152,2026-09-06T20:20:06
mimic_transfer,norole,future_activity_set,all,3500,0,0.7682310342788696,2026-09-06T22:25:20
mimic_transfer,norole,future_activity_set,all,3500,1,0.7690497636795044,2026-09-06T22:27:40
mimic_transfer,norole,future_activity_set,all,3500,2,0.7678700089454651,2026-09-06T22:27:33
mimic_transfer,norole,next_3_activities,all,3500,0,0.5114477872848511,2026-09-06T22:25:20
mimic_transfer,norole,next_3_activities,all,3500,1,0.5146464705467224,2026-09-06T22:27:40
mimic_transfer,norole,next_3_activities,all,3500,2,0.5119528770446777,2026-09-06T22:27:33
mimic_transfer,norole,next_5_activities,all,3500,0,0.5067906975746155,2026-09-06T22:25:20
mimic_transfer,norole,next_5_activities,all,3500,1,0.5079716444015503,2026-09-06T22:27:40
mimic_transfer,norole,next_5_activities,all,3500,2,0.5082669258117676,2026-09-06T22:27:33
mimic_transfer,norole,next_activity,all,3500,0,0.4769230782985687,2026-09-06T22:25:20
mimic_transfer,norole,next_activity,all,3500,1,0.4750915765762329,2026-09-06T22:27:40
mimic_transfer,norole,next_activity,all,3500,2,0.4802197813987732,2026-09-06T22:27:33
mimic_transfer,norole,next_time,all,3500,0,1.255764365196228,2026-09-06T22:25:20
mimic_transfer,norole,next_time,all,3500,1,1.2526116371154785,2026-09-06T22:27:40
mimic_transfer,norole,next_time,all,3500,2,1.2477649450302124,2026-09-06T22:27:33
mimic_transfer,norole,remaining_count,all,3500,0,0.7699934244155884,2026-09-06T22:25:20
mimic_transfer,norole,remaining_count,all,3500,1,0.7645983695983887,2026-09-06T22:27:40
mimic_transfer,norole,remaining_count,all,3500,2,0.76643306016922,2026-09-06T22:27:33
mimic_transfer,norole,remaining_time,all,3500,0,2.8785924911499023,2026-09-06T22:25:20
mimic_transfer,norole,remaining_time,all,3500,1,2.9190385341644287,2026-09-06T22:27:40
mimic_transfer,norole,remaining_time,all,3500,2,2.8729963302612305,2026-09-06T22:27:33
mimic_transfer,pfm,future_activity_set,0,0,0,0.05381425842642784,2026-09-06T17:41:17
mimic_transfer,pfm,future_activity_set,0,0,1,0.0942077785730362,2026-09-06T17:41:53
mimic_transfer,pfm,future_activity_set,0,0,2,0.07876240462064743,2026-09-06T17:45:37
mimic_transfer,pfm,future_activity_set,10,10,0,0.7441684007644653,2026-09-06T17:41:17
mimic_transfer,pfm,future_activity_set,10,10,1,0.7837553024291992,2026-09-06T17:41:53
mimic_transfer,pfm,future_activity_set,10,10,2,0.7727480530738831,2026-09-06T17:45:37
mimic_transfer,pfm,future_activity_set,100,100,0,0.7531816363334656,2026-09-06T17:41:17
mimic_transfer,pfm,future_activity_set,100,100,1,0.7998576760292053,2026-09-06T17:41:53
mimic_transfer,pfm,future_activity_set,100,100,2,0.7852782607078552,2026-09-06T17:45:37
mimic_transfer,pfm,future_activity_set,1000,1000,0,0.8175585269927979,2026-09-06T17:41:17
mimic_transfer,pfm,future_activity_set,1000,1000,1,0.8173556923866272,2026-09-06T17:41:53
mimic_transfer,pfm,future_activity_set,1000,1000,2,0.8114408850669861,2026-09-06T17:45:37
mimic_transfer,pfm,future_activity_set,30,30,0,0.7435126900672913,2026-09-06T17:41:17
mimic_transfer,pfm,future_activity_set,30,30,1,0.7805100083351135,2026-09-06T17:41:53
mimic_transfer,pfm,future_activity_set,30,30,2,0.752823531627655,2026-09-06T17:45:37
mimic_transfer,pfm,future_activity_set,300,300,0,0.8052181601524353,2026-09-06T17:41:17
mimic_transfer,pfm,future_activity_set,300,300,1,0.8100358247756958,2026-09-06T17:41:53
mimic_transfer,pfm,future_activity_set,300,300,2,0.8022234439849854,2026-09-06T17:45:37
mimic_transfer,pfm,future_activity_set,5000,3500,0,0.821587085723877,2026-09-06T17:41:17
mimic_transfer,pfm,future_activity_set,5000,3500,1,0.8210956454277039,2026-09-06T17:41:53
mimic_transfer,pfm,future_activity_set,5000,3500,2,0.8210545182228088,2026-09-06T17:45:37
mimic_transfer,pfm,future_activity_set,all,3500,0,0.821587085723877,2026-09-06T17:41:17
mimic_transfer,pfm,future_activity_set,all,3500,1,0.8210956454277039,2026-09-06T17:41:53
mimic_transfer,pfm,future_activity_set,all,3500,2,0.8210545182228088,2026-09-06T17:45:37
mimic_transfer,pfm,next_3_activities,0,0,0,0.017171716317534447,2026-09-06T17:41:17
mimic_transfer,pfm,next_3_activities,0,0,1,0.006734006572514772,2026-09-06T17:41:53
mimic_transfer,pfm,next_3_activities,0,0,2,0.02070707082748413,2026-09-06T17:45:37
mimic_transfer,pfm,next_3_activities,10,10,0,0.5336700081825256,2026-09-06T17:41:17
mimic_transfer,pfm,next_3_activities,10,10,1,0.4333333373069763,2026-09-06T17:41:53
mimic_transfer,pfm,next_3_activities,10,10,2,0.5311447978019714,2026-09-06T17:45:37
mimic_transfer,pfm,next_3_activities,100,100,0,0.5380471348762512,2026-09-06T17:41:17
mimic_transfer,pfm,next_3_activities,100,100,1,0.5208753943443298,2026-09-06T17:41:53
mimic_transfer,pfm,next_3_activities,100,100,2,0.536868691444397,2026-09-06T17:45:37
mimic_transfer,pfm,next_3_activities,1000,1000,0,0.5755892395973206,2026-09-06T17:41:17
mimic_transfer,pfm,next_3_activities,1000,1000,1,0.5819865465164185,2026-09-06T17:41:53
mimic_transfer,pfm,next_3_activities,1000,1000,2,0.5797979831695557,2026-09-06T17:45:37
mimic_transfer,pfm,next_3_activities,30,30,0,0.5592592358589172,2026-09-06T17:41:17
mimic_transfer,pfm,next_3_activities,30,30,1,0.4961279332637787,2026-09-06T17:41:53
mimic_transfer,pfm,next_3_activities,30,30,2,0.5425925850868225,2026-09-06T17:45:37
mimic_transfer,pfm,next_3_activities,300,300,0,0.558922529220581,2026-09-06T17:41:17
mimic_transfer,pfm,next_3_activities,300,300,1,0.550000011920929,2026-09-06T17:41:53
mimic_transfer,pfm,next_3_activities,300,300,2,0.5616161823272705,2026-09-06T17:45:37
mimic_transfer,pfm,next_3_activities,5000,3500,0,0.5782828330993652,2026-09-06T17:41:17
mimic_transfer,pfm,next_3_activities,5000,3500,1,0.5789562463760376,2026-09-06T17:41:53
mimic_transfer,pfm,next_3_activities,5000,3500,2,0.5840067267417908,2026-09-06T17:45:37
mimic_transfer,pfm,next_3_activities,all,3500,0,0.5782828330993652,2026-09-06T17:41:17
mimic_transfer,pfm,next_3_activities,all,3500,1,0.5789562463760376,2026-09-06T17:41:53
mimic_transfer,pfm,next_3_activities,all,3500,2,0.5840067267417908,2026-09-06T17:45:37
mimic_transfer,pfm,next_5_activities,0,0,0,0.01948627084493637,2026-09-06T17:41:17
mimic_transfer,pfm,next_5_activities,0,0,1,0.00989075843244791,2026-09-06T17:41:53
mimic_transfer,pfm,next_5_activities,0,0,2,0.016386182978749275,2026-09-06T17:45:37
mimic_transfer,pfm,next_5_activities,10,10,0,0.5222911238670349,2026-09-06T17:41:17
mimic_transfer,pfm,next_5_activities,10,10,1,0.4232358932495117,2026-09-06T17:41:53
mimic_transfer,pfm,next_5_activities,10,10,2,0.5236197113990784,2026-09-06T17:45:37
mimic_transfer,pfm,next_5_activities,100,100,0,0.5271626710891724,2026-09-06T17:41:17
mimic_transfer,pfm,next_5_activities,100,100,1,0.5101860165596008,2026-09-06T17:41:53
mimic_transfer,pfm,next_5_activities,100,100,2,0.5214053988456726,2026-09-06T17:45:37
mimic_transfer,pfm,next_5_activities,1000,1000,0,0.5640684962272644,2026-09-06T17:41:17
mimic_transfer,pfm,next_5_activities,1000,1000,1,0.5679066777229309,2026-09-06T17:41:53
mimic_transfer,pfm,next_5_activities,1000,1000,2,0.5648066401481628,2026-09-06T17:45:37
mimic_transfer,pfm,next_5_activities,30,30,0,0.5361676812171936,2026-09-06T17:41:17
mimic_transfer,pfm,next_5_activities,30,30,1,0.4899616241455078,2026-09-06T17:41:53
mimic_transfer,pfm,next_5_activities,30,30,2,0.5311484932899475,2026-09-06T17:45:37
mimic_transfer,pfm,next_5_activities,300,300,0,0.5462060570716858,2026-09-06T17:41:17
mimic_transfer,pfm,next_5_activities,300,300,1,0.5462060570716858,2026-09-06T17:41:53
mimic_transfer,pfm,next_5_activities,300,300,2,0.5462060570716858,2026-09-06T17:45:37
mimic_transfer,pfm,next_5_activities,5000,3500,0,0.5653970837593079,2026-09-06T17:41:17
mimic_transfer,pfm,next_5_activities,5000,3500,1,0.5630351305007935,2026-09-06T17:41:53
mimic_transfer,pfm,next_5_activities,5000,3500,2,0.5686448216438293,2026-09-06T17:45:37
mimic_transfer,pfm,next_5_activities,all,3500,0,0.5653970837593079,2026-09-06T17:41:17
mimic_transfer,pfm,next_5_activities,all,3500,1,0.5630351305007935,2026-09-06T17:41:53
mimic_transfer,pfm,next_5_activities,all,3500,2,0.5686448216438293,2026-09-06T17:45:37
mimic_transfer,pfm,next_activity,0,0,0,0.0051282052882015705,2026-09-06T17:41:17
mimic_transfer,pfm,next_activity,0,0,1,0.010256410576403141,2026-09-06T17:41:53
mimic_transfer,pfm,next_activity,0,0,2,0.04505494609475136,2026-09-06T17:45:37
mimic_transfer,pfm,next_activity,10,10,0,0.5304029583930969,2026-09-06T17:41:17
mimic_transfer,pfm,next_activity,10,10,1,0.4197802245616913,2026-09-06T17:41:53
mimic_transfer,pfm,next_activity,10,10,2,0.5201465487480164,2026-09-06T17:45:37
mimic_transfer,pfm,next_activity,100,100,0,0.5340659618377686,2026-09-06T17:41:17
mimic_transfer,pfm,next_activity,100,100,1,0.5263736248016357,2026-09-06T17:41:53
mimic_transfer,pfm,next_activity,100,100,2,0.538095235824585,2026-09-06T17:45:37
mimic_transfer,pfm,next_activity,1000,1000,0,0.595604419708252,2026-09-06T17:41:17
mimic_transfer,pfm,next_activity,1000,1000,1,0.593406617641449,2026-09-06T17:41:53
mimic_transfer,pfm,next_activity,1000,1000,2,0.591208815574646,2026-09-06T17:45:37
mimic_transfer,pfm,next_activity,30,30,0,0.5703296661376953,2026-09-06T17:41:17
mimic_transfer,pfm,next_activity,30,30,1,0.4941391944885254,2026-09-06T17:41:53
mimic_transfer,pfm,next_activity,30,30,2,0.5457875728607178,2026-09-06T17:45:37
mimic_transfer,pfm,next_activity,300,300,0,0.567399263381958,2026-09-06T17:41:17
mimic_transfer,pfm,next_activity,300,300,1,0.5622710585594177,2026-09-06T17:41:53
mimic_transfer,pfm,next_activity,300,300,2,0.5622710585594177,2026-09-06T17:45:37
mimic_transfer,pfm,next_activity,5000,3500,0,0.5970696210861206,2026-09-06T17:41:17
mimic_transfer,pfm,next_activity,5000,3500,1,0.5919414162635803,2026-09-06T17:41:53
mimic_transfer,pfm,next_activity,5000,3500,2,0.5959706902503967,2026-09-06T17:45:37
mimic_transfer,pfm,next_activity,all,3500,0,0.5970696210861206,2026-09-06T17:41:17
mimic_transfer,pfm,next_activity,all,3500,1,0.5919414162635803,2026-09-06T17:41:53
mimic_transfer,pfm,next_activity,all,3500,2,0.5959706902503967,2026-09-06T17:45:37
mimic_transfer,pfm,next_time,0,0,0,1.3825759887695312,2026-09-06T17:41:17
mimic_transfer,pfm,next_time,0,0,1,1.382575511932373,2026-09-06T17:41:53
mimic_transfer,pfm,next_time,0,0,2,1.3825762271881104,2026-09-06T17:45:37
mimic_transfer,pfm,next_time,10,10,0,1.3248261213302612,2026-09-06T17:41:17
mimic_transfer,pfm,next_time,10,10,1,1.3493742942810059,2026-09-06T17:41:53
mimic_transfer,pfm,next_time,10,10,2,1.3408867120742798,2026-09-06T17:45:37
mimic_transfer,pfm,next_time,100,100,0,1.339545488357544,2026-09-06T17:41:17
mimic_transfer,pfm,next_time,100,100,1,1.312299132347107,2026-09-06T17:41:53
mimic_transfer,pfm,next_time,100,100,2,1.3277816772460938,2026-09-06T17:45:37
mimic_transfer,pfm,next_time,1000,1000,0,1.0989526510238647,2026-09-06T17:41:17
mimic_transfer,pfm,next_time,1000,1000,1,1.1347448825836182,2026-09-06T17:41:53
mimic_transfer,pfm,next_time,1000,1000,2,1.1209074258804321,2026-09-06T17:45:37
mimic_transfer,pfm,next_time,30,30,0,1.3276664018630981,2026-09-06T17:41:17
mimic_transfer,pfm,next_time,30,30,1,1.3405768871307373,2026-09-06T17:41:53
mimic_transfer,pfm,next_time,30,30,2,1.3361784219741821,2026-09-06T17:45:37
mimic_transfer,pfm,next_time,300,300,0,1.2094955444335938,2026-09-06T17:41:17
mimic_transfer,pfm,next_time,300,300,1,1.203478217124939,2026-09-06T17:41:53
mimic_transfer,pfm,next_time,300,300,2,1.2278096675872803,2026-09-06T17:45:37
mimic_transfer,pfm,next_time,5000,3500,0,1.0813552141189575,2026-09-06T17:41:17
mimic_transfer,pfm,next_time,5000,3500,1,1.0624921321868896,2026-09-06T17:41:53
mimic_transfer,pfm,next_time,5000,3500,2,1.0631803274154663,2026-09-06T17:45:37
mimic_transfer,pfm,next_time,all,3500,0,1.0813552141189575,2026-09-06T17:41:17
mimic_transfer,pfm,next_time,all,3500,1,1.0624921321868896,2026-09-06T17:41:53
mimic_transfer,pfm,next_time,all,3500,2,1.0631803274154663,2026-09-06T17:45:37
mimic_transfer,pfm,remaining_count,0,0,0,2.0583863258361816,2026-09-06T17:41:17
mimic_transfer,pfm,remaining_count,0,0,1,2.044713258743286,2026-09-06T17:41:53
mimic_transfer,pfm,remaining_count,0,0,2,2.277834177017212,2026-09-06T17:45:37
mimic_transfer,pfm,remaining_count,10,10,0,0.7799522876739502,2026-09-06T17:41:17
mimic_transfer,pfm,remaining_count,10,10,1,0.7354854345321655,2026-09-06T17:41:53
mimic_transfer,pfm,remaining_count,10,10,2,0.6984410881996155,2026-09-06T17:45:37
mimic_transfer,pfm,remaining_count,100,100,0,0.6113119721412659,2026-09-06T17:41:17
mimic_transfer,pfm,remaining_count,100,100,1,0.663267970085144,2026-09-06T17:41:53
mimic_transfer,pfm,remaining_count,100,100,2,0.6523515582084656,2026-09-06T17:45:37
mimic_transfer,pfm,remaining_count,1000,1000,0,0.5600275993347168,2026-09-06T17:41:17
mimic_transfer,pfm,remaining_count,1000,1000,1,0.5492271780967712,2026-09-06T17:41:53
mimic_transfer,pfm,remaining_count,1000,1000,2,0.566122829914093,2026-09-06T17:45:37
mimic_transfer,pfm,remaining_count,30,30,0,0.680238664150238,2026-09-06T17:41:17
mimic_transfer,pfm,remaining_count,30,30,1,0.7385930418968201,2026-09-06T17:41:53
mimic_transfer,pfm,remaining_count,30,30,2,0.6958186030387878,2026-09-06T17:45:37
mimic_transfer,pfm,remaining_count,300,300,0,0.5870607495307922,2026-09-06T17:41:17
mimic_transfer,pfm,remaining_count,300,300,1,0.6030441522598267,2026-09-06T17:41:53
mimic_transfer,pfm,remaining_count,300,300,2,0.6105981469154358,2026-09-06T17:45:37
mimic_transfer,pfm,remaining_count,5000,3500,0,0.5403717160224915,2026-09-06T17:41:17
mimic_transfer,pfm,remaining_count,5000,3500,1,0.5524593591690063,2026-09-06T17:41:53
mimic_transfer,pfm,remaining_count,5000,3500,2,0.5817161202430725,2026-09-06T17:45:37
mimic_transfer,pfm,remaining_count,all,3500,0,0.5403717160224915,2026-09-06T17:41:17
mimic_transfer,pfm,remaining_count,all,3500,1,0.5524593591690063,2026-09-06T17:41:53
mimic_transfer,pfm,remaining_count,all,3500,2,0.5817161202430725,2026-09-06T17:45:37
mimic_transfer,pfm,remaining_time,0,0,0,3.3086137771606445,2026-09-06T17:41:17
mimic_transfer,pfm,remaining_time,0,0,1,3.3086140155792236,2026-09-06T17:41:53
mimic_transfer,pfm,remaining_time,0,0,2,3.3086140155792236,2026-09-06T17:45:37
mimic_transfer,pfm,remaining_time,10,10,0,2.996896982192993,2026-09-06T17:41:17
mimic_transfer,pfm,remaining_time,10,10,1,3.122854709625244,2026-09-06T17:41:53
mimic_transfer,pfm,remaining_time,10,10,2,3.0512359142303467,2026-09-06T17:45:37
mimic_transfer,pfm,remaining_time,100,100,0,3.045114278793335,2026-09-06T17:41:17
mimic_transfer,pfm,remaining_time,100,100,1,2.971142053604126,2026-09-06T17:41:53
mimic_transfer,pfm,remaining_time,100,100,2,2.9658758640289307,2026-09-06T17:45:37
mimic_transfer,pfm,remaining_time,1000,1000,0,2.701249599456787,2026-09-06T17:41:17
mimic_transfer,pfm,remaining_time,1000,1000,1,2.4945974349975586,2026-09-06T17:41:53
mimic_transfer,pfm,remaining_time,1000,1000,2,2.733832836151123,2026-09-06T17:45:37
mimic_transfer,pfm,remaining_time,30,30,0,2.995837926864624,2026-09-06T17:41:17
mimic_transfer,pfm,remaining_time,30,30,1,3.0355019569396973,2026-09-06T17:41:53
mimic_transfer,pfm,remaining_time,30,30,2,3.0531795024871826,2026-09-06T17:45:37
mimic_transfer,pfm,remaining_time,300,300,0,2.7047502994537354,2026-09-06T17:41:17
mimic_transfer,pfm,remaining_time,300,300,1,2.73580002784729,2026-09-06T17:41:53
mimic_transfer,pfm,remaining_time,300,300,2,2.8296735286712646,2026-09-06T17:45:37
mimic_transfer,pfm,remaining_time,5000,3500,0,2.443366765975952,2026-09-06T17:41:17
mimic_transfer,pfm,remaining_time,5000,3500,1,2.4519739151000977,2026-09-06T17:41:53
mimic_transfer,pfm,remaining_time,5000,3500,2,2.43384051322937,2026-09-06T17:45:37
mimic_transfer,pfm,remaining_time,all,3500,0,2.443366765975952,2026-09-06T17:41:17
mimic_transfer,pfm,remaining_time,all,3500,1,2.4519739151000977,2026-09-06T17:41:53
mimic_transfer,pfm,remaining_time,all,3500,2,2.43384051322937,2026-09-06T17:45:37
mimic_transfer,pfm_ft,future_activity_set,0,0,0,0.05381425842642784,2026-09-06T17:50:23
mimic_transfer,pfm_ft,future_activity_set,0,0,1,0.0942077785730362,2026-09-06T17:52:24
mimic_transfer,pfm_ft,future_activity_set,0,0,2,0.07876240462064743,2026-09-06T17:54:09
mimic_transfer,pfm_ft,future_activity_set,10,10,0,0.7931820154190063,2026-09-06T17:50:23
mimic_transfer,pfm_ft,future_activity_set,10,10,1,0.8129020929336548,2026-09-06T17:52:24
mimic_transfer,pfm_ft,future_activity_set,10,10,2,0.8161154985427856,2026-09-06T17:54:09
mimic_transfer,pfm_ft,future_activity_set,100,100,0,0.7541558742523193,2026-09-06T17:50:23
mimic_transfer,pfm_ft,future_activity_set,100,100,1,0.8174751996994019,2026-09-06T17:52:24
mimic_transfer,pfm_ft,future_activity_set,100,100,2,0.8154038786888123,2026-09-06T17:54:09
mimic_transfer,pfm_ft,future_activity_set,1000,1000,0,0.8244450092315674,2026-09-06T17:50:23
mimic_transfer,pfm_ft,future_activity_set,1000,1000,1,0.8226408362388611,2026-09-06T17:52:24
mimic_transfer,pfm_ft,future_activity_set,1000,1000,2,0.8222835063934326,2026-09-06T17:54:09
mimic_transfer,pfm_ft,future_activity_set,30,30,0,0.7290046215057373,2026-09-06T17:50:23
mimic_transfer,pfm_ft,future_activity_set,30,30,1,0.7490328550338745,2026-09-06T17:52:24
mimic_transfer,pfm_ft,future_activity_set,30,30,2,0.8018808364868164,2026-09-06T17:54:09
mimic_transfer,pfm_ft,future_activity_set,300,300,0,0.821406364440918,2026-09-06T17:50:23
mimic_transfer,pfm_ft,future_activity_set,300,300,1,0.8200427293777466,2026-09-06T17:52:24
mimic_transfer,pfm_ft,future_activity_set,300,300,2,0.8207044005393982,2026-09-06T17:54:09
mimic_transfer,pfm_ft,future_activity_set,5000,3500,0,0.8233858942985535,2026-09-06T17:50:23
mimic_transfer,pfm_ft,future_activity_set,5000,3500,1,0.824239194393158,2026-09-06T17:52:24
mimic_transfer,pfm_ft,future_activity_set,5000,3500,2,0.8263452053070068,2026-09-06T17:54:09
mimic_transfer,pfm_ft,future_activity_set,all,3500,0,0.8233858942985535,2026-09-06T17:50:23
mimic_transfer,pfm_ft,future_activity_set,all,3500,1,0.824239194393158,2026-09-06T17:52:24
mimic_transfer,pfm_ft,future_activity_set,all,3500,2,0.8263452053070068,2026-09-06T17:54:09
mimic_transfer,pfm_ft,next_3_activities,0,0,0,0.017171716317534447,2026-09-06T17:50:23
mimic_transfer,pfm_ft,next_3_activities,0,0,1,0.006734006572514772,2026-09-06T17:52:24
mimic_transfer,pfm_ft,next_3_activities,0,0,2,0.02070707082748413,2026-09-06T17:54:09
mimic_transfer,pfm_ft,next_3_activities,10,10,0,0.5353535413742065,2026-09-06T17:50:23
mimic_transfer,pfm_ft,next_3_activities,10,10,1,0.459090918302536,2026-09-06T17:52:24
mimic_transfer,pfm_ft,next_3_activities,10,10,2,0.5200336575508118,2026-09-06T17:54:09
mimic_transfer,pfm_ft,next_3_activities,100,100,0,0.5626262426376343,2026-09-06T17:50:23
mimic_transfer,pfm_ft,next_3_activities,100,100,1,0.5523568987846375,2026-09-06T17:52:24
mimic_transfer,pfm_ft,next_3_activities,100,100,2,0.5626262426376343,2026-09-06T17:54:09
mimic_transfer,pfm_ft,next_3_activities,1000,1000,0,0.5944444537162781,2026-09-06T17:50:23
mimic_transfer,pfm_ft,next_3_activities,1000,1000,1,0.5991582274436951,2026-09-06T17:52:24
mimic_transfer,pfm_ft,next_3_activities,1000,1000,2,0.5959596037864685,2026-09-06T17:54:09
mimic_transfer,pfm_ft,next_3_activities,30,30,0,0.5629629492759705,2026-09-06T17:50:23
mimic_transfer,pfm_ft,next_3_activities,30,30,1,0.5336700081825256,2026-09-06T17:52:24
mimic_transfer,pfm_ft,next_3_activities,30,30,2,0.5594276189804077,2026-09-06T17:54:09
mimic_transfer,pfm_ft,next_3_activities,300,300,0,0.5872054100036621,2026-09-06T17:50:23
mimic_transfer,pfm_ft,next_3_activities,300,300,1,0.5865319967269897,2026-09-06T17:52:24
mimic_transfer,pfm_ft,next_3_activities,300,300,2,0.5856902599334717,2026-09-06T17:54:09
mimic_transfer,pfm_ft,next_3_activities,5000,3500,0,0.5988215208053589,2026-09-06T17:50:23
mimic_transfer,pfm_ft,next_3_activities,5000,3500,1,0.6011784672737122,2026-09-06T17:52:24
mimic_transfer,pfm_ft,next_3_activities,5000,3500,2,0.6013467907905579,2026-09-06T17:54:09
mimic_transfer,pfm_ft,next_3_activities,all,3500,0,0.5988215208053589,2026-09-06T17:50:23
mimic_transfer,pfm_ft,next_3_activities,all,3500,1,0.6011784672737122,2026-09-06T17:52:24
mimic_transfer,pfm_ft,next_3_activities,all,3500,2,0.6013467907905579,2026-09-06T17:54:09
mimic_transfer,pfm_ft,next_5_activities,0,0,0,0.01948627084493637,2026-09-06T17:50:23
mimic_transfer,pfm_ft,next_5_activities,0,0,1,0.00989075843244791,2026-09-06T17:52:24
mimic_transfer,pfm_ft,next_5_activities,0,0,2,0.016386182978749275,2026-09-06T17:54:09
mimic_transfer,pfm_ft,next_5_activities,10,10,0,0.5290817618370056,2026-09-06T17:50:23
mimic_transfer,pfm_ft,next_5_activities,10,10,1,0.4400649666786194,2026-09-06T17:52:24
mimic_transfer,pfm_ft,next_5_activities,10,10,2,0.5079716444015503,2026-09-06T17:54:09
mimic_transfer,pfm_ft,next_5_activities,100,100,0,0.5516681671142578,2026-09-06T17:50:23
mimic_transfer,pfm_ft,next_5_activities,100,100,1,0.5366105437278748,2026-09-06T17:52:24
mimic_transfer,pfm_ft,next_5_activities,100,100,2,0.5519633889198303,2026-09-06T17:54:09
mimic_transfer,pfm_ft,next_5_activities,1000,1000,0,0.5792737007141113,2026-09-06T17:50:23
mimic_transfer,pfm_ft,next_5_activities,1000,1000,1,0.5792737007141113,2026-09-06T17:52:24
mimic_transfer,pfm_ft,next_5_activities,1000,1000,2,0.5823737978935242,2026-09-06T17:54:09
mimic_transfer,pfm_ft,next_5_activities,30,30,0,0.5532919764518738,2026-09-06T17:50:23
mimic_transfer,pfm_ft,next_5_activities,30,30,1,0.5209624767303467,2026-09-06T17:52:24
mimic_transfer,pfm_ft,next_5_activities,30,30,2,0.548568069934845,2026-09-06T17:54:09
mimic_transfer,pfm_ft,next_5_activities,300,300,0,0.5727782845497131,2026-09-06T17:50:23
mimic_transfer,pfm_ft,next_5_activities,300,300,1,0.5705639123916626,2026-09-06T17:52:24
mimic_transfer,pfm_ft,next_5_activities,300,300,2,0.5683495998382568,2026-09-06T17:54:09
mimic_transfer,pfm_ft,next_5_activities,5000,3500,0,0.586507260799408,2026-09-06T17:50:23
mimic_transfer,pfm_ft,next_5_activities,5000,3500,1,0.5848833918571472,2026-09-06T17:52:24
mimic_transfer,pfm_ft,next_5_activities,5000,3500,2,0.5816356539726257,2026-09-06T17:54:09
mimic_transfer,pfm_ft,next_5_activities,all,3500,0,0.586507260799408,2026-09-06T17:50:23
mimic_transfer,pfm_ft,next_5_activities,all,3500,1,0.5848833918571472,2026-09-06T17:52:24
mimic_transfer,pfm_ft,next_5_activities,all,3500,2,0.5816356539726257,2026-09-06T17:54:09
mimic_transfer,pfm_ft,next_activity,0,0,0,0.0051282052882015705,2026-09-06T17:50:23
mimic_transfer,pfm_ft,next_activity,0,0,1,0.010256410576403141,2026-09-06T17:52:24
mimic_transfer,pfm_ft,next_activity,0,0,2,0.04505494609475136,2026-09-06T17:54:09
mimic_transfer,pfm_ft,next_activity,10,10,0,0.5175824165344238,2026-09-06T17:50:23
mimic_transfer,pfm_ft,next_activity,10,10,1,0.5062271356582642,2026-09-06T17:52:24
mimic_transfer,pfm_ft,next_activity,10,10,2,0.4937728941440582,2026-09-06T17:54:09
mimic_transfer,pfm_ft,next_activity,100,100,0,0.5842490792274475,2026-09-06T17:50:23
mimic_transfer,pfm_ft,next_activity,100,100,1,0.5703296661376953,2026-09-06T17:52:24
mimic_transfer,pfm_ft,next_activity,100,100,2,0.5791208744049072,2026-09-06T17:54:09
mimic_transfer,pfm_ft,next_activity,1000,1000,0,0.6036630272865295,2026-09-06T17:50:23
mimic_transfer,pfm_ft,next_activity,1000,1000,1,0.6113553047180176,2026-09-06T17:52:24
mimic_transfer,pfm_ft,next_activity,1000,1000,2,0.5992674231529236,2026-09-06T17:54:09
mimic_transfer,pfm_ft,next_activity,30,30,0,0.5758242011070251,2026-09-06T17:50:23
mimic_transfer,pfm_ft,next_activity,30,30,1,0.5289377570152283,2026-09-06T17:52:24
mimic_transfer,pfm_ft,next_activity,30,30,2,0.555311381816864,2026-09-06T17:54:09
mimic_transfer,pfm_ft,next_activity,300,300,0,0.6084249019622803,2026-09-06T17:50:23
mimic_transfer,pfm_ft,next_activity,300,300,1,0.6029304265975952,2026-09-06T17:52:24
mimic_transfer,pfm_ft,next_activity,300,300,2,0.6058608293533325,2026-09-06T17:54:09
mimic_transfer,pfm_ft,next_activity,5000,3500,0,0.620512843132019,2026-09-06T17:50:23
mimic_transfer,pfm_ft,next_activity,5000,3500,1,0.6183150410652161,2026-09-06T17:52:24
mimic_transfer,pfm_ft,next_activity,5000,3500,2,0.6179487109184265,2026-09-06T17:54:09
mimic_transfer,pfm_ft,next_activity,all,3500,0,0.620512843132019,2026-09-06T17:50:23
mimic_transfer,pfm_ft,next_activity,all,3500,1,0.6183150410652161,2026-09-06T17:52:24
mimic_transfer,pfm_ft,next_activity,all,3500,2,0.6179487109184265,2026-09-06T17:54:09
mimic_transfer,pfm_ft,next_time,0,0,0,1.3825759887695312,2026-09-06T17:50:23
mimic_transfer,pfm_ft,next_time,0,0,1,1.382575511932373,2026-09-06T17:52:24
mimic_transfer,pfm_ft,next_time,0,0,2,1.3825762271881104,2026-09-06T17:54:09
mimic_transfer,pfm_ft,next_time,10,10,0,1.2024840116500854,2026-09-06T17:50:23
mimic_transfer,pfm_ft,next_time,10,10,1,1.273116946220398,2026-09-06T17:52:24
mimic_transfer,pfm_ft,next_time,10,10,2,1.1798913478851318,2026-09-06T17:54:09
mimic_transfer,pfm_ft,next_time,100,100,0,1.061318039894104,2026-09-06T17:50:23
mimic_transfer,pfm_ft,next_time,100,100,1,1.1072757244110107,2026-09-06T17:52:24
mimic_transfer,pfm_ft,next_time,100,100,2,1.0908766984939575,2026-09-06T17:54:09
mimic_transfer,pfm_ft,next_time,1000,1000,0,1.0255507230758667,2026-09-06T17:50:23
mimic_transfer,pfm_ft,next_time,1000,1000,1,1.024436116218567,2026-09-06T17:52:24
mimic_transfer,pfm_ft,next_time,1000,1000,2,1.0283284187316895,2026-09-06T17:54:09
mimic_transfer,pfm_ft,next_time,30,30,0,1.1425873041152954,2026-09-06T17:50:23
mimic_transfer,pfm_ft,next_time,30,30,1,1.1608668565750122,2026-09-06T17:52:24
mimic_transfer,pfm_ft,next_time,30,30,2,1.1467363834381104,2026-09-06T17:54:09
mimic_transfer,pfm_ft,next_time,300,300,0,1.0622237920761108,2026-09-06T17:50:23
mimic_transfer,pfm_ft,next_time,300,300,1,1.0715506076812744,2026-09-06T17:52:24
mimic_transfer,pfm_ft,next_time,300,300,2,1.0317691564559937,2026-09-06T17:54:09
mimic_transfer,pfm_ft,next_time,5000,3500,0,1.017604112625122,2026-09-06T17:50:23
mimic_transfer,pfm_ft,next_time,5000,3500,1,1.0235544443130493,2026-09-06T17:52:24
mimic_transfer,pfm_ft,next_time,5000,3500,2,1.019307017326355,2026-09-06T17:54:09
mimic_transfer,pfm_ft,next_time,all,3500,0,1.017604112625122,2026-09-06T17:50:23
mimic_transfer,pfm_ft,next_time,all,3500,1,1.0235544443130493,2026-09-06T17:52:24
mimic_transfer,pfm_ft,next_time,all,3500,2,1.019307017326355,2026-09-06T17:54:09
mimic_transfer,pfm_ft,remaining_count,0,0,0,2.0583863258361816,2026-09-06T17:50:23
mimic_transfer,pfm_ft,remaining_count,0,0,1,2.044713258743286,2026-09-06T17:52:24
mimic_transfer,pfm_ft,remaining_count,0,0,2,2.277834177017212,2026-09-06T17:54:09
mimic_transfer,pfm_ft,remaining_count,10,10,0,0.6109849810600281,2026-09-06T17:50:23
mimic_transfer,pfm_ft,remaining_count,10,10,1,0.6455839276313782,2026-09-06T17:52:24
mimic_transfer,pfm_ft,remaining_count,10,10,2,0.623039722442627,2026-09-06T17:54:09
mimic_transfer,pfm_ft,remaining_count,100,100,0,0.5464896559715271,2026-09-06T17:50:23
mimic_transfer,pfm_ft,remaining_count,100,100,1,0.5749188661575317,2026-09-06T17:52:24
mimic_transfer,pfm_ft,remaining_count,100,100,2,0.5219168066978455,2026-09-06T17:54:09
mimic_transfer,pfm_ft,remaining_count,1000,1000,0,0.4837239682674408,2026-09-06T17:50:23
mimic_transfer,pfm_ft,remaining_count,1000,1000,1,0.48200827836990356,2026-09-06T17:52:24
mimic_transfer,pfm_ft,remaining_count,1000,1000,2,0.47333967685699463,2026-09-06T17:54:09
mimic_transfer,pfm_ft,remaining_count,30,30,0,0.5961067080497742,2026-09-06T17:50:23
mimic_transfer,pfm_ft,remaining_count,30,30,1,0.6792297959327698,2026-09-06T17:52:24
mimic_transfer,pfm_ft,remaining_count,30,30,2,0.5617784261703491,2026-09-06T17:54:09
mimic_transfer,pfm_ft,remaining_count,300,300,0,0.4918973445892334,2026-09-06T17:50:23
mimic_transfer,pfm_ft,remaining_count,300,300,1,0.5616311430931091,2026-09-06T17:52:24
mimic_transfer,pfm_ft,remaining_count,300,300,2,0.5485121011734009,2026-09-06T17:54:09
mimic_transfer,pfm_ft,remaining_count,5000,3500,0,0.4727611541748047,2026-09-06T17:50:23
mimic_transfer,pfm_ft,remaining_count,5000,3500,1,0.4770606458187103,2026-09-06T17:52:24
mimic_transfer,pfm_ft,remaining_count,5000,3500,2,0.4750111401081085,2026-09-06T17:54:09
mimic_transfer,pfm_ft,remaining_count,all,3500,0,0.4727611541748047,2026-09-06T17:50:23
mimic_transfer,pfm_ft,remaining_count,all,3500,1,0.4770606458187103,2026-09-06T17:52:24
mimic_transfer,pfm_ft,remaining_count,all,3500,2,0.4750111401081085,2026-09-06T17:54:09
mimic_transfer,pfm_ft,remaining_time,0,0,0,3.3086137771606445,2026-09-06T17:50:23
mimic_transfer,pfm_ft,remaining_time,0,0,1,3.3086140155792236,2026-09-06T17:52:24
mimic_transfer,pfm_ft,remaining_time,0,0,2,3.3086140155792236,2026-09-06T17:54:09
mimic_transfer,pfm_ft,remaining_time,10,10,0,2.7451393604278564,2026-09-06T17:50:23
mimic_transfer,pfm_ft,remaining_time,10,10,1,2.6915128231048584,2026-09-06T17:52:24
mimic_transfer,pfm_ft,remaining_time,10,10,2,2.8227286338806152,2026-09-06T17:54:09
mimic_transfer,pfm_ft,remaining_time,100,100,0,2.495654582977295,2026-09-06T17:50:23
mimic_transfer,pfm_ft,remaining_time,100,100,1,2.4210469722747803,2026-09-06T17:52:24
mimic_transfer,pfm_ft,remaining_time,100,100,2,2.6170260906219482,2026-09-06T17:54:09
mimic_transfer,pfm_ft,remaining_time,1000,1000,0,2.3138837814331055,2026-09-06T17:50:23
mimic_transfer,pfm_ft,remaining_time,1000,1000,1,2.357858419418335,2026-09-06T17:52:24
mimic_transfer,pfm_ft,remaining_time,1000,1000,2,2.370654344558716,2026-09-06T17:54:09
mimic_transfer,pfm_ft,remaining_time,30,30,0,2.5691800117492676,2026-09-06T17:50:23
mimic_transfer,pfm_ft,remaining_time,30,30,1,2.5874102115631104,2026-09-06T17:52:24
mimic_transfer,pfm_ft,remaining_time,30,30,2,2.7283878326416016,2026-09-06T17:54:09
mimic_transfer,pfm_ft,remaining_time,300,300,0,2.369346857070923,2026-09-06T17:50:23
mimic_transfer,pfm_ft,remaining_time,300,300,1,2.3750247955322266,2026-09-06T17:52:24
mimic_transfer,pfm_ft,remaining_time,300,300,2,2.3787825107574463,2026-09-06T17:54:09
mimic_transfer,pfm_ft,remaining_time,5000,3500,0,2.301015615463257,2026-09-06T17:50:23
mimic_transfer,pfm_ft,remaining_time,5000,3500,1,2.3243298530578613,2026-09-06T17:52:24
mimic_transfer,pfm_ft,remaining_time,5000,3500,2,2.3159468173980713,2026-09-06T17:54:09
mimic_transfer,pfm_ft,remaining_time,all,3500,0,2.301015615463257,2026-09-06T17:50:23
mimic_transfer,pfm_ft,remaining_time,all,3500,1,2.3243298530578613,2026-09-06T17:52:24
mimic_transfer,pfm_ft,remaining_time,all,3500,2,2.3159468173980713,2026-09-06T17:54:09
mimic_transfer,pfm_ft_s2,future_activity_set,0,0,0,0.10650718957185745,2026-09-14T21:32:10
mimic_transfer,pfm_ft_s2,future_activity_set,0,0,1,0.05635421350598335,2026-09-14T21:31:19
mimic_transfer,pfm_ft_s2,future_activity_set,0,0,2,0.05140240490436554,2026-09-14T21:34:37
mimic_transfer,pfm_ft_s2,future_activity_set,10,10,0,0.7917428016662598,2026-09-14T21:32:10
mimic_transfer,pfm_ft_s2,future_activity_set,10,10,1,0.7968834638595581,2026-09-14T21:31:19
mimic_transfer,pfm_ft_s2,future_activity_set,10,10,2,0.8024168014526367,2026-09-14T21:34:37
mimic_transfer,pfm_ft_s2,future_activity_set,100,100,0,0.7495690584182739,2026-09-14T21:32:10
mimic_transfer,pfm_ft_s2,future_activity_set,100,100,1,0.8179221749305725,2026-09-14T21:31:19
mimic_transfer,pfm_ft_s2,future_activity_set,100,100,2,0.7501234412193298,2026-09-14T21:34:37
mimic_transfer,pfm_ft_s2,future_activity_set,1000,1000,0,0.8239138126373291,2026-09-14T21:32:10
mimic_transfer,pfm_ft_s2,future_activity_set,1000,1000,1,0.8231528401374817,2026-09-14T21:31:19
mimic_transfer,pfm_ft_s2,future_activity_set,1000,1000,2,0.8261518478393555,2026-09-14T21:34:37
mimic_transfer,pfm_ft_s2,future_activity_set,30,30,0,0.8159914612770081,2026-09-14T21:32:10
mimic_transfer,pfm_ft_s2,future_activity_set,30,30,1,0.7950095534324646,2026-09-14T21:31:19
mimic_transfer,pfm_ft_s2,future_activity_set,30,30,2,0.7917733192443848,2026-09-14T21:34:37
mimic_transfer,pfm_ft_s2,future_activity_set,300,300,0,0.8198206424713135,2026-09-14T21:32:10
mimic_transfer,pfm_ft_s2,future_activity_set,300,300,1,0.8203576803207397,2026-09-14T21:31:19
mimic_transfer,pfm_ft_s2,future_activity_set,300,300,2,0.8208544254302979,2026-09-14T21:34:37
mimic_transfer,pfm_ft_s2,future_activity_set,5000,3500,0,0.8273078203201294,2026-09-14T21:32:10
mimic_transfer,pfm_ft_s2,future_activity_set,5000,3500,1,0.8267825841903687,2026-09-14T21:31:19
mimic_transfer,pfm_ft_s2,future_activity_set,5000,3500,2,0.8277428150177002,2026-09-14T21:34:37
mimic_transfer,pfm_ft_s2,future_activity_set,all,3500,0,0.8273078203201294,2026-09-14T21:32:10
mimic_transfer,pfm_ft_s2,future_activity_set,all,3500,1,0.8267825841903687,2026-09-14T21:31:19
mimic_transfer,pfm_ft_s2,future_activity_set,all,3500,2,0.8277428150177002,2026-09-14T21:34:37
mimic_transfer,pfm_ft_s2,next_3_activities,0,0,0,0.008249158039689064,2026-09-14T21:32:10
mimic_transfer,pfm_ft_s2,next_3_activities,0,0,1,0.007070707157254219,2026-09-14T21:31:19
mimic_transfer,pfm_ft_s2,next_3_activities,0,0,2,0.007239057216793299,2026-09-14T21:34:37
mimic_transfer,pfm_ft_s2,next_3_activities,10,10,0,0.5264309644699097,2026-09-14T21:32:10
mimic_transfer,pfm_ft_s2,next_3_activities,10,10,1,0.48013466596603394,2026-09-14T21:31:19
mimic_transfer,pfm_ft_s2,next_3_activities,10,10,2,0.5382155179977417,2026-09-14T21:34:37
mimic_transfer,pfm_ft_s2,next_3_activities,100,100,0,0.5644780993461609,2026-09-14T21:32:10
mimic_transfer,pfm_ft_s2,next_3_activities,100,100,1,0.5526936054229736,2026-09-14T21:31:19
mimic_transfer,pfm_ft_s2,next_3_activities,100,100,2,0.558922529220581,2026-09-14T21:34:37
mimic_transfer,pfm_ft_s2,next_3_activities,1000,1000,0,0.5962963104248047,2026-09-14T21:32:10
mimic_transfer,pfm_ft_s2,next_3_activities,1000,1000,1,0.5996633172035217,2026-09-14T21:31:19
mimic_transfer,pfm_ft_s2,next_3_activities,1000,1000,2,0.59494948387146,2026-09-14T21:34:37
mimic_transfer,pfm_ft_s2,next_3_activities,30,30,0,0.5545454621315002,2026-09-14T21:32:10
mimic_transfer,pfm_ft_s2,next_3_activities,30,30,1,0.5367003083229065,2026-09-14T21:31:19
mimic_transfer,pfm_ft_s2,next_3_activities,30,30,2,0.5471380352973938,2026-09-14T21:34:37
mimic_transfer,pfm_ft_s2,next_3_activities,300,300,0,0.5868687033653259,2026-09-14T21:32:10
mimic_transfer,pfm_ft_s2,next_3_activities,300,300,1,0.5816498398780823,2026-09-14T21:31:19
mimic_transfer,pfm_ft_s2,next_3_activities,300,300,2,0.5801346898078918,2026-09-14T21:34:37
mimic_transfer,pfm_ft_s2,next_3_activities,5000,3500,0,0.5996633172035217,2026-09-14T21:32:10
mimic_transfer,pfm_ft_s2,next_3_activities,5000,3500,1,0.6001683473587036,2026-09-14T21:31:19
mimic_transfer,pfm_ft_s2,next_3_activities,5000,3500,2,0.598316490650177,2026-09-14T21:34:37
mimic_transfer,pfm_ft_s2,next_3_activities,all,3500,0,0.5996633172035217,2026-09-14T21:32:10
mimic_transfer,pfm_ft_s2,next_3_activities,all,3500,1,0.6001683473587036,2026-09-14T21:31:19
mimic_transfer,pfm_ft_s2,next_3_activities,all,3500,2,0.598316490650177,2026-09-14T21:34:37
mimic_transfer,pfm_ft_s2,next_5_activities,0,0,0,0.016533805057406425,2026-09-14T21:32:10
mimic_transfer,pfm_ft_s2,next_5_activities,0,0,1,0.007233540061861277,2026-09-14T21:31:19
mimic_transfer,pfm_ft_s2,next_5_activities,0,0,2,0.01003838237375021,2026-09-14T21:34:37
mimic_transfer,pfm_ft_s2,next_5_activities,10,10,0,0.5240625739097595,2026-09-14T21:32:10
mimic_transfer,pfm_ft_s2,next_5_activities,10,10,1,0.48715677857398987,2026-09-14T21:31:19
mimic_transfer,pfm_ft_s2,next_5_activities,10,10,2,0.5122527480125427,2026-09-14T21:34:37
mimic_transfer,pfm_ft_s2,next_5_activities,100,100,0,0.5534396171569824,2026-09-14T21:32:10
mimic_transfer,pfm_ft_s2,next_5_activities,100,100,1,0.5448774695396423,2026-09-14T21:31:19
mimic_transfer,pfm_ft_s2,next_5_activities,100,100,2,0.5476822853088379,2026-09-14T21:34:37
mimic_transfer,pfm_ft_s2,next_5_activities,1000,1000,0,0.5820785164833069,2026-09-14T21:32:10
mimic_transfer,pfm_ft_s2,next_5_activities,1000,1000,1,0.57942134141922,2026-09-14T21:31:19
mimic_transfer,pfm_ft_s2,next_5_activities,1000,1000,2,0.578978419303894,2026-09-14T21:34:37
mimic_transfer,pfm_ft_s2,next_5_activities,30,30,0,0.5367581844329834,2026-09-14T21:32:10
mimic_transfer,pfm_ft_s2,next_5_activities,30,30,1,0.5163862109184265,2026-09-14T21:31:19
mimic_transfer,pfm_ft_s2,next_5_activities,30,30,2,0.5395630598068237,2026-09-14T21:34:37
mimic_transfer,pfm_ft_s2,next_5_activities,300,300,0,0.5702686905860901,2026-09-14T21:32:10
mimic_transfer,pfm_ft_s2,next_5_activities,300,300,1,0.5649542212486267,2026-09-14T21:31:19
mimic_transfer,pfm_ft_s2,next_5_activities,300,300,2,0.5662828683853149,2026-09-14T21:34:37
mimic_transfer,pfm_ft_s2,next_5_activities,5000,3500,0,0.5831118822097778,2026-09-14T21:32:10
mimic_transfer,pfm_ft_s2,next_5_activities,5000,3500,1,0.5845881104469299,2026-09-14T21:31:19
mimic_transfer,pfm_ft_s2,next_5_activities,5000,3500,2,0.5838500261306763,2026-09-14T21:34:37
mimic_transfer,pfm_ft_s2,next_5_activities,all,3500,0,0.5831118822097778,2026-09-14T21:32:10
mimic_transfer,pfm_ft_s2,next_5_activities,all,3500,1,0.5845881104469299,2026-09-14T21:31:19
mimic_transfer,pfm_ft_s2,next_5_activities,all,3500,2,0.5838500261306763,2026-09-14T21:34:37
mimic_transfer,pfm_ft_s2,next_activity,0,0,0,0.008058608509600163,2026-09-14T21:32:10
mimic_transfer,pfm_ft_s2,next_activity,0,0,1,0.01135531160980463,2026-09-14T21:31:19
mimic_transfer,pfm_ft_s2,next_activity,0,0,2,0.0029304029885679483,2026-09-14T21:34:37
mimic_transfer,pfm_ft_s2,next_activity,10,10,0,0.5157509446144104,2026-09-14T21:32:10
mimic_transfer,pfm_ft_s2,next_activity,10,10,1,0.5406593680381775,2026-09-14T21:31:19
mimic_transfer,pfm_ft_s2,next_activity,10,10,2,0.5175824165344238,2026-09-14T21:34:37
mimic_transfer,pfm_ft_s2,next_activity,100,100,0,0.5780220031738281,2026-09-14T21:32:10
mimic_transfer,pfm_ft_s2,next_activity,100,100,1,0.5747252702713013,2026-09-14T21:31:19
mimic_transfer,pfm_ft_s2,next_activity,100,100,2,0.5750916004180908,2026-09-14T21:34:37
mimic_transfer,pfm_ft_s2,next_activity,1000,1000,0,0.6175824403762817,2026-09-14T21:32:10
mimic_transfer,pfm_ft_s2,next_activity,1000,1000,1,0.6124542355537415,2026-09-14T21:31:19
mimic_transfer,pfm_ft_s2,next_activity,1000,1000,2,0.6109890341758728,2026-09-14T21:34:37
mimic_transfer,pfm_ft_s2,next_activity,30,30,0,0.5721611976623535,2026-09-14T21:32:10
mimic_transfer,pfm_ft_s2,next_activity,30,30,1,0.5322344303131104,2026-09-14T21:31:19
mimic_transfer,pfm_ft_s2,next_activity,30,30,2,0.5498168468475342,2026-09-14T21:34:37
mimic_transfer,pfm_ft_s2,next_activity,300,300,0,0.5930402874946594,2026-09-14T21:32:10
mimic_transfer,pfm_ft_s2,next_activity,300,300,1,0.5948718190193176,2026-09-14T21:31:19
mimic_transfer,pfm_ft_s2,next_activity,300,300,2,0.6000000238418579,2026-09-14T21:34:37
mimic_transfer,pfm_ft_s2,next_activity,5000,3500,0,0.6106227040290833,2026-09-14T21:32:10
mimic_transfer,pfm_ft_s2,next_activity,5000,3500,1,0.6179487109184265,2026-09-14T21:31:19
mimic_transfer,pfm_ft_s2,next_activity,5000,3500,2,0.6208791136741638,2026-09-14T21:34:37
mimic_transfer,pfm_ft_s2,next_activity,all,3500,0,0.6106227040290833,2026-09-14T21:32:10
mimic_transfer,pfm_ft_s2,next_activity,all,3500,1,0.6179487109184265,2026-09-14T21:31:19
mimic_transfer,pfm_ft_s2,next_activity,all,3500,2,0.6208791136741638,2026-09-14T21:34:37
mimic_transfer,pfm_ft_s2,next_time,0,0,0,1.3825749158859253,2026-09-14T21:32:10
mimic_transfer,pfm_ft_s2,next_time,0,0,1,1.3825745582580566,2026-09-14T21:31:19
mimic_transfer,pfm_ft_s2,next_time,0,0,2,1.3825761079788208,2026-09-14T21:34:37
mimic_transfer,pfm_ft_s2,next_time,10,10,0,1.2058959007263184,2026-09-14T21:32:10
mimic_transfer,pfm_ft_s2,next_time,10,10,1,1.1893011331558228,2026-09-14T21:31:19
mimic_transfer,pfm_ft_s2,next_time,10,10,2,1.2456226348876953,2026-09-14T21:34:37
mimic_transfer,pfm_ft_s2,next_time,100,100,0,1.068703293800354,2026-09-14T21:32:10
mimic_transfer,pfm_ft_s2,next_time,100,100,1,1.1193701028823853,2026-09-14T21:31:19
mimic_transfer,pfm_ft_s2,next_time,100,100,2,1.101933240890503,2026-09-14T21:34:37
mimic_transfer,pfm_ft_s2,next_time,1000,1000,0,1.0284219980239868,2026-09-14T21:32:10
mimic_transfer,pfm_ft_s2,next_time,1000,1000,1,1.0243958234786987,2026-09-14T21:31:19
mimic_transfer,pfm_ft_s2,next_time,1000,1000,2,1.0171551704406738,2026-09-14T21:34:37
mimic_transfer,pfm_ft_s2,next_time,30,30,0,1.1161906719207764,2026-09-14T21:32:10
mimic_transfer,pfm_ft_s2,next_time,30,30,1,1.1770082712173462,2026-09-14T21:31:19
mimic_transfer,pfm_ft_s2,next_time,30,30,2,1.1810190677642822,2026-09-14T21:34:37
mimic_transfer,pfm_ft_s2,next_time,300,300,0,1.080482840538025,2026-09-14T21:32:10
mimic_transfer,pfm_ft_s2,next_time,300,300,1,1.0607948303222656,2026-09-14T21:31:19
mimic_transfer,pfm_ft_s2,next_time,300,300,2,1.0421727895736694,2026-09-14T21:34:37
mimic_transfer,pfm_ft_s2,next_time,5000,3500,0,1.0181946754455566,2026-09-14T21:32:10
mimic_transfer,pfm_ft_s2,next_time,5000,3500,1,1.0203150510787964,2026-09-14T21:31:19
mimic_transfer,pfm_ft_s2,next_time,5000,3500,2,1.0192766189575195,2026-09-14T21:34:37
mimic_transfer,pfm_ft_s2,next_time,all,3500,0,1.0181946754455566,2026-09-14T21:32:10
mimic_transfer,pfm_ft_s2,next_time,all,3500,1,1.0203150510787964,2026-09-14T21:31:19
mimic_transfer,pfm_ft_s2,next_time,all,3500,2,1.0192766189575195,2026-09-14T21:34:37
mimic_transfer,pfm_ft_s2,remaining_count,0,0,0,1.971519112586975,2026-09-14T21:32:10
mimic_transfer,pfm_ft_s2,remaining_count,0,0,1,1.9938095808029175,2026-09-14T21:31:19
mimic_transfer,pfm_ft_s2,remaining_count,0,0,2,2.104480028152466,2026-09-14T21:34:37
mimic_transfer,pfm_ft_s2,remaining_count,10,10,0,0.6440437436103821,2026-09-14T21:32:10
mimic_transfer,pfm_ft_s2,remaining_count,10,10,1,0.6395509243011475,2026-09-14T21:31:19
mimic_transfer,pfm_ft_s2,remaining_count,10,10,2,0.6299275755882263,2026-09-14T21:34:37
mimic_transfer,pfm_ft_s2,remaining_count,100,100,0,0.5575035810470581,2026-09-14T21:32:10
mimic_transfer,pfm_ft_s2,remaining_count,100,100,1,0.5885855555534363,2026-09-14T21:31:19
mimic_transfer,pfm_ft_s2,remaining_count,100,100,2,0.5351456999778748,2026-09-14T21:34:37
mimic_transfer,pfm_ft_s2,remaining_count,1000,1000,0,0.484587162733078,2026-09-14T21:32:10
mimic_transfer,pfm_ft_s2,remaining_count,1000,1000,1,0.502555251121521,2026-09-14T21:31:19
mimic_transfer,pfm_ft_s2,remaining_count,1000,1000,2,0.5564578175544739,2026-09-14T21:34:37
mimic_transfer,pfm_ft_s2,remaining_count,30,30,0,0.595814049243927,2026-09-14T21:32:10
mimic_transfer,pfm_ft_s2,remaining_count,30,30,1,0.6396455764770508,2026-09-14T21:31:19
mimic_transfer,pfm_ft_s2,remaining_count,30,30,2,0.59751957654953,2026-09-14T21:34:37
mimic_transfer,pfm_ft_s2,remaining_count,300,300,0,0.49156510829925537,2026-09-14T21:32:10
mimic_transfer,pfm_ft_s2,remaining_count,300,300,1,0.5160325765609741,2026-09-14T21:31:19
mimic_transfer,pfm_ft_s2,remaining_count,300,300,2,0.503548800945282,2026-09-14T21:34:37
mimic_transfer,pfm_ft_s2,remaining_count,5000,3500,0,0.4688268303871155,2026-09-14T21:32:10
mimic_transfer,pfm_ft_s2,remaining_count,5000,3500,1,0.48681122064590454,2026-09-14T21:31:19
mimic_transfer,pfm_ft_s2,remaining_count,5000,3500,2,0.49490538239479065,2026-09-14T21:34:37
mimic_transfer,pfm_ft_s2,remaining_count,all,3500,0,0.4688268303871155,2026-09-14T21:32:10
mimic_transfer,pfm_ft_s2,remaining_count,all,3500,1,0.48681122064590454,2026-09-14T21:31:19
mimic_transfer,pfm_ft_s2,remaining_count,all,3500,2,0.49490538239479065,2026-09-14T21:34:37
mimic_transfer,pfm_ft_s2,remaining_time,0,0,0,3.308612823486328,2026-09-14T21:32:10
mimic_transfer,pfm_ft_s2,remaining_time,0,0,1,3.3086133003234863,2026-09-14T21:31:19
mimic_transfer,pfm_ft_s2,remaining_time,0,0,2,3.3086140155792236,2026-09-14T21:34:37
mimic_transfer,pfm_ft_s2,remaining_time,10,10,0,2.7433102130889893,2026-09-14T21:32:10
mimic_transfer,pfm_ft_s2,remaining_time,10,10,1,2.712559461593628,2026-09-14T21:31:19
mimic_transfer,pfm_ft_s2,remaining_time,10,10,2,2.734419345855713,2026-09-14T21:34:37
mimic_transfer,pfm_ft_s2,remaining_time,100,100,0,2.407231092453003,2026-09-14T21:32:10
mimic_transfer,pfm_ft_s2,remaining_time,100,100,1,2.390963077545166,2026-09-14T21:31:19
mimic_transfer,pfm_ft_s2,remaining_time,100,100,2,2.4204533100128174,2026-09-14T21:34:37
mimic_transfer,pfm_ft_s2,remaining_time,1000,1000,0,2.337435483932495,2026-09-14T21:32:10
mimic_transfer,pfm_ft_s2,remaining_time,1000,1000,1,2.3405041694641113,2026-09-14T21:31:19
mimic_transfer,pfm_ft_s2,remaining_time,1000,1000,2,2.3869495391845703,2026-09-14T21:34:37
mimic_transfer,pfm_ft_s2,remaining_time,30,30,0,2.5926928520202637,2026-09-14T21:32:10
mimic_transfer,pfm_ft_s2,remaining_time,30,30,1,2.781947612762451,2026-09-14T21:31:19
mimic_transfer,pfm_ft_s2,remaining_time,30,30,2,2.694823980331421,2026-09-14T21:34:37
mimic_transfer,pfm_ft_s2,remaining_time,300,300,0,2.3834383487701416,2026-09-14T21:32:10
mimic_transfer,pfm_ft_s2,remaining_time,300,300,1,2.3626961708068848,2026-09-14T21:31:19
mimic_transfer,pfm_ft_s2,remaining_time,300,300,2,2.36995530128479,2026-09-14T21:34:37
mimic_transfer,pfm_ft_s2,remaining_time,5000,3500,0,2.3090338706970215,2026-09-14T21:32:10
mimic_transfer,pfm_ft_s2,remaining_time,5000,3500,1,2.3275933265686035,2026-09-14T21:31:19
mimic_transfer,pfm_ft_s2,remaining_time,5000,3500,2,2.308568000793457,2026-09-14T21:34:37
mimic_transfer,pfm_ft_s2,remaining_time,all,3500,0,2.3090338706970215,2026-09-14T21:32:10
mimic_transfer,pfm_ft_s2,remaining_time,all,3500,1,2.3275933265686035,2026-09-14T21:31:19
mimic_transfer,pfm_ft_s2,remaining_time,all,3500,2,2.308568000793457,2026-09-14T21:34:37
mimic_transfer,pfm_rft,future_activity_set,0,0,0,0.05381425842642784,2026-09-07T21:36:09
mimic_transfer,pfm_rft,future_activity_set,0,0,1,0.0942077785730362,2026-09-07T21:36:48
mimic_transfer,pfm_rft,future_activity_set,0,0,2,0.07876240462064743,2026-09-07T21:38:52
mimic_transfer,pfm_rft,future_activity_set,10,10,0,0.7273647785186768,2026-09-07T21:36:09
mimic_transfer,pfm_rft,future_activity_set,10,10,1,0.7927066683769226,2026-09-07T21:36:48
mimic_transfer,pfm_rft,future_activity_set,10,10,2,0.728858232498169,2026-09-07T21:38:52
mimic_transfer,pfm_rft,future_activity_set,100,100,0,0.7242472171783447,2026-09-07T21:36:09
mimic_transfer,pfm_rft,future_activity_set,100,100,1,0.7411696314811707,2026-09-07T21:36:48
mimic_transfer,pfm_rft,future_activity_set,100,100,2,0.7948718070983887,2026-09-07T21:38:52
mimic_transfer,pfm_rft,future_activity_set,1000,1000,0,0.8215110898017883,2026-09-07T21:36:09
mimic_transfer,pfm_rft,future_activity_set,1000,1000,1,0.8216254711151123,2026-09-07T21:36:48
mimic_transfer,pfm_rft,future_activity_set,1000,1000,2,0.8216571807861328,2026-09-07T21:38:52
mimic_transfer,pfm_rft,future_activity_set,30,30,0,0.724537193775177,2026-09-07T21:36:09
mimic_transfer,pfm_rft,future_activity_set,30,30,1,0.7177108526229858,2026-09-07T21:36:48
mimic_transfer,pfm_rft,future_activity_set,30,30,2,0.7595332264900208,2026-09-07T21:38:52
mimic_transfer,pfm_rft,future_activity_set,300,300,0,0.8192235827445984,2026-09-07T21:36:09
mimic_transfer,pfm_rft,future_activity_set,300,300,1,0.8192341923713684,2026-09-07T21:36:48
mimic_transfer,pfm_rft,future_activity_set,300,300,2,0.8198879361152649,2026-09-07T21:38:52
mimic_transfer,pfm_rft,future_activity_set,5000,3500,0,0.8219226598739624,2026-09-07T21:36:09
mimic_transfer,pfm_rft,future_activity_set,5000,3500,1,0.8216407895088196,2026-09-07T21:36:48
mimic_transfer,pfm_rft,future_activity_set,5000,3500,2,0.8216916918754578,2026-09-07T21:38:52
mimic_transfer,pfm_rft,future_activity_set,all,3500,0,0.8219226598739624,2026-09-07T21:36:09
mimic_transfer,pfm_rft,future_activity_set,all,3500,1,0.8216407895088196,2026-09-07T21:36:48
mimic_transfer,pfm_rft,future_activity_set,all,3500,2,0.8216916918754578,2026-09-07T21:38:52
mimic_transfer,pfm_rft,next_3_activities,0,0,0,0.017171716317534447,2026-09-07T21:36:09
mimic_transfer,pfm_rft,next_3_activities,0,0,1,0.006734006572514772,2026-09-07T21:36:48
mimic_transfer,pfm_rft,next_3_activities,0,0,2,0.02070707082748413,2026-09-07T21:38:52
mimic_transfer,pfm_rft,next_3_activities,10,10,0,0.5188552141189575,2026-09-07T21:36:09
mimic_transfer,pfm_rft,next_3_activities,10,10,1,0.4617845118045807,2026-09-07T21:36:48
mimic_transfer,pfm_rft,next_3_activities,10,10,2,0.5372053980827332,2026-09-07T21:38:52
mimic_transfer,pfm_rft,next_3_activities,100,100,0,0.5599326491355896,2026-09-07T21:36:09
mimic_transfer,pfm_rft,next_3_activities,100,100,1,0.5530303120613098,2026-09-07T21:36:48
mimic_transfer,pfm_rft,next_3_activities,100,100,2,0.5594276189804077,2026-09-07T21:38:52
mimic_transfer,pfm_rft,next_3_activities,1000,1000,0,0.5885521769523621,2026-09-07T21:36:09
mimic_transfer,pfm_rft,next_3_activities,1000,1000,1,0.5915824770927429,2026-09-07T21:36:48
mimic_transfer,pfm_rft,next_3_activities,1000,1000,2,0.5909090638160706,2026-09-07T21:38:52
mimic_transfer,pfm_rft,next_3_activities,30,30,0,0.5412458181381226,2026-09-07T21:36:09
mimic_transfer,pfm_rft,next_3_activities,30,30,1,0.5208753943443298,2026-09-07T21:36:48
mimic_transfer,pfm_rft,next_3_activities,30,30,2,0.5484848618507385,2026-09-07T21:38:52
mimic_transfer,pfm_rft,next_3_activities,300,300,0,0.5811448097229004,2026-09-07T21:36:09
mimic_transfer,pfm_rft,next_3_activities,300,300,1,0.5760942697525024,2026-09-07T21:36:48
mimic_transfer,pfm_rft,next_3_activities,300,300,2,0.5796296000480652,2026-09-07T21:38:52
mimic_transfer,pfm_rft,next_3_activities,5000,3500,0,0.5971380472183228,2026-09-07T21:36:09
mimic_transfer,pfm_rft,next_3_activities,5000,3500,1,0.5934343338012695,2026-09-07T21:36:48
mimic_transfer,pfm_rft,next_3_activities,5000,3500,2,0.5996633172035217,2026-09-07T21:38:52
mimic_transfer,pfm_rft,next_3_activities,all,3500,0,0.5971380472183228,2026-09-07T21:36:09
mimic_transfer,pfm_rft,next_3_activities,all,3500,1,0.5934343338012695,2026-09-07T21:36:48
mimic_transfer,pfm_rft,next_3_activities,all,3500,2,0.5996633172035217,2026-09-07T21:38:52
mimic_transfer,pfm_rft,next_5_activities,0,0,0,0.01948627084493637,2026-09-07T21:36:09
mimic_transfer,pfm_rft,next_5_activities,0,0,1,0.00989075843244791,2026-09-07T21:36:48
mimic_transfer,pfm_rft,next_5_activities,0,0,2,0.016386182978749275,2026-09-07T21:38:52
mimic_transfer,pfm_rft,next_5_activities,10,10,0,0.5197815299034119,2026-09-07T21:36:09
mimic_transfer,pfm_rft,next_5_activities,10,10,1,0.44227930903434753,2026-09-07T21:36:48
mimic_transfer,pfm_rft,next_5_activities,10,10,2,0.528343677520752,2026-09-07T21:38:52
mimic_transfer,pfm_rft,next_5_activities,100,100,0,0.5454679727554321,2026-09-07T21:36:09
mimic_transfer,pfm_rft,next_5_activities,100,100,1,0.5386772751808167,2026-09-07T21:36:48
mimic_transfer,pfm_rft,next_5_activities,100,100,2,0.5448774695396423,2026-09-07T21:38:52
mimic_transfer,pfm_rft,next_5_activities,1000,1000,0,0.573959231376648,2026-09-07T21:36:09
mimic_transfer,pfm_rft,next_5_activities,1000,1000,1,0.5751402378082275,2026-09-07T21:36:48
mimic_transfer,pfm_rft,next_5_activities,1000,1000,2,0.578387975692749,2026-09-07T21:38:52
mimic_transfer,pfm_rft,next_5_activities,30,30,0,0.5169766545295715,2026-09-07T21:36:09
mimic_transfer,pfm_rft,next_5_activities,30,30,1,0.5029524564743042,2026-09-07T21:36:48
mimic_transfer,pfm_rft,next_5_activities,30,30,2,0.5358724594116211,2026-09-07T21:38:52
mimic_transfer,pfm_rft,next_5_activities,300,300,0,0.5676114559173584,2026-09-07T21:36:09
mimic_transfer,pfm_rft,next_5_activities,300,300,1,0.5662828683853149,2026-09-07T21:36:48
mimic_transfer,pfm_rft,next_5_activities,300,300,2,0.5674638152122498,2026-09-07T21:38:52
mimic_transfer,pfm_rft,next_5_activities,5000,3500,0,0.5832595229148865,2026-09-07T21:36:09
mimic_transfer,pfm_rft,next_5_activities,5000,3500,1,0.5766164660453796,2026-09-07T21:36:48
mimic_transfer,pfm_rft,next_5_activities,5000,3500,2,0.5792737007141113,2026-09-07T21:38:52
mimic_transfer,pfm_rft,next_5_activities,all,3500,0,0.5832595229148865,2026-09-07T21:36:09
mimic_transfer,pfm_rft,next_5_activities,all,3500,1,0.5766164660453796,2026-09-07T21:36:48
mimic_transfer,pfm_rft,next_5_activities,all,3500,2,0.5792737007141113,2026-09-07T21:38:52
mimic_transfer,pfm_rft,next_activity,0,0,0,0.0051282052882015705,2026-09-07T21:36:09
mimic_transfer,pfm_rft,next_activity,0,0,1,0.010256410576403141,2026-09-07T21:36:48
mimic_transfer,pfm_rft,next_activity,0,0,2,0.04505494609475136,2026-09-07T21:38:52
mimic_transfer,pfm_rft,next_activity,10,10,0,0.5205128192901611,2026-09-07T21:36:09
mimic_transfer,pfm_rft,next_activity,10,10,1,0.4772893786430359,2026-09-07T21:36:48
mimic_transfer,pfm_rft,next_activity,10,10,2,0.5355311632156372,2026-09-07T21:38:52
mimic_transfer,pfm_rft,next_activity,100,100,0,0.5802198052406311,2026-09-07T21:36:09
mimic_transfer,pfm_rft,next_activity,100,100,1,0.5472527742385864,2026-09-07T21:36:48
mimic_transfer,pfm_rft,next_activity,100,100,2,0.5765568017959595,2026-09-07T21:38:52
mimic_transfer,pfm_rft,next_activity,1000,1000,0,0.6000000238418579,2026-09-07T21:36:09
mimic_transfer,pfm_rft,next_activity,1000,1000,1,0.6029304265975952,2026-09-07T21:36:48
mimic_transfer,pfm_rft,next_activity,1000,1000,2,0.6106227040290833,2026-09-07T21:38:52
mimic_transfer,pfm_rft,next_activity,30,30,0,0.5765568017959595,2026-09-07T21:36:09
mimic_transfer,pfm_rft,next_activity,30,30,1,0.5223443508148193,2026-09-07T21:36:48
mimic_transfer,pfm_rft,next_activity,30,30,2,0.5523809790611267,2026-09-07T21:38:52
mimic_transfer,pfm_rft,next_activity,300,300,0,0.5948718190193176,2026-09-07T21:36:09
mimic_transfer,pfm_rft,next_activity,300,300,1,0.589011013507843,2026-09-07T21:36:48
mimic_transfer,pfm_rft,next_activity,300,300,2,0.6014652252197266,2026-09-07T21:38:52
mimic_transfer,pfm_rft,next_activity,5000,3500,0,0.6021978259086609,2026-09-07T21:36:09
mimic_transfer,pfm_rft,next_activity,5000,3500,1,0.6131868362426758,2026-09-07T21:36:48
mimic_transfer,pfm_rft,next_activity,5000,3500,2,0.605494499206543,2026-09-07T21:38:52
mimic_transfer,pfm_rft,next_activity,all,3500,0,0.6021978259086609,2026-09-07T21:36:09
mimic_transfer,pfm_rft,next_activity,all,3500,1,0.6131868362426758,2026-09-07T21:36:48
mimic_transfer,pfm_rft,next_activity,all,3500,2,0.605494499206543,2026-09-07T21:38:52
mimic_transfer,pfm_rft,next_time,0,0,0,1.3825759887695312,2026-09-07T21:36:09
mimic_transfer,pfm_rft,next_time,0,0,1,1.382575511932373,2026-09-07T21:36:48
mimic_transfer,pfm_rft,next_time,0,0,2,1.3825762271881104,2026-09-07T21:38:52
mimic_transfer,pfm_rft,next_time,10,10,0,1.2259973287582397,2026-09-07T21:36:09
mimic_transfer,pfm_rft,next_time,10,10,1,1.340219497680664,2026-09-07T21:36:48
mimic_transfer,pfm_rft,next_time,10,10,2,1.2823326587677002,2026-09-07T21:38:52
mimic_transfer,pfm_rft,next_time,100,100,0,1.1120911836624146,2026-09-07T21:36:09
mimic_transfer,pfm_rft,next_time,100,100,1,1.2511988878250122,2026-09-07T21:36:48
mimic_transfer,pfm_rft,next_time,100,100,2,1.2979555130004883,2026-09-07T21:38:52
mimic_transfer,pfm_rft,next_time,1000,1000,0,1.0303010940551758,2026-09-07T21:36:09
mimic_transfer,pfm_rft,next_time,1000,1000,1,1.0596340894699097,2026-09-07T21:36:48
mimic_transfer,pfm_rft,next_time,1000,1000,2,1.0624021291732788,2026-09-07T21:38:52
mimic_transfer,pfm_rft,next_time,30,30,0,1.2072913646697998,2026-09-07T21:36:09
mimic_transfer,pfm_rft,next_time,30,30,1,1.3563909530639648,2026-09-07T21:36:48
mimic_transfer,pfm_rft,next_time,30,30,2,1.3094122409820557,2026-09-07T21:38:52
mimic_transfer,pfm_rft,next_time,300,300,0,1.1118042469024658,2026-09-07T21:36:09
mimic_transfer,pfm_rft,next_time,300,300,1,1.1042951345443726,2026-09-07T21:36:48
mimic_transfer,pfm_rft,next_time,300,300,2,1.0860329866409302,2026-09-07T21:38:52
mimic_transfer,pfm_rft,next_time,5000,3500,0,1.0327088832855225,2026-09-07T21:36:09
mimic_transfer,pfm_rft,next_time,5000,3500,1,1.0281651020050049,2026-09-07T21:36:48
mimic_transfer,pfm_rft,next_time,5000,3500,2,1.025177240371704,2026-09-07T21:38:52
mimic_transfer,pfm_rft,next_time,all,3500,0,1.0327088832855225,2026-09-07T21:36:09
mimic_transfer,pfm_rft,next_time,all,3500,1,1.0281651020050049,2026-09-07T21:36:48
mimic_transfer,pfm_rft,next_time,all,3500,2,1.025177240371704,2026-09-07T21:38:52
mimic_transfer,pfm_rft,remaining_count,0,0,0,2.0583863258361816,2026-09-07T21:36:09
mimic_transfer,pfm_rft,remaining_count,0,0,1,2.044713258743286,2026-09-07T21:36:48
mimic_transfer,pfm_rft,remaining_count,0,0,2,2.277834177017212,2026-09-07T21:38:52
mimic_transfer,pfm_rft,remaining_count,10,10,0,0.638204038143158,2026-09-07T21:36:09
mimic_transfer,pfm_rft,remaining_count,10,10,1,0.642132580280304,2026-09-07T21:36:48
mimic_transfer,pfm_rft,remaining_count,10,10,2,0.6490086317062378,2026-09-07T21:38:52
mimic_transfer,pfm_rft,remaining_count,100,100,0,0.5658169984817505,2026-09-07T21:36:09
mimic_transfer,pfm_rft,remaining_count,100,100,1,0.5744709372520447,2026-09-07T21:36:48
mimic_transfer,pfm_rft,remaining_count,100,100,2,0.5627383589744568,2026-09-07T21:38:52
mimic_transfer,pfm_rft,remaining_count,1000,1000,0,0.5310210585594177,2026-09-07T21:36:09
mimic_transfer,pfm_rft,remaining_count,1000,1000,1,0.5804097056388855,2026-09-07T21:36:48
mimic_transfer,pfm_rft,remaining_count,1000,1000,2,0.517852246761322,2026-09-07T21:38:52
mimic_transfer,pfm_rft,remaining_count,30,30,0,0.6028429865837097,2026-09-07T21:36:09
mimic_transfer,pfm_rft,remaining_count,30,30,1,0.696454644203186,2026-09-07T21:36:48
mimic_transfer,pfm_rft,remaining_count,30,30,2,0.6127038598060608,2026-09-07T21:38:52
mimic_transfer,pfm_rft,remaining_count,300,300,0,0.5204870104789734,2026-09-07T21:36:09
mimic_transfer,pfm_rft,remaining_count,300,300,1,0.5975980758666992,2026-09-07T21:36:48
mimic_transfer,pfm_rft,remaining_count,300,300,2,0.5363588929176331,2026-09-07T21:38:52
mimic_transfer,pfm_rft,remaining_count,5000,3500,0,0.47755131125450134,2026-09-07T21:36:09
mimic_transfer,pfm_rft,remaining_count,5000,3500,1,0.4861210882663727,2026-09-07T21:36:48
mimic_transfer,pfm_rft,remaining_count,5000,3500,2,0.4823792576789856,2026-09-07T21:38:52
mimic_transfer,pfm_rft,remaining_count,all,3500,0,0.47755131125450134,2026-09-07T21:36:09
mimic_transfer,pfm_rft,remaining_count,all,3500,1,0.4861210882663727,2026-09-07T21:36:48
mimic_transfer,pfm_rft,remaining_count,all,3500,2,0.4823792576789856,2026-09-07T21:38:52
mimic_transfer,pfm_rft,remaining_time,0,0,0,3.3086137771606445,2026-09-07T21:36:09
mimic_transfer,pfm_rft,remaining_time,0,0,1,3.3086140155792236,2026-09-07T21:36:48
mimic_transfer,pfm_rft,remaining_time,0,0,2,3.3086140155792236,2026-09-07T21:38:52
mimic_transfer,pfm_rft,remaining_time,10,10,0,2.813678503036499,2026-09-07T21:36:09
mimic_transfer,pfm_rft,remaining_time,10,10,1,3.001610517501831,2026-09-07T21:36:48
mimic_transfer,pfm_rft,remaining_time,10,10,2,2.9646220207214355,2026-09-07T21:38:52
mimic_transfer,pfm_rft,remaining_time,100,100,0,3.084290027618408,2026-09-07T21:36:09
mimic_transfer,pfm_rft,remaining_time,100,100,1,3.128126382827759,2026-09-07T21:36:48
mimic_transfer,pfm_rft,remaining_time,100,100,2,2.7926101684570312,2026-09-07T21:38:52
mimic_transfer,pfm_rft,remaining_time,1000,1000,0,2.371697187423706,2026-09-07T21:36:09
mimic_transfer,pfm_rft,remaining_time,1000,1000,1,2.401366710662842,2026-09-07T21:36:48
mimic_transfer,pfm_rft,remaining_time,1000,1000,2,2.4666616916656494,2026-09-07T21:38:52
mimic_transfer,pfm_rft,remaining_time,30,30,0,2.956190586090088,2026-09-07T21:36:09
mimic_transfer,pfm_rft,remaining_time,30,30,1,3.145218849182129,2026-09-07T21:36:48
mimic_transfer,pfm_rft,remaining_time,30,30,2,2.904226779937744,2026-09-07T21:38:52
mimic_transfer,pfm_rft,remaining_time,300,300,0,2.4473633766174316,2026-09-07T21:36:09
mimic_transfer,pfm_rft,remaining_time,300,300,1,2.464426279067993,2026-09-07T21:36:48
mimic_transfer,pfm_rft,remaining_time,300,300,2,2.427884340286255,2026-09-07T21:38:52
mimic_transfer,pfm_rft,remaining_time,5000,3500,0,2.3842172622680664,2026-09-07T21:36:09
mimic_transfer,pfm_rft,remaining_time,5000,3500,1,2.4234561920166016,2026-09-07T21:36:48
mimic_transfer,pfm_rft,remaining_time,5000,3500,2,2.3883626461029053,2026-09-07T21:38:52
mimic_transfer,pfm_rft,remaining_time,all,3500,0,2.3842172622680664,2026-09-07T21:36:09
mimic_transfer,pfm_rft,remaining_time,all,3500,1,2.4234561920166016,2026-09-07T21:36:48
mimic_transfer,pfm_rft,remaining_time,all,3500,2,2.3883626461029053,2026-09-07T21:38:52
mimic_transfer,pfm_s2,future_activity_set,0,0,0,0.10650718957185745,2026-09-14T21:31:21
mimic_transfer,pfm_s2,future_activity_set,0,0,1,0.05635421350598335,2026-09-14T21:30:19
mimic_transfer,pfm_s2,future_activity_set,0,0,2,0.05140240490436554,2026-09-14T21:33:55
mimic_transfer,pfm_s2,future_activity_set,10,10,0,0.7020740509033203,2026-09-14T21:31:21
mimic_transfer,pfm_s2,future_activity_set,10,10,1,0.7507374882698059,2026-09-14T21:30:19
mimic_transfer,pfm_s2,future_activity_set,10,10,2,0.7716275453567505,2026-09-14T21:33:55
mimic_transfer,pfm_s2,future_activity_set,100,100,0,0.7524067759513855,2026-09-14T21:31:21
mimic_transfer,pfm_s2,future_activity_set,100,100,1,0.7836267948150635,2026-09-14T21:30:19
mimic_transfer,pfm_s2,future_activity_set,100,100,2,0.7594542503356934,2026-09-14T21:33:55
mimic_transfer,pfm_s2,future_activity_set,1000,1000,0,0.8134502172470093,2026-09-14T21:31:21
mimic_transfer,pfm_s2,future_activity_set,1000,1000,1,0.8082929253578186,2026-09-14T21:30:19
mimic_transfer,pfm_s2,future_activity_set,1000,1000,2,0.8023508191108704,2026-09-14T21:33:55
mimic_transfer,pfm_s2,future_activity_set,30,30,0,0.7286585569381714,2026-09-14T21:31:21
mimic_transfer,pfm_s2,future_activity_set,30,30,1,0.7435729503631592,2026-09-14T21:30:19
mimic_transfer,pfm_s2,future_activity_set,30,30,2,0.7447872161865234,2026-09-14T21:33:55
mimic_transfer,pfm_s2,future_activity_set,300,300,0,0.7917914986610413,2026-09-14T21:31:21
mimic_transfer,pfm_s2,future_activity_set,300,300,1,0.7908278703689575,2026-09-14T21:30:19
mimic_transfer,pfm_s2,future_activity_set,300,300,2,0.7840319871902466,2026-09-14T21:33:55
mimic_transfer,pfm_s2,future_activity_set,5000,3500,0,0.8170144557952881,2026-09-14T21:31:21
mimic_transfer,pfm_s2,future_activity_set,5000,3500,1,0.8173959255218506,2026-09-14T21:30:19
mimic_transfer,pfm_s2,future_activity_set,5000,3500,2,0.8170470595359802,2026-09-14T21:33:55
mimic_transfer,pfm_s2,future_activity_set,all,3500,0,0.8170144557952881,2026-09-14T21:31:21
mimic_transfer,pfm_s2,future_activity_set,all,3500,1,0.8173959255218506,2026-09-14T21:30:19
mimic_transfer,pfm_s2,future_activity_set,all,3500,2,0.8170470595359802,2026-09-14T21:33:55
mimic_transfer,pfm_s2,next_3_activities,0,0,0,0.008249158039689064,2026-09-14T21:31:21
mimic_transfer,pfm_s2,next_3_activities,0,0,1,0.007070707157254219,2026-09-14T21:30:19
mimic_transfer,pfm_s2,next_3_activities,0,0,2,0.007239057216793299,2026-09-14T21:33:55
mimic_transfer,pfm_s2,next_3_activities,10,10,0,0.4898989796638489,2026-09-14T21:31:21
mimic_transfer,pfm_s2,next_3_activities,10,10,1,0.4292929172515869,2026-09-14T21:30:19
mimic_transfer,pfm_s2,next_3_activities,10,10,2,0.5257575511932373,2026-09-14T21:33:55
mimic_transfer,pfm_s2,next_3_activities,100,100,0,0.5441077351570129,2026-09-14T21:31:21
mimic_transfer,pfm_s2,next_3_activities,100,100,1,0.5208753943443298,2026-09-14T21:30:19
mimic_transfer,pfm_s2,next_3_activities,100,100,2,0.5398989915847778,2026-09-14T21:33:55
mimic_transfer,pfm_s2,next_3_activities,1000,1000,0,0.5735689997673035,2026-09-14T21:31:21
mimic_transfer,pfm_s2,next_3_activities,1000,1000,1,0.5754208564758301,2026-09-14T21:30:19
mimic_transfer,pfm_s2,next_3_activities,1000,1000,2,0.5782828330993652,2026-09-14T21:33:55
mimic_transfer,pfm_s2,next_3_activities,30,30,0,0.5255892276763916,2026-09-14T21:31:21
mimic_transfer,pfm_s2,next_3_activities,30,30,1,0.5060606002807617,2026-09-14T21:30:19
mimic_transfer,pfm_s2,next_3_activities,30,30,2,0.5419191718101501,2026-09-14T21:33:55
mimic_transfer,pfm_s2,next_3_activities,300,300,0,0.5617845058441162,2026-09-14T21:31:21
mimic_transfer,pfm_s2,next_3_activities,300,300,1,0.5627946257591248,2026-09-14T21:30:19
mimic_transfer,pfm_s2,next_3_activities,300,300,2,0.5521885752677917,2026-09-14T21:33:55
mimic_transfer,pfm_s2,next_3_activities,5000,3500,0,0.5776094198226929,2026-09-14T21:31:21
mimic_transfer,pfm_s2,next_3_activities,5000,3500,1,0.5769360065460205,2026-09-14T21:30:19
mimic_transfer,pfm_s2,next_3_activities,5000,3500,2,0.5774410963058472,2026-09-14T21:33:55
mimic_transfer,pfm_s2,next_3_activities,all,3500,0,0.5776094198226929,2026-09-14T21:31:21
mimic_transfer,pfm_s2,next_3_activities,all,3500,1,0.5769360065460205,2026-09-14T21:30:19
mimic_transfer,pfm_s2,next_3_activities,all,3500,2,0.5774410963058472,2026-09-14T21:33:55
mimic_transfer,pfm_s2,next_5_activities,0,0,0,0.016533805057406425,2026-09-14T21:31:21
mimic_transfer,pfm_s2,next_5_activities,0,0,1,0.007233540061861277,2026-09-14T21:30:19
mimic_transfer,pfm_s2,next_5_activities,0,0,2,0.01003838237375021,2026-09-14T21:33:55
mimic_transfer,pfm_s2,next_5_activities,10,10,0,0.4803661108016968,2026-09-14T21:31:21
mimic_transfer,pfm_s2,next_5_activities,10,10,1,0.41836434602737427,2026-09-14T21:30:19
mimic_transfer,pfm_s2,next_5_activities,10,10,2,0.51771479845047,2026-09-14T21:33:55
mimic_transfer,pfm_s2,next_5_activities,100,100,0,0.5224387645721436,2026-09-14T21:31:21
mimic_transfer,pfm_s2,next_5_activities,100,100,1,0.5113669633865356,2026-09-14T21:30:19
mimic_transfer,pfm_s2,next_5_activities,100,100,2,0.5196338891983032,2026-09-14T21:33:55
mimic_transfer,pfm_s2,next_5_activities,1000,1000,0,0.5609683990478516,2026-09-14T21:31:21
mimic_transfer,pfm_s2,next_5_activities,1000,1000,1,0.5621494054794312,2026-09-14T21:30:19
mimic_transfer,pfm_s2,next_5_activities,1000,1000,2,0.564216136932373,2026-09-14T21:33:55
mimic_transfer,pfm_s2,next_5_activities,30,30,0,0.510628879070282,2026-09-14T21:31:21
mimic_transfer,pfm_s2,next_5_activities,30,30,1,0.4825804531574249,2026-09-14T21:30:19
mimic_transfer,pfm_s2,next_5_activities,30,30,2,0.5286388993263245,2026-09-14T21:33:55
mimic_transfer,pfm_s2,next_5_activities,300,300,0,0.5466489791870117,2026-09-14T21:31:21
mimic_transfer,pfm_s2,next_5_activities,300,300,1,0.551077663898468,2026-09-14T21:30:19
mimic_transfer,pfm_s2,next_5_activities,300,300,2,0.5391201376914978,2026-09-14T21:33:55
mimic_transfer,pfm_s2,next_5_activities,5000,3500,0,0.5618541240692139,2026-09-14T21:31:21
mimic_transfer,pfm_s2,next_5_activities,5000,3500,1,0.5662828683853149,2026-09-14T21:30:19
mimic_transfer,pfm_s2,next_5_activities,5000,3500,2,0.563330352306366,2026-09-14T21:33:55
mimic_transfer,pfm_s2,next_5_activities,all,3500,0,0.5618541240692139,2026-09-14T21:31:21
mimic_transfer,pfm_s2,next_5_activities,all,3500,1,0.5662828683853149,2026-09-14T21:30:19
mimic_transfer,pfm_s2,next_5_activities,all,3500,2,0.563330352306366,2026-09-14T21:33:55
mimic_transfer,pfm_s2,next_activity,0,0,0,0.008058608509600163,2026-09-14T21:31:21
mimic_transfer,pfm_s2,next_activity,0,0,1,0.01135531160980463,2026-09-14T21:30:19
mimic_transfer,pfm_s2,next_activity,0,0,2,0.0029304029885679483,2026-09-14T21:33:55
mimic_transfer,pfm_s2,next_activity,10,10,0,0.43589743971824646,2026-09-14T21:31:21
mimic_transfer,pfm_s2,next_activity,10,10,1,0.4432234466075897,2026-09-14T21:30:19
mimic_transfer,pfm_s2,next_activity,10,10,2,0.5205128192901611,2026-09-14T21:33:55
mimic_transfer,pfm_s2,next_activity,100,100,0,0.5432234406471252,2026-09-14T21:31:21
mimic_transfer,pfm_s2,next_activity,100,100,1,0.5322344303131104,2026-09-14T21:30:19
mimic_transfer,pfm_s2,next_activity,100,100,2,0.5388278365135193,2026-09-14T21:33:55
mimic_transfer,pfm_s2,next_activity,1000,1000,0,0.5908424854278564,2026-09-14T21:31:21
mimic_transfer,pfm_s2,next_activity,1000,1000,1,0.5897436141967773,2026-09-14T21:30:19
mimic_transfer,pfm_s2,next_activity,1000,1000,2,0.5926740169525146,2026-09-14T21:33:55
mimic_transfer,pfm_s2,next_activity,30,30,0,0.5347985625267029,2026-09-14T21:31:21
mimic_transfer,pfm_s2,next_activity,30,30,1,0.517216145992279,2026-09-14T21:30:19
mimic_transfer,pfm_s2,next_activity,30,30,2,0.5355311632156372,2026-09-14T21:33:55
mimic_transfer,pfm_s2,next_activity,300,300,0,0.567399263381958,2026-09-14T21:31:21
mimic_transfer,pfm_s2,next_activity,300,300,1,0.565201461315155,2026-09-14T21:30:19
mimic_transfer,pfm_s2,next_activity,300,300,2,0.5534798502922058,2026-09-14T21:33:55
mimic_transfer,pfm_s2,next_activity,5000,3500,0,0.593406617641449,2026-09-14T21:31:21
mimic_transfer,pfm_s2,next_activity,5000,3500,1,0.5882784128189087,2026-09-14T21:30:19
mimic_transfer,pfm_s2,next_activity,5000,3500,2,0.5882784128189087,2026-09-14T21:33:55
mimic_transfer,pfm_s2,next_activity,all,3500,0,0.593406617641449,2026-09-14T21:31:21
mimic_transfer,pfm_s2,next_activity,all,3500,1,0.5882784128189087,2026-09-14T21:30:19
mimic_transfer,pfm_s2,next_activity,all,3500,2,0.5882784128189087,2026-09-14T21:33:55
mimic_transfer,pfm_s2,next_time,0,0,0,1.3825749158859253,2026-09-14T21:31:21
mimic_transfer,pfm_s2,next_time,0,0,1,1.3825745582580566,2026-09-14T21:30:19
mimic_transfer,pfm_s2,next_time,0,0,2,1.3825761079788208,2026-09-14T21:33:55
mimic_transfer,pfm_s2,next_time,10,10,0,1.3287835121154785,2026-09-14T21:31:21
mimic_transfer,pfm_s2,next_time,10,10,1,1.3325300216674805,2026-09-14T21:30:19
mimic_transfer,pfm_s2,next_time,10,10,2,1.3443479537963867,2026-09-14T21:33:55
mimic_transfer,pfm_s2,next_time,100,100,0,1.3488539457321167,2026-09-14T21:31:21
mimic_transfer,pfm_s2,next_time,100,100,1,1.314661979675293,2026-09-14T21:30:19
mimic_transfer,pfm_s2,next_time,100,100,2,1.338005781173706,2026-09-14T21:33:55
mimic_transfer,pfm_s2,next_time,1000,1000,0,1.1023403406143188,2026-09-14T21:31:21
mimic_transfer,pfm_s2,next_time,1000,1000,1,1.1355327367782593,2026-09-14T21:30:19
mimic_transfer,pfm_s2,next_time,1000,1000,2,1.1162806749343872,2026-09-14T21:33:55
mimic_transfer,pfm_s2,next_time,30,30,0,1.3599861860275269,2026-09-14T21:31:21
mimic_transfer,pfm_s2,next_time,30,30,1,1.3199565410614014,2026-09-14T21:30:19
mimic_transfer,pfm_s2,next_time,30,30,2,1.3532825708389282,2026-09-14T21:33:55
mimic_transfer,pfm_s2,next_time,300,300,0,1.2636115550994873,2026-09-14T21:31:21
mimic_transfer,pfm_s2,next_time,300,300,1,1.1691001653671265,2026-09-14T21:30:19
mimic_transfer,pfm_s2,next_time,300,300,2,1.2276259660720825,2026-09-14T21:33:55
mimic_transfer,pfm_s2,next_time,5000,3500,0,1.0892314910888672,2026-09-14T21:31:21
mimic_transfer,pfm_s2,next_time,5000,3500,1,1.08101224899292,2026-09-14T21:30:19
mimic_transfer,pfm_s2,next_time,5000,3500,2,1.0830068588256836,2026-09-14T21:33:55
mimic_transfer,pfm_s2,next_time,all,3500,0,1.0892314910888672,2026-09-14T21:31:21
mimic_transfer,pfm_s2,next_time,all,3500,1,1.08101224899292,2026-09-14T21:30:19
mimic_transfer,pfm_s2,next_time,all,3500,2,1.0830068588256836,2026-09-14T21:33:55
mimic_transfer,pfm_s2,remaining_count,0,0,0,1.971519112586975,2026-09-14T21:31:21
mimic_transfer,pfm_s2,remaining_count,0,0,1,1.9938098192214966,2026-09-14T21:30:19
mimic_transfer,pfm_s2,remaining_count,0,0,2,2.104480028152466,2026-09-14T21:33:55
mimic_transfer,pfm_s2,remaining_count,10,10,0,0.8131974339485168,2026-09-14T21:31:21
mimic_transfer,pfm_s2,remaining_count,10,10,1,0.7665549516677856,2026-09-14T21:30:19
mimic_transfer,pfm_s2,remaining_count,10,10,2,0.7402188181877136,2026-09-14T21:33:55
mimic_transfer,pfm_s2,remaining_count,100,100,0,0.657561182975769,2026-09-14T21:31:21
mimic_transfer,pfm_s2,remaining_count,100,100,1,0.6704829931259155,2026-09-14T21:30:19
mimic_transfer,pfm_s2,remaining_count,100,100,2,0.6485353112220764,2026-09-14T21:33:55
mimic_transfer,pfm_s2,remaining_count,1000,1000,0,0.5646291375160217,2026-09-14T21:31:21
mimic_transfer,pfm_s2,remaining_count,1000,1000,1,0.5756545066833496,2026-09-14T21:30:19
mimic_transfer,pfm_s2,remaining_count,1000,1000,2,0.5672131776809692,2026-09-14T21:33:55
mimic_transfer,pfm_s2,remaining_count,30,30,0,0.7622596621513367,2026-09-14T21:31:21
mimic_transfer,pfm_s2,remaining_count,30,30,1,0.8138482570648193,2026-09-14T21:30:19
mimic_transfer,pfm_s2,remaining_count,30,30,2,0.7297347784042358,2026-09-14T21:33:55
mimic_transfer,pfm_s2,remaining_count,300,300,0,0.6202915906906128,2026-09-14T21:31:21
mimic_transfer,pfm_s2,remaining_count,300,300,1,0.6203002333641052,2026-09-14T21:30:19
mimic_transfer,pfm_s2,remaining_count,300,300,2,0.608741819858551,2026-09-14T21:33:55
mimic_transfer,pfm_s2,remaining_count,5000,3500,0,0.5362243056297302,2026-09-14T21:31:21
mimic_transfer,pfm_s2,remaining_count,5000,3500,1,0.578464925289154,2026-09-14T21:30:19
mimic_transfer,pfm_s2,remaining_count,5000,3500,2,0.5764351487159729,2026-09-14T21:33:55
mimic_transfer,pfm_s2,remaining_count,all,3500,0,0.5362243056297302,2026-09-14T21:31:21
mimic_transfer,pfm_s2,remaining_count,all,3500,1,0.578464925289154,2026-09-14T21:30:19
mimic_transfer,pfm_s2,remaining_count,all,3500,2,0.5764351487159729,2026-09-14T21:33:55
mimic_transfer,pfm_s2,remaining_time,0,0,0,3.308612823486328,2026-09-14T21:31:21
mimic_transfer,pfm_s2,remaining_time,0,0,1,3.3086133003234863,2026-09-14T21:30:19
mimic_transfer,pfm_s2,remaining_time,0,0,2,3.3086140155792236,2026-09-14T21:33:55
mimic_transfer,pfm_s2,remaining_time,10,10,0,2.9920029640197754,2026-09-14T21:31:21
mimic_transfer,pfm_s2,remaining_time,10,10,1,3.0995471477508545,2026-09-14T21:30:19
mimic_transfer,pfm_s2,remaining_time,10,10,2,3.0600342750549316,2026-09-14T21:33:55
mimic_transfer,pfm_s2,remaining_time,100,100,0,3.0581581592559814,2026-09-14T21:31:21
mimic_transfer,pfm_s2,remaining_time,100,100,1,2.9778003692626953,2026-09-14T21:30:19
mimic_transfer,pfm_s2,remaining_time,100,100,2,3.057978868484497,2026-09-14T21:33:55
mimic_transfer,pfm_s2,remaining_time,1000,1000,0,2.66420841217041,2026-09-14T21:31:21
mimic_transfer,pfm_s2,remaining_time,1000,1000,1,2.6799979209899902,2026-09-14T21:30:19
mimic_transfer,pfm_s2,remaining_time,1000,1000,2,2.7111563682556152,2026-09-14T21:33:55
mimic_transfer,pfm_s2,remaining_time,30,30,0,3.152527093887329,2026-09-14T21:31:21
mimic_transfer,pfm_s2,remaining_time,30,30,1,3.0534541606903076,2026-09-14T21:30:19
mimic_transfer,pfm_s2,remaining_time,30,30,2,3.11226224899292,2026-09-14T21:33:55
mimic_transfer,pfm_s2,remaining_time,300,300,0,2.87626314163208,2026-09-14T21:31:21
mimic_transfer,pfm_s2,remaining_time,300,300,1,2.699789047241211,2026-09-14T21:30:19
mimic_transfer,pfm_s2,remaining_time,300,300,2,2.7858774662017822,2026-09-14T21:33:55
mimic_transfer,pfm_s2,remaining_time,5000,3500,0,2.43672776222229,2026-09-14T21:31:21
mimic_transfer,pfm_s2,remaining_time,5000,3500,1,2.439692735671997,2026-09-14T21:30:19
mimic_transfer,pfm_s2,remaining_time,5000,3500,2,2.451099395751953,2026-09-14T21:33:55
mimic_transfer,pfm_s2,remaining_time,all,3500,0,2.43672776222229,2026-09-14T21:31:21
mimic_transfer,pfm_s2,remaining_time,all,3500,1,2.439692735671997,2026-09-14T21:30:19
mimic_transfer,pfm_s2,remaining_time,all,3500,2,2.451099395751953,2026-09-14T21:33:55
mimic_transfer,pfm_scratch,future_activity_set,0,0,0,0.13067246973514557,2026-09-14T23:35:04
mimic_transfer,pfm_scratch,future_activity_set,0,0,1,0.12247628718614578,2026-09-14T23:42:55
mimic_transfer,pfm_scratch,future_activity_set,0,0,2,0.03154922276735306,2026-09-14T23:43:01
mimic_transfer,pfm_scratch,future_activity_set,10,10,0,0.7170334458351135,2026-09-14T23:35:04
mimic_transfer,pfm_scratch,future_activity_set,10,10,1,0.8112449645996094,2026-09-14T23:42:55
mimic_transfer,pfm_scratch,future_activity_set,10,10,2,0.7244694828987122,2026-09-14T23:43:01
mimic_transfer,pfm_scratch,future_activity_set,100,100,0,0.8199573755264282,2026-09-14T23:35:04
mimic_transfer,pfm_scratch,future_activity_set,100,100,1,0.8207588791847229,2026-09-14T23:42:55
mimic_transfer,pfm_scratch,future_activity_set,100,100,2,0.7132040858268738,2026-09-14T23:43:01
mimic_transfer,pfm_scratch,future_activity_set,1000,1000,0,0.8220956921577454,2026-09-14T23:35:04
mimic_transfer,pfm_scratch,future_activity_set,1000,1000,1,0.7170009613037109,2026-09-14T23:42:55
mimic_transfer,pfm_scratch,future_activity_set,1000,1000,2,0.7148684859275818,2026-09-14T23:43:01
mimic_transfer,pfm_scratch,future_activity_set,30,30,0,0.702233076095581,2026-09-14T23:35:04
mimic_transfer,pfm_scratch,future_activity_set,30,30,1,0.7250125408172607,2026-09-14T23:42:55
mimic_transfer,pfm_scratch,future_activity_set,30,30,2,0.715203046798706,2026-09-14T23:43:01
mimic_transfer,pfm_scratch,future_activity_set,300,300,0,0.8208544254302979,2026-09-14T23:35:04
mimic_transfer,pfm_scratch,future_activity_set,300,300,1,0.8196721076965332,2026-09-14T23:42:55
mimic_transfer,pfm_scratch,future_activity_set,300,300,2,0.8202716112136841,2026-09-14T23:43:01
mimic_transfer,pfm_scratch,future_activity_set,5000,3500,0,0.8188180923461914,2026-09-14T23:35:04
mimic_transfer,pfm_scratch,future_activity_set,5000,3500,1,0.8228632211685181,2026-09-14T23:42:55
mimic_transfer,pfm_scratch,future_activity_set,5000,3500,2,0.8245676159858704,2026-09-14T23:43:01
mimic_transfer,pfm_scratch,future_activity_set,all,3500,0,0.8188180923461914,2026-09-14T23:35:04
mimic_transfer,pfm_scratch,future_activity_set,all,3500,1,0.8228632211685181,2026-09-14T23:42:55
mimic_transfer,pfm_scratch,future_activity_set,all,3500,2,0.8245676159858704,2026-09-14T23:43:01
mimic_transfer,pfm_scratch,next_3_activities,0,0,0,0.022727273404598236,2026-09-14T23:35:04
mimic_transfer,pfm_scratch,next_3_activities,0,0,1,0.018013468012213707,2026-09-14T23:42:55
mimic_transfer,pfm_scratch,next_3_activities,0,0,2,0.0055555556900799274,2026-09-14T23:43:01
mimic_transfer,pfm_scratch,next_3_activities,10,10,0,0.54747474193573,2026-09-14T23:35:04
mimic_transfer,pfm_scratch,next_3_activities,10,10,1,0.532996654510498,2026-09-14T23:42:55
mimic_transfer,pfm_scratch,next_3_activities,10,10,2,0.5488215684890747,2026-09-14T23:43:01
mimic_transfer,pfm_scratch,next_3_activities,100,100,0,0.5619528889656067,2026-09-14T23:35:04
mimic_transfer,pfm_scratch,next_3_activities,100,100,1,0.5649831891059875,2026-09-14T23:42:55
mimic_transfer,pfm_scratch,next_3_activities,100,100,2,0.5634680390357971,2026-09-14T23:43:01
mimic_transfer,pfm_scratch,next_3_activities,1000,1000,0,0.5941077470779419,2026-09-14T23:35:04
mimic_transfer,pfm_scratch,next_3_activities,1000,1000,1,0.5954545736312866,2026-09-14T23:42:55
mimic_transfer,pfm_scratch,next_3_activities,1000,1000,2,0.5841751098632812,2026-09-14T23:43:01
mimic_transfer,pfm_scratch,next_3_activities,30,30,0,0.5574073791503906,2026-09-14T23:35:04
mimic_transfer,pfm_scratch,next_3_activities,30,30,1,0.530976414680481,2026-09-14T23:42:55
mimic_transfer,pfm_scratch,next_3_activities,30,30,2,0.5638046860694885,2026-09-14T23:43:01
mimic_transfer,pfm_scratch,next_3_activities,300,300,0,0.5688552260398865,2026-09-14T23:35:04
mimic_transfer,pfm_scratch,next_3_activities,300,300,1,0.5654882192611694,2026-09-14T23:42:55
mimic_transfer,pfm_scratch,next_3_activities,300,300,2,0.5895622968673706,2026-09-14T23:43:01
mimic_transfer,pfm_scratch,next_3_activities,5000,3500,0,0.598316490650177,2026-09-14T23:35:04
mimic_transfer,pfm_scratch,next_3_activities,5000,3500,1,0.5991582274436951,2026-09-14T23:42:55
mimic_transfer,pfm_scratch,next_3_activities,5000,3500,2,0.6013467907905579,2026-09-14T23:43:01
mimic_transfer,pfm_scratch,next_3_activities,all,3500,0,0.598316490650177,2026-09-14T23:35:04
mimic_transfer,pfm_scratch,next_3_activities,all,3500,1,0.5991582274436951,2026-09-14T23:42:55
mimic_transfer,pfm_scratch,next_3_activities,all,3500,2,0.6013467907905579,2026-09-14T23:43:01
mimic_transfer,pfm_scratch,next_5_activities,0,0,0,0.028491290286183357,2026-09-14T23:35:04
mimic_transfer,pfm_scratch,next_5_activities,0,0,1,0.0073811630718410015,2026-09-14T23:42:55
mimic_transfer,pfm_scratch,next_5_activities,0,0,2,0.029672276228666306,2026-09-14T23:43:01
mimic_transfer,pfm_scratch,next_5_activities,10,10,0,0.5425155162811279,2026-09-14T23:35:04
mimic_transfer,pfm_scratch,next_5_activities,10,10,1,0.527310311794281,2026-09-14T23:42:55
mimic_transfer,pfm_scratch,next_5_activities,10,10,2,0.540448784828186,2026-09-14T23:43:01
mimic_transfer,pfm_scratch,next_5_activities,100,100,0,0.559196949005127,2026-09-14T23:35:04
mimic_transfer,pfm_scratch,next_5_activities,100,100,1,0.5473870635032654,2026-09-14T23:42:55
mimic_transfer,pfm_scratch,next_5_activities,100,100,2,0.5566873550415039,2026-09-14T23:43:01
mimic_transfer,pfm_scratch,next_5_activities,1000,1000,0,0.5788308382034302,2026-09-14T23:35:04
mimic_transfer,pfm_scratch,next_5_activities,1000,1000,1,0.578387975692749,2026-09-14T23:42:55
mimic_transfer,pfm_scratch,next_5_activities,1000,1000,2,0.576468825340271,2026-09-14T23:43:01
mimic_transfer,pfm_scratch,next_5_activities,30,30,0,0.5525538921356201,2026-09-14T23:35:04
mimic_transfer,pfm_scratch,next_5_activities,30,30,1,0.5286388993263245,2026-09-14T23:42:55
mimic_transfer,pfm_scratch,next_5_activities,30,30,2,0.5518157482147217,2026-09-14T23:43:01
mimic_transfer,pfm_scratch,next_5_activities,300,300,0,0.5673162341117859,2026-09-14T23:35:04
mimic_transfer,pfm_scratch,next_5_activities,300,300,1,0.5686448216438293,2026-09-14T23:42:55
mimic_transfer,pfm_scratch,next_5_activities,300,300,2,0.5720401406288147,2026-09-14T23:43:01
mimic_transfer,pfm_scratch,next_5_activities,5000,3500,0,0.5832595229148865,2026-09-14T23:35:04
mimic_transfer,pfm_scratch,next_5_activities,5000,3500,1,0.5813404321670532,2026-09-14T23:42:55
mimic_transfer,pfm_scratch,next_5_activities,5000,3500,2,0.5808975696563721,2026-09-14T23:43:01
mimic_transfer,pfm_scratch,next_5_activities,all,3500,0,0.5832595229148865,2026-09-14T23:35:04
mimic_transfer,pfm_scratch,next_5_activities,all,3500,1,0.5813404321670532,2026-09-14T23:42:55
mimic_transfer,pfm_scratch,next_5_activities,all,3500,2,0.5808975696563721,2026-09-14T23:43:01
mimic_transfer,pfm_scratch,next_activity,0,0,0,0.015384615398943424,2026-09-14T23:35:04
mimic_transfer,pfm_scratch,next_activity,0,0,1,0.01245421264320612,2026-09-14T23:42:55
mimic_transfer,pfm_scratch,next_activity,0,0,2,0.0025641026441007853,2026-09-14T23:43:01
mimic_transfer,pfm_scratch,next_activity,10,10,0,0.563003659248352,2026-09-14T23:35:04
mimic_transfer,pfm_scratch,next_activity,10,10,1,0.5743589997291565,2026-09-14T23:42:55
mimic_transfer,pfm_scratch,next_activity,10,10,2,0.567399263381958,2026-09-14T23:43:01
mimic_transfer,pfm_scratch,next_activity,100,100,0,0.5875458121299744,2026-09-14T23:35:04
mimic_transfer,pfm_scratch,next_activity,100,100,1,0.48058608174324036,2026-09-14T23:42:55
mimic_transfer,pfm_scratch,next_activity,100,100,2,0.5824176073074341,2026-09-14T23:43:01
mimic_transfer,pfm_scratch,next_activity,1000,1000,0,0.6098901033401489,2026-09-14T23:35:04
mimic_transfer,pfm_scratch,next_activity,1000,1000,1,0.6051282286643982,2026-09-14T23:42:55
mimic_transfer,pfm_scratch,next_activity,1000,1000,2,0.6109890341758728,2026-09-14T23:43:01
mimic_transfer,pfm_scratch,next_activity,30,30,0,0.5838828086853027,2026-09-14T23:35:04
mimic_transfer,pfm_scratch,next_activity,30,30,1,0.5472527742385864,2026-09-14T23:42:55
mimic_transfer,pfm_scratch,next_activity,30,30,2,0.5706959962844849,2026-09-14T23:43:01
mimic_transfer,pfm_scratch,next_activity,300,300,0,0.58681321144104,2026-09-14T23:35:04
mimic_transfer,pfm_scratch,next_activity,300,300,1,0.6014652252197266,2026-09-14T23:42:55
mimic_transfer,pfm_scratch,next_activity,300,300,2,0.5875458121299744,2026-09-14T23:43:01
mimic_transfer,pfm_scratch,next_activity,5000,3500,0,0.5974358916282654,2026-09-14T23:35:04
mimic_transfer,pfm_scratch,next_activity,5000,3500,1,0.6175824403762817,2026-09-14T23:42:55
mimic_transfer,pfm_scratch,next_activity,5000,3500,2,0.6029304265975952,2026-09-14T23:43:01
mimic_transfer,pfm_scratch,next_activity,all,3500,0,0.5974358916282654,2026-09-14T23:35:04
mimic_transfer,pfm_scratch,next_activity,all,3500,1,0.6175824403762817,2026-09-14T23:42:55
mimic_transfer,pfm_scratch,next_activity,all,3500,2,0.6029304265975952,2026-09-14T23:43:01
mimic_transfer,pfm_scratch,next_time,0,0,0,1.3825762271881104,2026-09-14T23:35:04
mimic_transfer,pfm_scratch,next_time,0,0,1,1.3825761079788208,2026-09-14T23:42:55
mimic_transfer,pfm_scratch,next_time,0,0,2,1.3825762271881104,2026-09-14T23:43:01
mimic_transfer,pfm_scratch,next_time,10,10,0,1.2112902402877808,2026-09-14T23:35:04
mimic_transfer,pfm_scratch,next_time,10,10,1,1.33476722240448,2026-09-14T23:42:55
mimic_transfer,pfm_scratch,next_time,10,10,2,1.3086771965026855,2026-09-14T23:43:01
mimic_transfer,pfm_scratch,next_time,100,100,0,1.3344305753707886,2026-09-14T23:35:04
mimic_transfer,pfm_scratch,next_time,100,100,1,1.1230164766311646,2026-09-14T23:42:55
mimic_transfer,pfm_scratch,next_time,100,100,2,1.3339505195617676,2026-09-14T23:43:01
mimic_transfer,pfm_scratch,next_time,1000,1000,0,1.058847188949585,2026-09-14T23:35:04
mimic_transfer,pfm_scratch,next_time,1000,1000,1,1.038081169128418,2026-09-14T23:42:55
mimic_transfer,pfm_scratch,next_time,1000,1000,2,1.038651704788208,2026-09-14T23:43:01
mimic_transfer,pfm_scratch,next_time,30,30,0,1.1724681854248047,2026-09-14T23:35:04
mimic_transfer,pfm_scratch,next_time,30,30,1,1.3349276781082153,2026-09-14T23:42:55
mimic_transfer,pfm_scratch,next_time,30,30,2,1.3034656047821045,2026-09-14T23:43:01
mimic_transfer,pfm_scratch,next_time,300,300,0,1.060618281364441,2026-09-14T23:35:04
mimic_transfer,pfm_scratch,next_time,300,300,1,1.0393097400665283,2026-09-14T23:42:55
mimic_transfer,pfm_scratch,next_time,300,300,2,1.0453399419784546,2026-09-14T23:43:01
mimic_transfer,pfm_scratch,next_time,5000,3500,0,1.0382585525512695,2026-09-14T23:35:04
mimic_transfer,pfm_scratch,next_time,5000,3500,1,1.0347257852554321,2026-09-14T23:42:55
mimic_transfer,pfm_scratch,next_time,5000,3500,2,1.0268797874450684,2026-09-14T23:43:01
mimic_transfer,pfm_scratch,next_time,all,3500,0,1.0382585525512695,2026-09-14T23:35:04
mimic_transfer,pfm_scratch,next_time,all,3500,1,1.0347257852554321,2026-09-14T23:42:55
mimic_transfer,pfm_scratch,next_time,all,3500,2,1.0268797874450684,2026-09-14T23:43:01
mimic_transfer,pfm_scratch,remaining_count,0,0,0,2.2823781967163086,2026-09-14T23:35:04
mimic_transfer,pfm_scratch,remaining_count,0,0,1,2.04978346824646,2026-09-14T23:42:55
mimic_transfer,pfm_scratch,remaining_count,0,0,2,2.355111598968506,2026-09-14T23:43:01
mimic_transfer,pfm_scratch,remaining_count,10,10,0,0.8918278813362122,2026-09-14T23:35:04
mimic_transfer,pfm_scratch,remaining_count,10,10,1,0.6590632796287537,2026-09-14T23:42:55
mimic_transfer,pfm_scratch,remaining_count,10,10,2,0.9713157415390015,2026-09-14T23:43:01
mimic_transfer,pfm_scratch,remaining_count,100,100,0,0.5645986199378967,2026-09-14T23:35:04
mimic_transfer,pfm_scratch,remaining_count,100,100,1,0.5455744862556458,2026-09-14T23:42:55
mimic_transfer,pfm_scratch,remaining_count,100,100,2,0.5706219673156738,2026-09-14T23:43:01
mimic_transfer,pfm_scratch,remaining_count,1000,1000,0,0.5571073889732361,2026-09-14T23:35:04
mimic_transfer,pfm_scratch,remaining_count,1000,1000,1,0.502803385257721,2026-09-14T23:42:55
mimic_transfer,pfm_scratch,remaining_count,1000,1000,2,1.018142819404602,2026-09-14T23:43:01
mimic_transfer,pfm_scratch,remaining_count,30,30,0,0.6044703722000122,2026-09-14T23:35:04
mimic_transfer,pfm_scratch,remaining_count,30,30,1,0.6354566812515259,2026-09-14T23:42:55
mimic_transfer,pfm_scratch,remaining_count,30,30,2,0.6487794518470764,2026-09-14T23:43:01
mimic_transfer,pfm_scratch,remaining_count,300,300,0,0.556876003742218,2026-09-14T23:35:04
mimic_transfer,pfm_scratch,remaining_count,300,300,1,0.5808493494987488,2026-09-14T23:42:55
mimic_transfer,pfm_scratch,remaining_count,300,300,2,0.6356627941131592,2026-09-14T23:43:01
mimic_transfer,pfm_scratch,remaining_count,5000,3500,0,0.9128425121307373,2026-09-14T23:35:04
mimic_transfer,pfm_scratch,remaining_count,5000,3500,1,0.5109229683876038,2026-09-14T23:42:55
mimic_transfer,pfm_scratch,remaining_count,5000,3500,2,0.4801912009716034,2026-09-14T23:43:01
mimic_transfer,pfm_scratch,remaining_count,all,3500,0,0.9128425121307373,2026-09-14T23:35:04
mimic_transfer,pfm_scratch,remaining_count,all,3500,1,0.5109229683876038,2026-09-14T23:42:55
mimic_transfer,pfm_scratch,remaining_count,all,3500,2,0.4801912009716034,2026-09-14T23:43:01
mimic_transfer,pfm_scratch,remaining_time,0,0,0,3.3086140155792236,2026-09-14T23:35:04
mimic_transfer,pfm_scratch,remaining_time,0,0,1,3.3086140155792236,2026-09-14T23:42:55
mimic_transfer,pfm_scratch,remaining_time,0,0,2,3.3086140155792236,2026-09-14T23:43:01
mimic_transfer,pfm_scratch,remaining_time,10,10,0,2.944335460662842,2026-09-14T23:35:04
mimic_transfer,pfm_scratch,remaining_time,10,10,1,2.8943045139312744,2026-09-14T23:42:55
mimic_transfer,pfm_scratch,remaining_time,10,10,2,2.672168016433716,2026-09-14T23:43:01
mimic_transfer,pfm_scratch,remaining_time,100,100,0,2.952700614929199,2026-09-14T23:35:04
mimic_transfer,pfm_scratch,remaining_time,100,100,1,2.588792562484741,2026-09-14T23:42:55
mimic_transfer,pfm_scratch,remaining_time,100,100,2,2.4673960208892822,2026-09-14T23:43:01
mimic_transfer,pfm_scratch,remaining_time,1000,1000,0,2.433941125869751,2026-09-14T23:35:04
mimic_transfer,pfm_scratch,remaining_time,1000,1000,1,3.0320425033569336,2026-09-14T23:42:55
mimic_transfer,pfm_scratch,remaining_time,1000,1000,2,2.8637375831604004,2026-09-14T23:43:01
mimic_transfer,pfm_scratch,remaining_time,30,30,0,2.5849533081054688,2026-09-14T23:35:04
mimic_transfer,pfm_scratch,remaining_time,30,30,1,2.893855571746826,2026-09-14T23:42:55
mimic_transfer,pfm_scratch,remaining_time,30,30,2,2.865061044692993,2026-09-14T23:43:01
mimic_transfer,pfm_scratch,remaining_time,300,300,0,2.868239641189575,2026-09-14T23:35:04
mimic_transfer,pfm_scratch,remaining_time,300,300,1,2.9192354679107666,2026-09-14T23:42:55
mimic_transfer,pfm_scratch,remaining_time,300,300,2,2.8638834953308105,2026-09-14T23:43:01
mimic_transfer,pfm_scratch,remaining_time,5000,3500,0,2.3912241458892822,2026-09-14T23:35:04
mimic_transfer,pfm_scratch,remaining_time,5000,3500,1,2.4780139923095703,2026-09-14T23:42:55
mimic_transfer,pfm_scratch,remaining_time,5000,3500,2,2.533169984817505,2026-09-14T23:43:01
mimic_transfer,pfm_scratch,remaining_time,all,3500,0,2.3912241458892822,2026-09-14T23:35:04
mimic_transfer,pfm_scratch,remaining_time,all,3500,1,2.4780139923095703,2026-09-14T23:42:55
mimic_transfer,pfm_scratch,remaining_time,all,3500,2,2.533169984817505,2026-09-14T23:43:01
mimic_transfer,random_role,future_activity_set,0,0,0,0.130670964717865,2026-09-06T17:49:18
mimic_transfer,random_role,future_activity_set,0,0,1,0.12247628718614578,2026-09-06T17:50:15
mimic_transfer,random_role,future_activity_set,0,0,2,0.03154922276735306,2026-09-06T17:50:57
mimic_transfer,random_role,future_activity_set,10,10,0,0.7780215740203857,2026-09-06T17:49:18
mimic_transfer,random_role,future_activity_set,10,10,1,0.775002121925354,2026-09-06T17:50:15
mimic_transfer,random_role,future_activity_set,10,10,2,0.7435497641563416,2026-09-06T17:50:57
mimic_transfer,random_role,future_activity_set,100,100,0,0.7650021910667419,2026-09-06T17:49:18
mimic_transfer,random_role,future_activity_set,100,100,1,0.749190092086792,2026-09-06T17:50:15
mimic_transfer,random_role,future_activity_set,100,100,2,0.7346522808074951,2026-09-06T17:50:57
mimic_transfer,random_role,future_activity_set,1000,1000,0,0.747061014175415,2026-09-06T17:49:18
mimic_transfer,random_role,future_activity_set,1000,1000,1,0.7628375291824341,2026-09-06T17:50:15
mimic_transfer,random_role,future_activity_set,1000,1000,2,0.7235801219940186,2026-09-06T17:50:57
mimic_transfer,random_role,future_activity_set,30,30,0,0.763009786605835,2026-09-06T17:49:18
mimic_transfer,random_role,future_activity_set,30,30,1,0.7509267926216125,2026-09-06T17:50:15
mimic_transfer,random_role,future_activity_set,30,30,2,0.7298707962036133,2026-09-06T17:50:57
mimic_transfer,random_role,future_activity_set,300,300,0,0.7673963308334351,2026-09-06T17:49:18
mimic_transfer,random_role,future_activity_set,300,300,1,0.787715494632721,2026-09-06T17:50:15
mimic_transfer,random_role,future_activity_set,300,300,2,0.7453106045722961,2026-09-06T17:50:57
mimic_transfer,random_role,future_activity_set,5000,3500,0,0.7534121870994568,2026-09-06T17:49:18
mimic_transfer,random_role,future_activity_set,5000,3500,1,0.7926509380340576,2026-09-06T17:50:15
mimic_transfer,random_role,future_activity_set,5000,3500,2,0.7662432193756104,2026-09-06T17:50:57
mimic_transfer,random_role,future_activity_set,all,3500,0,0.7534121870994568,2026-09-06T17:49:18
mimic_transfer,random_role,future_activity_set,all,3500,1,0.7926509380340576,2026-09-06T17:50:15
mimic_transfer,random_role,future_activity_set,all,3500,2,0.7662432193756104,2026-09-06T17:50:57
mimic_transfer,random_role,next_3_activities,0,0,0,0.022727273404598236,2026-09-06T17:49:18
mimic_transfer,random_role,next_3_activities,0,0,1,0.018013468012213707,2026-09-06T17:50:15
mimic_transfer,random_role,next_3_activities,0,0,2,0.0055555556900799274,2026-09-06T17:50:57
mimic_transfer,random_role,next_3_activities,10,10,0,0.507239043712616,2026-09-06T17:49:18
mimic_transfer,random_role,next_3_activities,10,10,1,0.5057238936424255,2026-09-06T17:50:15
mimic_transfer,random_role,next_3_activities,10,10,2,0.5348485112190247,2026-09-06T17:50:57
mimic_transfer,random_role,next_3_activities,100,100,0,0.5570707321166992,2026-09-06T17:49:18
mimic_transfer,random_role,next_3_activities,100,100,1,0.5306397080421448,2026-09-06T17:50:15
mimic_transfer,random_role,next_3_activities,100,100,2,0.5048821568489075,2026-09-06T17:50:57
mimic_transfer,random_role,next_3_activities,1000,1000,0,0.5397306680679321,2026-09-06T17:49:18
mimic_transfer,random_role,next_3_activities,1000,1000,1,0.5254209041595459,2026-09-06T17:50:15
mimic_transfer,random_role,next_3_activities,1000,1000,2,0.5297979712486267,2026-09-06T17:50:57
mimic_transfer,random_role,next_3_activities,30,30,0,0.556734025478363,2026-09-06T17:49:18
mimic_transfer,random_role,next_3_activities,30,30,1,0.5225589275360107,2026-09-06T17:50:15
mimic_transfer,random_role,next_3_activities,30,30,2,0.5122895836830139,2026-09-06T17:50:57
mimic_transfer,random_role,next_3_activities,300,300,0,0.5430976152420044,2026-09-06T17:49:18
mimic_transfer,random_role,next_3_activities,300,300,1,0.5358585715293884,2026-09-06T17:50:15
mimic_transfer,random_role,next_3_activities,300,300,2,0.5496633052825928,2026-09-06T17:50:57
mimic_transfer,random_role,next_3_activities,5000,3500,0,0.5338383913040161,2026-09-06T17:49:18
mimic_transfer,random_role,next_3_activities,5000,3500,1,0.5267676711082458,2026-09-06T17:50:15
mimic_transfer,random_role,next_3_activities,5000,3500,2,0.5434343218803406,2026-09-06T17:50:57
mimic_transfer,random_role,next_3_activities,all,3500,0,0.5338383913040161,2026-09-06T17:49:18
mimic_transfer,random_role,next_3_activities,all,3500,1,0.5267676711082458,2026-09-06T17:50:15
mimic_transfer,random_role,next_3_activities,all,3500,2,0.5434343218803406,2026-09-06T17:50:57
mimic_transfer,random_role,next_5_activities,0,0,0,0.028491290286183357,2026-09-06T17:49:18
mimic_transfer,random_role,next_5_activities,0,0,1,0.0073811630718410015,2026-09-06T17:50:15
mimic_transfer,random_role,next_5_activities,0,0,2,0.029672276228666306,2026-09-06T17:50:57
mimic_transfer,random_role,next_5_activities,10,10,0,0.49867138266563416,2026-09-06T17:49:18
mimic_transfer,random_role,next_5_activities,10,10,1,0.5110717415809631,2026-09-06T17:50:15
mimic_transfer,random_role,next_5_activities,10,10,2,0.5233244895935059,2026-09-06T17:50:57
mimic_transfer,random_role,next_5_activities,100,100,0,0.5290817618370056,2026-09-06T17:49:18
mimic_transfer,random_role,next_5_activities,100,100,1,0.5299675464630127,2026-09-06T17:50:15
mimic_transfer,random_role,next_5_activities,100,100,2,0.5355771780014038,2026-09-06T17:50:57
mimic_transfer,random_role,next_5_activities,1000,1000,0,0.5219958424568176,2026-09-06T17:49:18
mimic_transfer,random_role,next_5_activities,1000,1000,1,0.5386772751808167,2026-09-06T17:50:15
mimic_transfer,random_role,next_5_activities,1000,1000,2,0.5332152247428894,2026-09-06T17:50:57
mimic_transfer,random_role,next_5_activities,30,30,0,0.5088573694229126,2026-09-06T17:49:18
mimic_transfer,random_role,next_5_activities,30,30,1,0.5287865400314331,2026-09-06T17:50:15
mimic_transfer,random_role,next_5_activities,30,30,2,0.5349867343902588,2026-09-06T17:50:57
mimic_transfer,random_role,next_5_activities,300,300,0,0.5376439094543457,2026-09-06T17:49:18
mimic_transfer,random_role,next_5_activities,300,300,1,0.5394154191017151,2026-09-06T17:50:15
mimic_transfer,random_role,next_5_activities,300,300,2,0.5405964255332947,2026-09-06T17:50:57
mimic_transfer,random_role,next_5_activities,5000,3500,0,0.5324771404266357,2026-09-06T17:49:18
mimic_transfer,random_role,next_5_activities,5000,3500,1,0.5385296940803528,2026-09-06T17:50:15
mimic_transfer,random_role,next_5_activities,5000,3500,2,0.5348390936851501,2026-09-06T17:50:57
mimic_transfer,random_role,next_5_activities,all,3500,0,0.5324771404266357,2026-09-06T17:49:18
mimic_transfer,random_role,next_5_activities,all,3500,1,0.5385296940803528,2026-09-06T17:50:15
mimic_transfer,random_role,next_5_activities,all,3500,2,0.5348390936851501,2026-09-06T17:50:57
mimic_transfer,random_role,next_activity,0,0,0,0.015384615398943424,2026-09-06T17:49:18
mimic_transfer,random_role,next_activity,0,0,1,0.01245421264320612,2026-09-06T17:50:15
mimic_transfer,random_role,next_activity,0,0,2,0.0025641026441007853,2026-09-06T17:50:57
mimic_transfer,random_role,next_activity,10,10,0,0.2747252881526947,2026-09-06T17:49:18
mimic_transfer,random_role,next_activity,10,10,1,0.4644688665866852,2026-09-06T17:50:15
mimic_transfer,random_role,next_activity,10,10,2,0.5161172151565552,2026-09-06T17:50:57
mimic_transfer,random_role,next_activity,100,100,0,0.5340659618377686,2026-09-06T17:49:18
mimic_transfer,random_role,next_activity,100,100,1,0.5234432220458984,2026-09-06T17:50:15
mimic_transfer,random_role,next_activity,100,100,2,0.4923076927661896,2026-09-06T17:50:57
mimic_transfer,random_role,next_activity,1000,1000,0,0.4802197813987732,2026-09-06T17:49:18
mimic_transfer,random_role,next_activity,1000,1000,1,0.5047619342803955,2026-09-06T17:50:15
mimic_transfer,random_role,next_activity,1000,1000,2,0.5150183439254761,2026-09-06T17:50:57
mimic_transfer,random_role,next_activity,30,30,0,0.535897433757782,2026-09-06T17:49:18
mimic_transfer,random_role,next_activity,30,30,1,0.5036630034446716,2026-09-06T17:50:15
mimic_transfer,random_role,next_activity,30,30,2,0.5065934062004089,2026-09-06T17:50:57
mimic_transfer,random_role,next_activity,300,300,0,0.521611750125885,2026-09-06T17:49:18
mimic_transfer,random_role,next_activity,300,300,1,0.5212454199790955,2026-09-06T17:50:15
mimic_transfer,random_role,next_activity,300,300,2,0.5267399549484253,2026-09-06T17:50:57
mimic_transfer,random_role,next_activity,5000,3500,0,0.47289377450942993,2026-09-06T17:49:18
mimic_transfer,random_role,next_activity,5000,3500,1,0.5212454199790955,2026-09-06T17:50:15
mimic_transfer,random_role,next_activity,5000,3500,2,0.49963369965553284,2026-09-06T17:50:57
mimic_transfer,random_role,next_activity,all,3500,0,0.47289377450942993,2026-09-06T17:49:18
mimic_transfer,random_role,next_activity,all,3500,1,0.5212454199790955,2026-09-06T17:50:15
mimic_transfer,random_role,next_activity,all,3500,2,0.49963369965553284,2026-09-06T17:50:57
mimic_transfer,random_role,next_time,0,0,0,1.3825762271881104,2026-09-06T17:49:18
mimic_transfer,random_role,next_time,0,0,1,1.3825761079788208,2026-09-06T17:50:15
mimic_transfer,random_role,next_time,0,0,2,1.3825762271881104,2026-09-06T17:50:57
mimic_transfer,random_role,next_time,10,10,0,1.3489100933074951,2026-09-06T17:49:18
mimic_transfer,random_role,next_time,10,10,1,1.3565857410430908,2026-09-06T17:50:15
mimic_transfer,random_role,next_time,10,10,2,1.3574873208999634,2026-09-06T17:50:57
mimic_transfer,random_role,next_time,100,100,0,1.3342552185058594,2026-09-06T17:49:18
mimic_transfer,random_role,next_time,100,100,1,1.3436027765274048,2026-09-06T17:50:15
mimic_transfer,random_role,next_time,100,100,2,1.3436305522918701,2026-09-06T17:50:57
mimic_transfer,random_role,next_time,1000,1000,0,1.206668734550476,2026-09-06T17:49:18
mimic_transfer,random_role,next_time,1000,1000,1,1.2169338464736938,2026-09-06T17:50:15
mimic_transfer,random_role,next_time,1000,1000,2,1.2826297283172607,2026-09-06T17:50:57
mimic_transfer,random_role,next_time,30,30,0,1.345948576927185,2026-09-06T17:49:18
mimic_transfer,random_role,next_time,30,30,1,1.354878306388855,2026-09-06T17:50:15
mimic_transfer,random_role,next_time,30,30,2,1.35268235206604,2026-09-06T17:50:57
mimic_transfer,random_role,next_time,300,300,0,1.2614437341690063,2026-09-06T17:49:18
mimic_transfer,random_role,next_time,300,300,1,1.265897274017334,2026-09-06T17:50:15
mimic_transfer,random_role,next_time,300,300,2,1.2699424028396606,2026-09-06T17:50:57
mimic_transfer,random_role,next_time,5000,3500,0,1.1198135614395142,2026-09-06T17:49:18
mimic_transfer,random_role,next_time,5000,3500,1,1.1182667016983032,2026-09-06T17:50:15
mimic_transfer,random_role,next_time,5000,3500,2,1.2547749280929565,2026-09-06T17:50:57
mimic_transfer,random_role,next_time,all,3500,0,1.1198135614395142,2026-09-06T17:49:18
mimic_transfer,random_role,next_time,all,3500,1,1.1182667016983032,2026-09-06T17:50:15
mimic_transfer,random_role,next_time,all,3500,2,1.2547749280929565,2026-09-06T17:50:57
mimic_transfer,random_role,remaining_count,0,0,0,2.2823781967163086,2026-09-06T17:49:18
mimic_transfer,random_role,remaining_count,0,0,1,2.049783706665039,2026-09-06T17:50:15
mimic_transfer,random_role,remaining_count,0,0,2,2.355111598968506,2026-09-06T17:50:57
mimic_transfer,random_role,remaining_count,10,10,0,0.9117196798324585,2026-09-06T17:49:18
mimic_transfer,random_role,remaining_count,10,10,1,0.8791060447692871,2026-09-06T17:50:15
mimic_transfer,random_role,remaining_count,10,10,2,0.6804990768432617,2026-09-06T17:50:57
mimic_transfer,random_role,remaining_count,100,100,0,0.663557231426239,2026-09-06T17:49:18
mimic_transfer,random_role,remaining_count,100,100,1,0.7230283617973328,2026-09-06T17:50:15
mimic_transfer,random_role,remaining_count,100,100,2,0.6727256774902344,2026-09-06T17:50:57
mimic_transfer,random_role,remaining_count,1000,1000,0,0.705774188041687,2026-09-06T17:49:18
mimic_transfer,random_role,remaining_count,1000,1000,1,0.9094201922416687,2026-09-06T17:50:15
mimic_transfer,random_role,remaining_count,1000,1000,2,0.8993788361549377,2026-09-06T17:50:57
mimic_transfer,random_role,remaining_count,30,30,0,0.794794499874115,2026-09-06T17:49:18
mimic_transfer,random_role,remaining_count,30,30,1,0.745485246181488,2026-09-06T17:50:15
mimic_transfer,random_role,remaining_count,30,30,2,0.7397903203964233,2026-09-06T17:50:57
mimic_transfer,random_role,remaining_count,300,300,0,0.6315261125564575,2026-09-06T17:49:18
mimic_transfer,random_role,remaining_count,300,300,1,0.8390634059906006,2026-09-06T17:50:15
mimic_transfer,random_role,remaining_count,300,300,2,0.7152889370918274,2026-09-06T17:50:57
mimic_transfer,random_role,remaining_count,5000,3500,0,0.6618248224258423,2026-09-06T17:49:18
mimic_transfer,random_role,remaining_count,5000,3500,1,0.890508234500885,2026-09-06T17:50:15
mimic_transfer,random_role,remaining_count,5000,3500,2,0.6556631922721863,2026-09-06T17:50:57
mimic_transfer,random_role,remaining_count,all,3500,0,0.6618248224258423,2026-09-06T17:49:18
mimic_transfer,random_role,remaining_count,all,3500,1,0.890508234500885,2026-09-06T17:50:15
mimic_transfer,random_role,remaining_count,all,3500,2,0.6556631922721863,2026-09-06T17:50:57
mimic_transfer,random_role,remaining_time,0,0,0,3.3086140155792236,2026-09-06T17:49:18
mimic_transfer,random_role,remaining_time,0,0,1,3.3086140155792236,2026-09-06T17:50:15
mimic_transfer,random_role,remaining_time,0,0,2,3.3086140155792236,2026-09-06T17:50:57
mimic_transfer,random_role,remaining_time,10,10,0,3.0598177909851074,2026-09-06T17:49:18
mimic_transfer,random_role,remaining_time,10,10,1,2.998265504837036,2026-09-06T17:50:15
mimic_transfer,random_role,remaining_time,10,10,2,3.00783109664917,2026-09-06T17:50:57
mimic_transfer,random_role,remaining_time,100,100,0,3.020230531692505,2026-09-06T17:49:18
mimic_transfer,random_role,remaining_time,100,100,1,2.99810528755188,2026-09-06T17:50:15
mimic_transfer,random_role,remaining_time,100,100,2,2.993006467819214,2026-09-06T17:50:57
mimic_transfer,random_role,remaining_time,1000,1000,0,2.8916497230529785,2026-09-06T17:49:18
mimic_transfer,random_role,remaining_time,1000,1000,1,2.9862990379333496,2026-09-06T17:50:15
mimic_transfer,random_role,remaining_time,1000,1000,2,2.9943113327026367,2026-09-06T17:50:57
mimic_transfer,random_role,remaining_time,30,30,0,3.0370285511016846,2026-09-06T17:49:18
mimic_transfer,random_role,remaining_time,30,30,1,3.171687602996826,2026-09-06T17:50:15
mimic_transfer,random_role,remaining_time,30,30,2,3.050337314605713,2026-09-06T17:50:57
mimic_transfer,random_role,remaining_time,300,300,0,2.9646525382995605,2026-09-06T17:49:18
mimic_transfer,random_role,remaining_time,300,300,1,2.976264715194702,2026-09-06T17:50:15
mimic_transfer,random_role,remaining_time,300,300,2,2.985220432281494,2026-09-06T17:50:57
mimic_transfer,random_role,remaining_time,5000,3500,0,2.924145460128784,2026-09-06T17:49:18
mimic_transfer,random_role,remaining_time,5000,3500,1,2.8762381076812744,2026-09-06T17:50:15
mimic_transfer,random_role,remaining_time,5000,3500,2,2.9651591777801514,2026-09-06T17:50:57
mimic_transfer,random_role,remaining_time,all,3500,0,2.924145460128784,2026-09-06T17:49:18
mimic_transfer,random_role,remaining_time,all,3500,1,2.8762381076812744,2026-09-06T17:50:15
mimic_transfer,random_role,remaining_time,all,3500,2,2.9651591777801514,2026-09-06T17:50:57
mimic_transfer,raw15,future_activity_set,all,3500,0,0.8216724395751953,2026-09-06T20:56:04
mimic_transfer,raw15,future_activity_set,all,3500,1,0.821317732334137,2026-09-06T20:57:54
mimic_transfer,raw15,future_activity_set,all,3500,2,0.821767270565033,2026-09-06T20:59:02
mimic_transfer,raw15,next_3_activities,all,3500,0,0.5836700201034546,2026-09-06T20:56:04
mimic_transfer,raw15,next_3_activities,all,3500,1,0.5895622968673706,2026-09-06T20:57:54
mimic_transfer,raw15,next_3_activities,all,3500,2,0.5897306203842163,2026-09-06T20:59:02
mimic_transfer,raw15,next_5_activities,all,3500,0,0.570416271686554,2026-09-06T20:56:04
mimic_transfer,raw15,next_5_activities,all,3500,1,0.568792462348938,2026-09-06T20:57:54
mimic_transfer,raw15,next_5_activities,all,3500,2,0.572925865650177,2026-09-06T20:59:02
mimic_transfer,raw15,next_activity,all,3500,0,0.60329669713974,2026-09-06T20:56:04
mimic_transfer,raw15,next_activity,all,3500,1,0.601098895072937,2026-09-06T20:57:54
mimic_transfer,raw15,next_activity,all,3500,2,0.6036630272865295,2026-09-06T20:59:02
mimic_transfer,raw15,next_time,all,3500,0,1.0561916828155518,2026-09-06T20:56:04
mimic_transfer,raw15,next_time,all,3500,1,1.0715899467468262,2026-09-06T20:57:54
mimic_transfer,raw15,next_time,all,3500,2,1.0994789600372314,2026-09-06T20:59:02
mimic_transfer,raw15,remaining_count,all,3500,0,0.5500701665878296,2026-09-06T20:56:04
mimic_transfer,raw15,remaining_count,all,3500,1,0.5161231160163879,2026-09-06T20:57:54
mimic_transfer,raw15,remaining_count,all,3500,2,0.5179703831672668,2026-09-06T20:59:02
mimic_transfer,raw15,remaining_time,all,3500,0,2.4560546875,2026-09-06T20:56:04
mimic_transfer,raw15,remaining_time,all,3500,1,2.411369562149048,2026-09-06T20:57:54
mimic_transfer,raw15,remaining_time,all,3500,2,2.4301364421844482,2026-09-06T20:59:02
